device_eui_group,gateway_id,frequency,datarate,rssi_snr,size,fcnt,type,time,details,source_file,source_id,file_stem,primary_id,mirror_id,all_ids,row_ids,structure_ids,test_date_hint,time_local,rssi,snr,detail_dev_addr_multicast_addr,detail_gweui,detail_appeui,detail_device_eui_group_name,detail_class_type,detail_immediately,detail_timestamp,detail_type,detail_adr,detail_adrackreq,detail_ack,detail_fcnt,detail_port,detail_modulation,detail_bandwidth,detail_spreadfactor,detail_bitrate,detail_coderate,detail_snr,detail_rssi,detail_power,detail_payloadb64,detail_payloadhex,detail_json,detail_mic,port,payload_hex,detail_json_obj,gpio_in_2,message_text,structure_id_candidates,source_structure_id,manual_structure_candidates,matched_run_candidates,matched_structure_candidates,structure_in_manual_json,manual_json_date,file_date_matches_manual_json,eligible_for_manual_mapping,run_id,run_date,structure_id,occurrence,manual_group,manual_group_status,manual_group_reliable,manual_offset_s,is_extra_tail_group,position_group,x_m,y_m,registered_start_time,interval_start_time,interval_end_time,is_final_group,is_extra_tail_group_window,manual_cutoff_time,position_received_packets,position_expected_packets_from_fcnt,position_missing_packets_from_fcnt,position_duplicate_fcnt_packets,position_fcnt_min,position_fcnt_max,position_packet_delivery_rate,position_packet_loss_rate,position_data_loss_rate,longer_sampling_source
24E124445E318071,24E124FFFEFE11C4,868100000,SF7BW125, -84/13.8,34,292,UpUnc,2026-06-25 09:24:09+00:00,"Dev Addr/Multicast Addr: 06139e8c
GwEUI: 24E124FFFEFE11C4
AppEUI: 24E124C0002A0001
Device EUI/Group Name: 24E124445E318071
Class Type: Class C
Immediately: -
Timestamp: 137281642
Type: UpUnc
Adr: false
AdrAcKReq: false
Ack: false
Fcnt: 292
Port: 86
Modulation: LORA
Bandwidth: 125
SpreadFactor: 7
Bitrate: 0
CodeRate: 4/5
SNR: 13.8
RSSI: -84
Power: -
Payload(b64): Q1VTVE9NTUVTU0FHRVRFU1RGT1JHUklEQUNUSVZBVElPTg==
Payload(hex): 435553544f4d4d45535341474554455354464f524752494441435449564154494f4e
JSON: {""text"":""CUSTOMMESSAGETESTFORGRIDACTIVATION""}
MIC: 473a2db9",25-6_r1356.csv,,25-6_r1356,1356,,[1356],[1356],['R1356'],2026-06-25,2026-06-25 11:24:09+02:00,-84.0,13.8,06139e8c,24E124FFFEFE11C4,24E124C0002A0001,24E124445E318071,Class C,-,137281642,UpUnc,false,false,false,292,86,LORA,125,7,0,4/5,13.8,-84,-,Q1VTVE9NTUVTU0FHRVRFU1RGT1JHUklEQUNUSVZBVElPTg==,435553544f4d4d45535341474554455354464f524752494441435449564154494f4e,"{""text"":""CUSTOMMESSAGETESTFORGRIDACTIVATION""}",473a2db9,86.0,435553544f4d4d45535341474554455354464f524752494441435449564154494f4e,{'text': 'CUSTOMMESSAGETESTFORGRIDACTIVATION'},,CUSTOMMESSAGETESTFORGRIDACTIVATION,['R1356'],R1356,['R1356'],['2026-06-25_R1356_01'],['R1356'],True,2026-06-25,True,True,2026-06-25_R1356_01,2026-06-25,R1356,1,13,assigned_extra_tail,True,0.0,True,7,83.816,5.1,2026-06-25 11:24:09+02:00,2026-06-25 11:24:09+02:00,,True,True,,10,15,5,0,292,306,0.6666666666666666,0.3333333333333333,0.3333333333333333,tail
24E124445E318071,24E124FFFEFE11C4,868500000,SF7BW125, -83/10.5,34,293,UpUnc,2026-06-25 09:24:14+00:00,"Dev Addr/Multicast Addr: 06139e8c
GwEUI: 24E124FFFEFE11C4
AppEUI: 24E124C0002A0001
Device EUI/Group Name: 24E124445E318071
Class Type: Class C
Immediately: -
Timestamp: 142092665
Type: UpUnc
Adr: false
AdrAcKReq: false
Ack: false
Fcnt: 293
Port: 86
Modulation: LORA
Bandwidth: 125
SpreadFactor: 7
Bitrate: 0
CodeRate: 4/5
SNR: 10.5
RSSI: -83
Power: -
Payload(b64): Q1VTVE9NTUVTU0FHRVRFU1RGT1JHUklEQUNUSVZBVElPTg==
Payload(hex): 435553544f4d4d45535341474554455354464f524752494441435449564154494f4e
JSON: {""text"":""CUSTOMMESSAGETESTFORGRIDACTIVATION""}
MIC: a8054252",25-6_r1356.csv,,25-6_r1356,1356,,[1356],[1356],['R1356'],2026-06-25,2026-06-25 11:24:14+02:00,-83.0,10.5,06139e8c,24E124FFFEFE11C4,24E124C0002A0001,24E124445E318071,Class C,-,142092665,UpUnc,false,false,false,293,86,LORA,125,7,0,4/5,10.5,-83,-,Q1VTVE9NTUVTU0FHRVRFU1RGT1JHUklEQUNUSVZBVElPTg==,435553544f4d4d45535341474554455354464f524752494441435449564154494f4e,"{""text"":""CUSTOMMESSAGETESTFORGRIDACTIVATION""}",a8054252,86.0,435553544f4d4d45535341474554455354464f524752494441435449564154494f4e,{'text': 'CUSTOMMESSAGETESTFORGRIDACTIVATION'},,CUSTOMMESSAGETESTFORGRIDACTIVATION,['R1356'],R1356,['R1356'],['2026-06-25_R1356_01'],['R1356'],True,2026-06-25,True,True,2026-06-25_R1356_01,2026-06-25,R1356,1,13,assigned_extra_tail,True,0.0,True,7,83.816,5.1,2026-06-25 11:24:09+02:00,2026-06-25 11:24:09+02:00,,True,True,,10,15,5,0,292,306,0.6666666666666666,0.3333333333333333,0.3333333333333333,tail
24E124445E318071,24E124FFFEFE11C4,868500000,SF7BW125, -83/10.0,34,295,UpUnc,2026-06-25 09:24:23+00:00,"Dev Addr/Multicast Addr: 06139e8c
GwEUI: 24E124FFFEFE11C4
AppEUI: 24E124C0002A0001
Device EUI/Group Name: 24E124445E318071
Class Type: Class C
Immediately: -
Timestamp: 150968666
Type: UpUnc
Adr: false
AdrAcKReq: false
Ack: false
Fcnt: 295
Port: 86
Modulation: LORA
Bandwidth: 125
SpreadFactor: 7
Bitrate: 0
CodeRate: 4/5
SNR: 10.0
RSSI: -83
Power: -
Payload(b64): Q1VTVE9NTUVTU0FHRVRFU1RGT1JHUklEQUNUSVZBVElPTg==
Payload(hex): 435553544f4d4d45535341474554455354464f524752494441435449564154494f4e
JSON: {""text"":""CUSTOMMESSAGETESTFORGRIDACTIVATION""}
MIC: d7db5c20",25-6_r1356.csv,,25-6_r1356,1356,,[1356],[1356],['R1356'],2026-06-25,2026-06-25 11:24:23+02:00,-83.0,10.0,06139e8c,24E124FFFEFE11C4,24E124C0002A0001,24E124445E318071,Class C,-,150968666,UpUnc,false,false,false,295,86,LORA,125,7,0,4/5,10.0,-83,-,Q1VTVE9NTUVTU0FHRVRFU1RGT1JHUklEQUNUSVZBVElPTg==,435553544f4d4d45535341474554455354464f524752494441435449564154494f4e,"{""text"":""CUSTOMMESSAGETESTFORGRIDACTIVATION""}",d7db5c20,86.0,435553544f4d4d45535341474554455354464f524752494441435449564154494f4e,{'text': 'CUSTOMMESSAGETESTFORGRIDACTIVATION'},,CUSTOMMESSAGETESTFORGRIDACTIVATION,['R1356'],R1356,['R1356'],['2026-06-25_R1356_01'],['R1356'],True,2026-06-25,True,True,2026-06-25_R1356_01,2026-06-25,R1356,1,13,assigned_extra_tail,True,0.0,True,7,83.816,5.1,2026-06-25 11:24:09+02:00,2026-06-25 11:24:09+02:00,,True,True,,10,15,5,0,292,306,0.6666666666666666,0.3333333333333333,0.3333333333333333,tail
24E124445E318071,24E124FFFEFE11C4,868100000,SF7BW125, -84/13.5,34,297,UpUnc,2026-06-25 09:24:33+00:00,"Dev Addr/Multicast Addr: 06139e8c
GwEUI: 24E124FFFEFE11C4
AppEUI: 24E124C0002A0001
Device EUI/Group Name: 24E124445E318071
Class Type: Class C
Immediately: -
Timestamp: 160999616
Type: UpUnc
Adr: false
AdrAcKReq: false
Ack: false
Fcnt: 297
Port: 86
Modulation: LORA
Bandwidth: 125
SpreadFactor: 7
Bitrate: 0
CodeRate: 4/5
SNR: 13.5
RSSI: -84
Power: -
Payload(b64): Q1VTVE9NTUVTU0FHRVRFU1RGT1JHUklEQUNUSVZBVElPTg==
Payload(hex): 435553544f4d4d45535341474554455354464f524752494441435449564154494f4e
JSON: {""text"":""CUSTOMMESSAGETESTFORGRIDACTIVATION""}
MIC: b2907c96",25-6_r1356.csv,,25-6_r1356,1356,,[1356],[1356],['R1356'],2026-06-25,2026-06-25 11:24:33+02:00,-84.0,13.5,06139e8c,24E124FFFEFE11C4,24E124C0002A0001,24E124445E318071,Class C,-,160999616,UpUnc,false,false,false,297,86,LORA,125,7,0,4/5,13.5,-84,-,Q1VTVE9NTUVTU0FHRVRFU1RGT1JHUklEQUNUSVZBVElPTg==,435553544f4d4d45535341474554455354464f524752494441435449564154494f4e,"{""text"":""CUSTOMMESSAGETESTFORGRIDACTIVATION""}",b2907c96,86.0,435553544f4d4d45535341474554455354464f524752494441435449564154494f4e,{'text': 'CUSTOMMESSAGETESTFORGRIDACTIVATION'},,CUSTOMMESSAGETESTFORGRIDACTIVATION,['R1356'],R1356,['R1356'],['2026-06-25_R1356_01'],['R1356'],True,2026-06-25,True,True,2026-06-25_R1356_01,2026-06-25,R1356,1,13,assigned_extra_tail,True,0.0,True,7,83.816,5.1,2026-06-25 11:24:09+02:00,2026-06-25 11:24:09+02:00,,True,True,,10,15,5,0,292,306,0.6666666666666666,0.3333333333333333,0.3333333333333333,tail
24E124445E318071,24E124FFFEFE11C4,868300000,SF7BW125, -84/12.8,34,298,UpUnc,2026-06-25 09:24:37+00:00,"Dev Addr/Multicast Addr: 06139e8c
GwEUI: 24E124FFFEFE11C4
AppEUI: 24E124C0002A0001
Device EUI/Group Name: 24E124445E318071
Class Type: Class C
Immediately: -
Timestamp: 164924642
Type: UpUnc
Adr: false
AdrAcKReq: false
Ack: false
Fcnt: 298
Port: 86
Modulation: LORA
Bandwidth: 125
SpreadFactor: 7
Bitrate: 0
CodeRate: 4/5
SNR: 12.8
RSSI: -84
Power: -
Payload(b64): Q1VTVE9NTUVTU0FHRVRFU1RGT1JHUklEQUNUSVZBVElPTg==
Payload(hex): 435553544f4d4d45535341474554455354464f524752494441435449564154494f4e
JSON: {""text"":""CUSTOMMESSAGETESTFORGRIDACTIVATION""}
MIC: bffa8e0b",25-6_r1356.csv,,25-6_r1356,1356,,[1356],[1356],['R1356'],2026-06-25,2026-06-25 11:24:37+02:00,-84.0,12.8,06139e8c,24E124FFFEFE11C4,24E124C0002A0001,24E124445E318071,Class C,-,164924642,UpUnc,false,false,false,298,86,LORA,125,7,0,4/5,12.8,-84,-,Q1VTVE9NTUVTU0FHRVRFU1RGT1JHUklEQUNUSVZBVElPTg==,435553544f4d4d45535341474554455354464f524752494441435449564154494f4e,"{""text"":""CUSTOMMESSAGETESTFORGRIDACTIVATION""}",bffa8e0b,86.0,435553544f4d4d45535341474554455354464f524752494441435449564154494f4e,{'text': 'CUSTOMMESSAGETESTFORGRIDACTIVATION'},,CUSTOMMESSAGETESTFORGRIDACTIVATION,['R1356'],R1356,['R1356'],['2026-06-25_R1356_01'],['R1356'],True,2026-06-25,True,True,2026-06-25_R1356_01,2026-06-25,R1356,1,13,assigned_extra_tail,True,0.0,True,7,83.816,5.1,2026-06-25 11:24:09+02:00,2026-06-25 11:24:09+02:00,,True,True,,10,15,5,0,292,306,0.6666666666666666,0.3333333333333333,0.3333333333333333,tail
24E124445E318071,24E124FFFEFE11C4,868100000,SF7BW125, -84/13.2,34,300,UpUnc,2026-06-25 09:24:45+00:00,"Dev Addr/Multicast Addr: 06139e8c
GwEUI: 24E124FFFEFE11C4
AppEUI: 24E124C0002A0001
Device EUI/Group Name: 24E124445E318071
Class Type: Class C
Immediately: -
Timestamp: 173407606
Type: UpUnc
Adr: false
AdrAcKReq: false
Ack: false
Fcnt: 300
Port: 86
Modulation: LORA
Bandwidth: 125
SpreadFactor: 7
Bitrate: 0
CodeRate: 4/5
SNR: 13.2
RSSI: -84
Power: -
Payload(b64): Q1VTVE9NTUVTU0FHRVRFU1RGT1JHUklEQUNUSVZBVElPTg==
Payload(hex): 435553544f4d4d45535341474554455354464f524752494441435449564154494f4e
JSON: {""text"":""CUSTOMMESSAGETESTFORGRIDACTIVATION""}
MIC: d1cb1947",25-6_r1356.csv,,25-6_r1356,1356,,[1356],[1356],['R1356'],2026-06-25,2026-06-25 11:24:45+02:00,-84.0,13.2,06139e8c,24E124FFFEFE11C4,24E124C0002A0001,24E124445E318071,Class C,-,173407606,UpUnc,false,false,false,300,86,LORA,125,7,0,4/5,13.2,-84,-,Q1VTVE9NTUVTU0FHRVRFU1RGT1JHUklEQUNUSVZBVElPTg==,435553544f4d4d45535341474554455354464f524752494441435449564154494f4e,"{""text"":""CUSTOMMESSAGETESTFORGRIDACTIVATION""}",d1cb1947,86.0,435553544f4d4d45535341474554455354464f524752494441435449564154494f4e,{'text': 'CUSTOMMESSAGETESTFORGRIDACTIVATION'},,CUSTOMMESSAGETESTFORGRIDACTIVATION,['R1356'],R1356,['R1356'],['2026-06-25_R1356_01'],['R1356'],True,2026-06-25,True,True,2026-06-25_R1356_01,2026-06-25,R1356,1,13,assigned_extra_tail,True,0.0,True,7,83.816,5.1,2026-06-25 11:24:09+02:00,2026-06-25 11:24:09+02:00,,True,True,,10,15,5,0,292,306,0.6666666666666666,0.3333333333333333,0.3333333333333333,tail
24E124445E318071,24E124FFFEFE11C4,868300000,SF7BW125, -84/13.0,34,301,UpUnc,2026-06-25 09:24:50+00:00,"Dev Addr/Multicast Addr: 06139e8c
GwEUI: 24E124FFFEFE11C4
AppEUI: 24E124C0002A0001
Device EUI/Group Name: 24E124445E318071
Class Type: Class C
Immediately: -
Timestamp: 177866556
Type: UpUnc
Adr: false
AdrAcKReq: false
Ack: false
Fcnt: 301
Port: 86
Modulation: LORA
Bandwidth: 125
SpreadFactor: 7
Bitrate: 0
CodeRate: 4/5
SNR: 13.0
RSSI: -84
Power: -
Payload(b64): Q1VTVE9NTUVTU0FHRVRFU1RGT1JHUklEQUNUSVZBVElPTg==
Payload(hex): 435553544f4d4d45535341474554455354464f524752494441435449564154494f4e
JSON: {""text"":""CUSTOMMESSAGETESTFORGRIDACTIVATION""}
MIC: 165c3fbe",25-6_r1356.csv,,25-6_r1356,1356,,[1356],[1356],['R1356'],2026-06-25,2026-06-25 11:24:50+02:00,-84.0,13.0,06139e8c,24E124FFFEFE11C4,24E124C0002A0001,24E124445E318071,Class C,-,177866556,UpUnc,false,false,false,301,86,LORA,125,7,0,4/5,13.0,-84,-,Q1VTVE9NTUVTU0FHRVRFU1RGT1JHUklEQUNUSVZBVElPTg==,435553544f4d4d45535341474554455354464f524752494441435449564154494f4e,"{""text"":""CUSTOMMESSAGETESTFORGRIDACTIVATION""}",165c3fbe,86.0,435553544f4d4d45535341474554455354464f524752494441435449564154494f4e,{'text': 'CUSTOMMESSAGETESTFORGRIDACTIVATION'},,CUSTOMMESSAGETESTFORGRIDACTIVATION,['R1356'],R1356,['R1356'],['2026-06-25_R1356_01'],['R1356'],True,2026-06-25,True,True,2026-06-25_R1356_01,2026-06-25,R1356,1,13,assigned_extra_tail,True,0.0,True,7,83.816,5.1,2026-06-25 11:24:09+02:00,2026-06-25 11:24:09+02:00,,True,True,,10,15,5,0,292,306,0.6666666666666666,0.3333333333333333,0.3333333333333333,tail
24E124445E318071,24E124FFFEFE11C4,868300000,SF7BW125, -84/13.2,34,303,UpUnc,2026-06-25 09:24:59+00:00,"Dev Addr/Multicast Addr: 06139e8c
GwEUI: 24E124FFFEFE11C4
AppEUI: 24E124C0002A0001
Device EUI/Group Name: 24E124445E318071
Class Type: Class C
Immediately: -
Timestamp: 187186591
Type: UpUnc
Adr: false
AdrAcKReq: false
Ack: false
Fcnt: 303
Port: 86
Modulation: LORA
Bandwidth: 125
SpreadFactor: 7
Bitrate: 0
CodeRate: 4/5
SNR: 13.2
RSSI: -84
Power: -
Payload(b64): Q1VTVE9NTUVTU0FHRVRFU1RGT1JHUklEQUNUSVZBVElPTg==
Payload(hex): 435553544f4d4d45535341474554455354464f524752494441435449564154494f4e
JSON: {""text"":""CUSTOMMESSAGETESTFORGRIDACTIVATION""}
MIC: 9cd1ca6c",25-6_r1356.csv,,25-6_r1356,1356,,[1356],[1356],['R1356'],2026-06-25,2026-06-25 11:24:59+02:00,-84.0,13.2,06139e8c,24E124FFFEFE11C4,24E124C0002A0001,24E124445E318071,Class C,-,187186591,UpUnc,false,false,false,303,86,LORA,125,7,0,4/5,13.2,-84,-,Q1VTVE9NTUVTU0FHRVRFU1RGT1JHUklEQUNUSVZBVElPTg==,435553544f4d4d45535341474554455354464f524752494441435449564154494f4e,"{""text"":""CUSTOMMESSAGETESTFORGRIDACTIVATION""}",9cd1ca6c,86.0,435553544f4d4d45535341474554455354464f524752494441435449564154494f4e,{'text': 'CUSTOMMESSAGETESTFORGRIDACTIVATION'},,CUSTOMMESSAGETESTFORGRIDACTIVATION,['R1356'],R1356,['R1356'],['2026-06-25_R1356_01'],['R1356'],True,2026-06-25,True,True,2026-06-25_R1356_01,2026-06-25,R1356,1,13,assigned_extra_tail,True,0.0,True,7,83.816,5.1,2026-06-25 11:24:09+02:00,2026-06-25 11:24:09+02:00,,True,True,,10,15,5,0,292,306,0.6666666666666666,0.3333333333333333,0.3333333333333333,tail
24E124445E318071,24E124FFFEFE11C4,868500000,SF7BW125, -90/9.8,34,304,UpUnc,2026-06-25 09:25:03+00:00,"Dev Addr/Multicast Addr: 06139e8c
GwEUI: 24E124FFFEFE11C4
AppEUI: 24E124C0002A0001
Device EUI/Group Name: 24E124445E318071
Class Type: Class C
Immediately: -
Timestamp: 191477539
Type: UpUnc
Adr: false
AdrAcKReq: false
Ack: false
Fcnt: 304
Port: 86
Modulation: LORA
Bandwidth: 125
SpreadFactor: 7
Bitrate: 0
CodeRate: 4/5
SNR: 9.8
RSSI: -90
Power: -
Payload(b64): Q1VTVE9NTUVTU0FHRVRFU1RGT1JHUklEQUNUSVZBVElPTg==
Payload(hex): 435553544f4d4d45535341474554455354464f524752494441435449564154494f4e
JSON: {""text"":""CUSTOMMESSAGETESTFORGRIDACTIVATION""}
MIC: 701ed12d",25-6_r1356.csv,,25-6_r1356,1356,,[1356],[1356],['R1356'],2026-06-25,2026-06-25 11:25:03+02:00,-90.0,9.8,06139e8c,24E124FFFEFE11C4,24E124C0002A0001,24E124445E318071,Class C,-,191477539,UpUnc,false,false,false,304,86,LORA,125,7,0,4/5,9.8,-90,-,Q1VTVE9NTUVTU0FHRVRFU1RGT1JHUklEQUNUSVZBVElPTg==,435553544f4d4d45535341474554455354464f524752494441435449564154494f4e,"{""text"":""CUSTOMMESSAGETESTFORGRIDACTIVATION""}",701ed12d,86.0,435553544f4d4d45535341474554455354464f524752494441435449564154494f4e,{'text': 'CUSTOMMESSAGETESTFORGRIDACTIVATION'},,CUSTOMMESSAGETESTFORGRIDACTIVATION,['R1356'],R1356,['R1356'],['2026-06-25_R1356_01'],['R1356'],True,2026-06-25,True,True,2026-06-25_R1356_01,2026-06-25,R1356,1,13,assigned_extra_tail,True,0.0,True,7,83.816,5.1,2026-06-25 11:24:09+02:00,2026-06-25 11:24:09+02:00,,True,True,,10,15,5,0,292,306,0.6666666666666666,0.3333333333333333,0.3333333333333333,tail
24E124445E318071,24E124FFFEFE11C4,868300000,SF7BW125, -89/6.5,34,306,UpUnc,2026-06-25 09:25:11+00:00,"Dev Addr/Multicast Addr: 06139e8c
GwEUI: 24E124FFFEFE11C4
AppEUI: 24E124C0002A0001
Device EUI/Group Name: 24E124445E318071
Class Type: Class C
Immediately: -
Timestamp: 198943522
Type: UpUnc
Adr: false
AdrAcKReq: false
Ack: false
Fcnt: 306
Port: 86
Modulation: LORA
Bandwidth: 125
SpreadFactor: 7
Bitrate: 0
CodeRate: 4/5
SNR: 6.5
RSSI: -89
Power: -
Payload(b64): Q1VTVE9NTUVTU0FHRVRFU1RGT1JHUklEQUNUSVZBVElPTg==
Payload(hex): 435553544f4d4d45535341474554455354464f524752494441435449564154494f4e
JSON: {""text"":""CUSTOMMESSAGETESTFORGRIDACTIVATION""}
MIC: 0fe9675b",25-6_r1356.csv,,25-6_r1356,1356,,[1356],[1356],['R1356'],2026-06-25,2026-06-25 11:25:11+02:00,-89.0,6.5,06139e8c,24E124FFFEFE11C4,24E124C0002A0001,24E124445E318071,Class C,-,198943522,UpUnc,false,false,false,306,86,LORA,125,7,0,4/5,6.5,-89,-,Q1VTVE9NTUVTU0FHRVRFU1RGT1JHUklEQUNUSVZBVElPTg==,435553544f4d4d45535341474554455354464f524752494441435449564154494f4e,"{""text"":""CUSTOMMESSAGETESTFORGRIDACTIVATION""}",0fe9675b,86.0,435553544f4d4d45535341474554455354464f524752494441435449564154494f4e,{'text': 'CUSTOMMESSAGETESTFORGRIDACTIVATION'},,CUSTOMMESSAGETESTFORGRIDACTIVATION,['R1356'],R1356,['R1356'],['2026-06-25_R1356_01'],['R1356'],True,2026-06-25,True,True,2026-06-25_R1356_01,2026-06-25,R1356,1,13,assigned_extra_tail,True,0.0,True,7,83.816,5.1,2026-06-25 11:24:09+02:00,2026-06-25 11:24:09+02:00,,True,True,,10,15,5,0,292,306,0.6666666666666666,0.3333333333333333,0.3333333333333333,tail
24E124445E318071,24E124FFFEFE11C4,868300000,SF7BW125, -97/1.0,34,473,UpUnc,2026-06-25 09:54:15+00:00,"Dev Addr/Multicast Addr: 06139e8c
GwEUI: 24E124FFFEFE11C4
AppEUI: 24E124C0002A0001
Device EUI/Group Name: 24E124445E318071
Class Type: Class C
Immediately: -
Timestamp: 1943569919
Type: UpUnc
Adr: false
AdrAcKReq: false
Ack: false
Fcnt: 473
Port: 86
Modulation: LORA
Bandwidth: 125
SpreadFactor: 7
Bitrate: 0
CodeRate: 4/5
SNR: 1.0
RSSI: -97
Power: -
Payload(b64): Q1VTVE9NTUVTU0FHRVRFU1RGT1JHUklEQUNUSVZBVElPTg==
Payload(hex): 435553544f4d4d45535341474554455354464f524752494441435449564154494f4e
JSON: {""text"":""CUSTOMMESSAGETESTFORGRIDACTIVATION""}
MIC: 434c7028",25-6_1185(mirror1356).csv,,25-6_1185(mirror1356),1185,1356,"[1185, 1356]",[1185],['R1185'],2026-06-25,2026-06-25 11:54:15+02:00,-97.0,1.0,06139e8c,24E124FFFEFE11C4,24E124C0002A0001,24E124445E318071,Class C,-,1943569919,UpUnc,false,false,false,473,86,LORA,125,7,0,4/5,1.0,-97,-,Q1VTVE9NTUVTU0FHRVRFU1RGT1JHUklEQUNUSVZBVElPTg==,435553544f4d4d45535341474554455354464f524752494441435449564154494f4e,"{""text"":""CUSTOMMESSAGETESTFORGRIDACTIVATION""}",434c7028,86.0,435553544f4d4d45535341474554455354464f524752494441435449564154494f4e,{'text': 'CUSTOMMESSAGETESTFORGRIDACTIVATION'},,CUSTOMMESSAGETESTFORGRIDACTIVATION,['R1185'],R1185,['R1185'],['2026-06-25_R1185_01'],['R1185'],True,2026-06-25,True,True,2026-06-25_R1185_01,2026-06-25,R1185,1,13,assigned_extra_tail,True,0.0,True,7,-83.816,1.1,2026-06-25 11:54:15+02:00,2026-06-25 11:54:15+02:00,,True,True,,45,83,38,0,473,555,0.5421686746987951,0.4578313253012048,0.4578313253012048,tail
24E124445E318071,24E124FFFEFE11C4,868300000,SF7BW125, -97/1.5,34,474,UpUnc,2026-06-25 09:54:20+00:00,"Dev Addr/Multicast Addr: 06139e8c
GwEUI: 24E124FFFEFE11C4
AppEUI: 24E124C0002A0001
Device EUI/Group Name: 24E124445E318071
Class Type: Class C
Immediately: -
Timestamp: 1948111883
Type: UpUnc
Adr: false
AdrAcKReq: false
Ack: false
Fcnt: 474
Port: 86
Modulation: LORA
Bandwidth: 125
SpreadFactor: 7
Bitrate: 0
CodeRate: 4/5
SNR: 1.5
RSSI: -97
Power: -
Payload(b64): Q1VTVE9NTUVTU0FHRVRFU1RGT1JHUklEQUNUSVZBVElPTg==
Payload(hex): 435553544f4d4d45535341474554455354464f524752494441435449564154494f4e
JSON: {""text"":""CUSTOMMESSAGETESTFORGRIDACTIVATION""}
MIC: e1b7827f",25-6_1185(mirror1356).csv,,25-6_1185(mirror1356),1185,1356,"[1185, 1356]",[1185],['R1185'],2026-06-25,2026-06-25 11:54:20+02:00,-97.0,1.5,06139e8c,24E124FFFEFE11C4,24E124C0002A0001,24E124445E318071,Class C,-,1948111883,UpUnc,false,false,false,474,86,LORA,125,7,0,4/5,1.5,-97,-,Q1VTVE9NTUVTU0FHRVRFU1RGT1JHUklEQUNUSVZBVElPTg==,435553544f4d4d45535341474554455354464f524752494441435449564154494f4e,"{""text"":""CUSTOMMESSAGETESTFORGRIDACTIVATION""}",e1b7827f,86.0,435553544f4d4d45535341474554455354464f524752494441435449564154494f4e,{'text': 'CUSTOMMESSAGETESTFORGRIDACTIVATION'},,CUSTOMMESSAGETESTFORGRIDACTIVATION,['R1185'],R1185,['R1185'],['2026-06-25_R1185_01'],['R1185'],True,2026-06-25,True,True,2026-06-25_R1185_01,2026-06-25,R1185,1,13,assigned_extra_tail,True,0.0,True,7,-83.816,1.1,2026-06-25 11:54:15+02:00,2026-06-25 11:54:15+02:00,,True,True,,45,83,38,0,473,555,0.5421686746987951,0.4578313253012048,0.4578313253012048,tail
24E124445E318071,24E124FFFEFE11C4,868300000,SF7BW125, -97/6.8,34,476,UpUnc,2026-06-25 09:54:28+00:00,"Dev Addr/Multicast Addr: 06139e8c
GwEUI: 24E124FFFEFE11C4
AppEUI: 24E124C0002A0001
Device EUI/Group Name: 24E124445E318071
Class Type: Class C
Immediately: -
Timestamp: 1956566851
Type: UpUnc
Adr: false
AdrAcKReq: false
Ack: false
Fcnt: 476
Port: 86
Modulation: LORA
Bandwidth: 125
SpreadFactor: 7
Bitrate: 0
CodeRate: 4/5
SNR: 6.8
RSSI: -97
Power: -
Payload(b64): Q1VTVE9NTUVTU0FHRVRFU1RGT1JHUklEQUNUSVZBVElPTg==
Payload(hex): 435553544f4d4d45535341474554455354464f524752494441435449564154494f4e
JSON: {""text"":""CUSTOMMESSAGETESTFORGRIDACTIVATION""}
MIC: be358f08",25-6_1185(mirror1356).csv,,25-6_1185(mirror1356),1185,1356,"[1185, 1356]",[1185],['R1185'],2026-06-25,2026-06-25 11:54:28+02:00,-97.0,6.8,06139e8c,24E124FFFEFE11C4,24E124C0002A0001,24E124445E318071,Class C,-,1956566851,UpUnc,false,false,false,476,86,LORA,125,7,0,4/5,6.8,-97,-,Q1VTVE9NTUVTU0FHRVRFU1RGT1JHUklEQUNUSVZBVElPTg==,435553544f4d4d45535341474554455354464f524752494441435449564154494f4e,"{""text"":""CUSTOMMESSAGETESTFORGRIDACTIVATION""}",be358f08,86.0,435553544f4d4d45535341474554455354464f524752494441435449564154494f4e,{'text': 'CUSTOMMESSAGETESTFORGRIDACTIVATION'},,CUSTOMMESSAGETESTFORGRIDACTIVATION,['R1185'],R1185,['R1185'],['2026-06-25_R1185_01'],['R1185'],True,2026-06-25,True,True,2026-06-25_R1185_01,2026-06-25,R1185,1,13,assigned_extra_tail,True,0.0,True,7,-83.816,1.1,2026-06-25 11:54:15+02:00,2026-06-25 11:54:15+02:00,,True,True,,45,83,38,0,473,555,0.5421686746987951,0.4578313253012048,0.4578313253012048,tail
24E124445E318071,24E124FFFEFE11C4,868100000,SF7BW125, -97/1.2,34,477,UpUnc,2026-06-25 09:54:34+00:00,"Dev Addr/Multicast Addr: 06139e8c
GwEUI: 24E124FFFEFE11C4
AppEUI: 24E124C0002A0001
Device EUI/Group Name: 24E124445E318071
Class Type: Class C
Immediately: -
Timestamp: 1962113416
Type: UpUnc
Adr: false
AdrAcKReq: false
Ack: false
Fcnt: 477
Port: 86
Modulation: LORA
Bandwidth: 125
SpreadFactor: 7
Bitrate: 0
CodeRate: 4/5
SNR: 1.2
RSSI: -97
Power: -
Payload(b64): Q1VTVE9NTUVTU0FHRVRFU1RGT1JHUklEQUNUSVZBVElPTg==
Payload(hex): 435553544f4d4d45535341474554455354464f524752494441435449564154494f4e
JSON: {""text"":""CUSTOMMESSAGETESTFORGRIDACTIVATION""}
MIC: 7d743ae6",25-6_1185(mirror1356).csv,,25-6_1185(mirror1356),1185,1356,"[1185, 1356]",[1185],['R1185'],2026-06-25,2026-06-25 11:54:34+02:00,-97.0,1.2,06139e8c,24E124FFFEFE11C4,24E124C0002A0001,24E124445E318071,Class C,-,1962113416,UpUnc,false,false,false,477,86,LORA,125,7,0,4/5,1.2,-97,-,Q1VTVE9NTUVTU0FHRVRFU1RGT1JHUklEQUNUSVZBVElPTg==,435553544f4d4d45535341474554455354464f524752494441435449564154494f4e,"{""text"":""CUSTOMMESSAGETESTFORGRIDACTIVATION""}",7d743ae6,86.0,435553544f4d4d45535341474554455354464f524752494441435449564154494f4e,{'text': 'CUSTOMMESSAGETESTFORGRIDACTIVATION'},,CUSTOMMESSAGETESTFORGRIDACTIVATION,['R1185'],R1185,['R1185'],['2026-06-25_R1185_01'],['R1185'],True,2026-06-25,True,True,2026-06-25_R1185_01,2026-06-25,R1185,1,13,assigned_extra_tail,True,0.0,True,7,-83.816,1.1,2026-06-25 11:54:15+02:00,2026-06-25 11:54:15+02:00,,True,True,,45,83,38,0,473,555,0.5421686746987951,0.4578313253012048,0.4578313253012048,tail
24E124445E318071,24E124FFFEFE11C4,868500000,SF7BW125, -96/7.2,34,479,UpUnc,2026-06-25 09:54:43+00:00,"Dev Addr/Multicast Addr: 06139e8c
GwEUI: 24E124FFFEFE11C4
AppEUI: 24E124C0002A0001
Device EUI/Group Name: 24E124445E318071
Class Type: Class C
Immediately: -
Timestamp: 1970788896
Type: UpUnc
Adr: false
AdrAcKReq: false
Ack: false
Fcnt: 479
Port: 86
Modulation: LORA
Bandwidth: 125
SpreadFactor: 7
Bitrate: 0
CodeRate: 4/5
SNR: 7.2
RSSI: -96
Power: -
Payload(b64): Q1VTVE9NTUVTU0FHRVRFU1RGT1JHUklEQUNUSVZBVElPTg==
Payload(hex): 435553544f4d4d45535341474554455354464f524752494441435449564154494f4e
JSON: {""text"":""CUSTOMMESSAGETESTFORGRIDACTIVATION""}
MIC: e676ce52",25-6_1185(mirror1356).csv,,25-6_1185(mirror1356),1185,1356,"[1185, 1356]",[1185],['R1185'],2026-06-25,2026-06-25 11:54:43+02:00,-96.0,7.2,06139e8c,24E124FFFEFE11C4,24E124C0002A0001,24E124445E318071,Class C,-,1970788896,UpUnc,false,false,false,479,86,LORA,125,7,0,4/5,7.2,-96,-,Q1VTVE9NTUVTU0FHRVRFU1RGT1JHUklEQUNUSVZBVElPTg==,435553544f4d4d45535341474554455354464f524752494441435449564154494f4e,"{""text"":""CUSTOMMESSAGETESTFORGRIDACTIVATION""}",e676ce52,86.0,435553544f4d4d45535341474554455354464f524752494441435449564154494f4e,{'text': 'CUSTOMMESSAGETESTFORGRIDACTIVATION'},,CUSTOMMESSAGETESTFORGRIDACTIVATION,['R1185'],R1185,['R1185'],['2026-06-25_R1185_01'],['R1185'],True,2026-06-25,True,True,2026-06-25_R1185_01,2026-06-25,R1185,1,13,assigned_extra_tail,True,0.0,True,7,-83.816,1.1,2026-06-25 11:54:15+02:00,2026-06-25 11:54:15+02:00,,True,True,,45,83,38,0,473,555,0.5421686746987951,0.4578313253012048,0.4578313253012048,tail
24E124445E318071,24E124FFFEFE11C4,868300000,SF7BW125, -96/8.5,34,481,UpUnc,2026-06-25 09:54:51+00:00,"Dev Addr/Multicast Addr: 06139e8c
GwEUI: 24E124FFFEFE11C4
AppEUI: 24E124C0002A0001
Device EUI/Group Name: 24E124445E318071
Class Type: Class C
Immediately: -
Timestamp: 1979325907
Type: UpUnc
Adr: false
AdrAcKReq: false
Ack: false
Fcnt: 481
Port: 86
Modulation: LORA
Bandwidth: 125
SpreadFactor: 7
Bitrate: 0
CodeRate: 4/5
SNR: 8.5
RSSI: -96
Power: -
Payload(b64): Q1VTVE9NTUVTU0FHRVRFU1RGT1JHUklEQUNUSVZBVElPTg==
Payload(hex): 435553544f4d4d45535341474554455354464f524752494441435449564154494f4e
JSON: {""text"":""CUSTOMMESSAGETESTFORGRIDACTIVATION""}
MIC: 4a6e5899",25-6_1185(mirror1356).csv,,25-6_1185(mirror1356),1185,1356,"[1185, 1356]",[1185],['R1185'],2026-06-25,2026-06-25 11:54:51+02:00,-96.0,8.5,06139e8c,24E124FFFEFE11C4,24E124C0002A0001,24E124445E318071,Class C,-,1979325907,UpUnc,false,false,false,481,86,LORA,125,7,0,4/5,8.5,-96,-,Q1VTVE9NTUVTU0FHRVRFU1RGT1JHUklEQUNUSVZBVElPTg==,435553544f4d4d45535341474554455354464f524752494441435449564154494f4e,"{""text"":""CUSTOMMESSAGETESTFORGRIDACTIVATION""}",4a6e5899,86.0,435553544f4d4d45535341474554455354464f524752494441435449564154494f4e,{'text': 'CUSTOMMESSAGETESTFORGRIDACTIVATION'},,CUSTOMMESSAGETESTFORGRIDACTIVATION,['R1185'],R1185,['R1185'],['2026-06-25_R1185_01'],['R1185'],True,2026-06-25,True,True,2026-06-25_R1185_01,2026-06-25,R1185,1,13,assigned_extra_tail,True,0.0,True,7,-83.816,1.1,2026-06-25 11:54:15+02:00,2026-06-25 11:54:15+02:00,,True,True,,45,83,38,0,473,555,0.5421686746987951,0.4578313253012048,0.4578313253012048,tail
24E124445E318071,24E124FFFEFE11C4,868500000,SF7BW125, -96/7.8,34,483,UpUnc,2026-06-25 09:55:00+00:00,"Dev Addr/Multicast Addr: 06139e8c
GwEUI: 24E124FFFEFE11C4
AppEUI: 24E124C0002A0001
Device EUI/Group Name: 24E124445E318071
Class Type: Class C
Immediately: -
Timestamp: 1988165874
Type: UpUnc
Adr: false
AdrAcKReq: false
Ack: false
Fcnt: 483
Port: 86
Modulation: LORA
Bandwidth: 125
SpreadFactor: 7
Bitrate: 0
CodeRate: 4/5
SNR: 7.8
RSSI: -96
Power: -
Payload(b64): Q1VTVE9NTUVTU0FHRVRFU1RGT1JHUklEQUNUSVZBVElPTg==
Payload(hex): 435553544f4d4d45535341474554455354464f524752494441435449564154494f4e
JSON: {""text"":""CUSTOMMESSAGETESTFORGRIDACTIVATION""}
MIC: ad923291",25-6_1185(mirror1356).csv,,25-6_1185(mirror1356),1185,1356,"[1185, 1356]",[1185],['R1185'],2026-06-25,2026-06-25 11:55:00+02:00,-96.0,7.8,06139e8c,24E124FFFEFE11C4,24E124C0002A0001,24E124445E318071,Class C,-,1988165874,UpUnc,false,false,false,483,86,LORA,125,7,0,4/5,7.8,-96,-,Q1VTVE9NTUVTU0FHRVRFU1RGT1JHUklEQUNUSVZBVElPTg==,435553544f4d4d45535341474554455354464f524752494441435449564154494f4e,"{""text"":""CUSTOMMESSAGETESTFORGRIDACTIVATION""}",ad923291,86.0,435553544f4d4d45535341474554455354464f524752494441435449564154494f4e,{'text': 'CUSTOMMESSAGETESTFORGRIDACTIVATION'},,CUSTOMMESSAGETESTFORGRIDACTIVATION,['R1185'],R1185,['R1185'],['2026-06-25_R1185_01'],['R1185'],True,2026-06-25,True,True,2026-06-25_R1185_01,2026-06-25,R1185,1,13,assigned_extra_tail,True,0.0,True,7,-83.816,1.1,2026-06-25 11:54:15+02:00,2026-06-25 11:54:15+02:00,,True,True,,45,83,38,0,473,555,0.5421686746987951,0.4578313253012048,0.4578313253012048,tail
24E124445E318071,24E124FFFEFE11C4,868100000,SF7BW125, -97/8.0,34,484,UpUnc,2026-06-25 09:55:04+00:00,"Dev Addr/Multicast Addr: 06139e8c
GwEUI: 24E124FFFEFE11C4
AppEUI: 24E124C0002A0001
Device EUI/Group Name: 24E124445E318071
Class Type: Class C
Immediately: -
Timestamp: 1992436886
Type: UpUnc
Adr: false
AdrAcKReq: false
Ack: false
Fcnt: 484
Port: 86
Modulation: LORA
Bandwidth: 125
SpreadFactor: 7
Bitrate: 0
CodeRate: 4/5
SNR: 8.0
RSSI: -97
Power: -
Payload(b64): Q1VTVE9NTUVTU0FHRVRFU1RGT1JHUklEQUNUSVZBVElPTg==
Payload(hex): 435553544f4d4d45535341474554455354464f524752494441435449564154494f4e
JSON: {""text"":""CUSTOMMESSAGETESTFORGRIDACTIVATION""}
MIC: efada3e8",25-6_1185(mirror1356).csv,,25-6_1185(mirror1356),1185,1356,"[1185, 1356]",[1185],['R1185'],2026-06-25,2026-06-25 11:55:04+02:00,-97.0,8.0,06139e8c,24E124FFFEFE11C4,24E124C0002A0001,24E124445E318071,Class C,-,1992436886,UpUnc,false,false,false,484,86,LORA,125,7,0,4/5,8.0,-97,-,Q1VTVE9NTUVTU0FHRVRFU1RGT1JHUklEQUNUSVZBVElPTg==,435553544f4d4d45535341474554455354464f524752494441435449564154494f4e,"{""text"":""CUSTOMMESSAGETESTFORGRIDACTIVATION""}",efada3e8,86.0,435553544f4d4d45535341474554455354464f524752494441435449564154494f4e,{'text': 'CUSTOMMESSAGETESTFORGRIDACTIVATION'},,CUSTOMMESSAGETESTFORGRIDACTIVATION,['R1185'],R1185,['R1185'],['2026-06-25_R1185_01'],['R1185'],True,2026-06-25,True,True,2026-06-25_R1185_01,2026-06-25,R1185,1,13,assigned_extra_tail,True,0.0,True,7,-83.816,1.1,2026-06-25 11:54:15+02:00,2026-06-25 11:54:15+02:00,,True,True,,45,83,38,0,473,555,0.5421686746987951,0.4578313253012048,0.4578313253012048,tail
24E124445E318071,24E124FFFEFE11C4,868100000,SF7BW125, -96/7.5,34,486,UpUnc,2026-06-25 09:55:11+00:00,"Dev Addr/Multicast Addr: 06139e8c
GwEUI: 24E124FFFEFE11C4
AppEUI: 24E124C0002A0001
Device EUI/Group Name: 24E124445E318071
Class Type: Class C
Immediately: -
Timestamp: 1999560885
Type: UpUnc
Adr: false
AdrAcKReq: false
Ack: false
Fcnt: 486
Port: 86
Modulation: LORA
Bandwidth: 125
SpreadFactor: 7
Bitrate: 0
CodeRate: 4/5
SNR: 7.5
RSSI: -96
Power: -
Payload(b64): Q1VTVE9NTUVTU0FHRVRFU1RGT1JHUklEQUNUSVZBVElPTg==
Payload(hex): 435553544f4d4d45535341474554455354464f524752494441435449564154494f4e
JSON: {""text"":""CUSTOMMESSAGETESTFORGRIDACTIVATION""}
MIC: 003b6d07",25-6_1185(mirror1356).csv,,25-6_1185(mirror1356),1185,1356,"[1185, 1356]",[1185],['R1185'],2026-06-25,2026-06-25 11:55:11+02:00,-96.0,7.5,06139e8c,24E124FFFEFE11C4,24E124C0002A0001,24E124445E318071,Class C,-,1999560885,UpUnc,false,false,false,486,86,LORA,125,7,0,4/5,7.5,-96,-,Q1VTVE9NTUVTU0FHRVRFU1RGT1JHUklEQUNUSVZBVElPTg==,435553544f4d4d45535341474554455354464f524752494441435449564154494f4e,"{""text"":""CUSTOMMESSAGETESTFORGRIDACTIVATION""}",003b6d07,86.0,435553544f4d4d45535341474554455354464f524752494441435449564154494f4e,{'text': 'CUSTOMMESSAGETESTFORGRIDACTIVATION'},,CUSTOMMESSAGETESTFORGRIDACTIVATION,['R1185'],R1185,['R1185'],['2026-06-25_R1185_01'],['R1185'],True,2026-06-25,True,True,2026-06-25_R1185_01,2026-06-25,R1185,1,13,assigned_extra_tail,True,0.0,True,7,-83.816,1.1,2026-06-25 11:54:15+02:00,2026-06-25 11:54:15+02:00,,True,True,,45,83,38,0,473,555,0.5421686746987951,0.4578313253012048,0.4578313253012048,tail
24E124445E318071,24E124FFFEFE11C4,868100000,SF7BW125, -97/8.0,34,487,UpUnc,2026-06-25 09:55:16+00:00,"Dev Addr/Multicast Addr: 06139e8c
GwEUI: 24E124FFFEFE11C4
AppEUI: 24E124C0002A0001
Device EUI/Group Name: 24E124445E318071
Class Type: Class C
Immediately: -
Timestamp: 2004086864
Type: UpUnc
Adr: false
AdrAcKReq: false
Ack: false
Fcnt: 487
Port: 86
Modulation: LORA
Bandwidth: 125
SpreadFactor: 7
Bitrate: 0
CodeRate: 4/5
SNR: 8.0
RSSI: -97
Power: -
Payload(b64): Q1VTVE9NTUVTU0FHRVRFU1RGT1JHUklEQUNUSVZBVElPTg==
Payload(hex): 435553544f4d4d45535341474554455354464f524752494441435449564154494f4e
JSON: {""text"":""CUSTOMMESSAGETESTFORGRIDACTIVATION""}
MIC: 319f3944",25-6_1185(mirror1356).csv,,25-6_1185(mirror1356),1185,1356,"[1185, 1356]",[1185],['R1185'],2026-06-25,2026-06-25 11:55:16+02:00,-97.0,8.0,06139e8c,24E124FFFEFE11C4,24E124C0002A0001,24E124445E318071,Class C,-,2004086864,UpUnc,false,false,false,487,86,LORA,125,7,0,4/5,8.0,-97,-,Q1VTVE9NTUVTU0FHRVRFU1RGT1JHUklEQUNUSVZBVElPTg==,435553544f4d4d45535341474554455354464f524752494441435449564154494f4e,"{""text"":""CUSTOMMESSAGETESTFORGRIDACTIVATION""}",319f3944,86.0,435553544f4d4d45535341474554455354464f524752494441435449564154494f4e,{'text': 'CUSTOMMESSAGETESTFORGRIDACTIVATION'},,CUSTOMMESSAGETESTFORGRIDACTIVATION,['R1185'],R1185,['R1185'],['2026-06-25_R1185_01'],['R1185'],True,2026-06-25,True,True,2026-06-25_R1185_01,2026-06-25,R1185,1,13,assigned_extra_tail,True,0.0,True,7,-83.816,1.1,2026-06-25 11:54:15+02:00,2026-06-25 11:54:15+02:00,,True,True,,45,83,38,0,473,555,0.5421686746987951,0.4578313253012048,0.4578313253012048,tail
24E124445E318071,24E124FFFEFE11C4,868300000,SF7BW125, -95/8.2,34,489,UpUnc,2026-06-25 09:55:26+00:00,"Dev Addr/Multicast Addr: 06139e8c
GwEUI: 24E124FFFEFE11C4
AppEUI: 24E124C0002A0001
Device EUI/Group Name: 24E124445E318071
Class Type: Class C
Immediately: -
Timestamp: 2014074895
Type: UpUnc
Adr: false
AdrAcKReq: false
Ack: false
Fcnt: 489
Port: 86
Modulation: LORA
Bandwidth: 125
SpreadFactor: 7
Bitrate: 0
CodeRate: 4/5
SNR: 8.2
RSSI: -95
Power: -
Payload(b64): Q1VTVE9NTUVTU0FHRVRFU1RGT1JHUklEQUNUSVZBVElPTg==
Payload(hex): 435553544f4d4d45535341474554455354464f524752494441435449564154494f4e
JSON: {""text"":""CUSTOMMESSAGETESTFORGRIDACTIVATION""}
MIC: f71d7d66",25-6_1185(mirror1356).csv,,25-6_1185(mirror1356),1185,1356,"[1185, 1356]",[1185],['R1185'],2026-06-25,2026-06-25 11:55:26+02:00,-95.0,8.2,06139e8c,24E124FFFEFE11C4,24E124C0002A0001,24E124445E318071,Class C,-,2014074895,UpUnc,false,false,false,489,86,LORA,125,7,0,4/5,8.2,-95,-,Q1VTVE9NTUVTU0FHRVRFU1RGT1JHUklEQUNUSVZBVElPTg==,435553544f4d4d45535341474554455354464f524752494441435449564154494f4e,"{""text"":""CUSTOMMESSAGETESTFORGRIDACTIVATION""}",f71d7d66,86.0,435553544f4d4d45535341474554455354464f524752494441435449564154494f4e,{'text': 'CUSTOMMESSAGETESTFORGRIDACTIVATION'},,CUSTOMMESSAGETESTFORGRIDACTIVATION,['R1185'],R1185,['R1185'],['2026-06-25_R1185_01'],['R1185'],True,2026-06-25,True,True,2026-06-25_R1185_01,2026-06-25,R1185,1,13,assigned_extra_tail,True,0.0,True,7,-83.816,1.1,2026-06-25 11:54:15+02:00,2026-06-25 11:54:15+02:00,,True,True,,45,83,38,0,473,555,0.5421686746987951,0.4578313253012048,0.4578313253012048,tail
24E124445E318071,24E124FFFEFE11C4,868100000,SF7BW125, -97/7.2,34,490,UpUnc,2026-06-25 09:55:31+00:00,"Dev Addr/Multicast Addr: 06139e8c
GwEUI: 24E124FFFEFE11C4
AppEUI: 24E124C0002A0001
Device EUI/Group Name: 24E124445E318071
Class Type: Class C
Immediately: -
Timestamp: 2019303825
Type: UpUnc
Adr: false
AdrAcKReq: false
Ack: false
Fcnt: 490
Port: 86
Modulation: LORA
Bandwidth: 125
SpreadFactor: 7
Bitrate: 0
CodeRate: 4/5
SNR: 7.2
RSSI: -97
Power: -
Payload(b64): Q1VTVE9NTUVTU0FHRVRFU1RGT1JHUklEQUNUSVZBVElPTg==
Payload(hex): 435553544f4d4d45535341474554455354464f524752494441435449564154494f4e
JSON: {""text"":""CUSTOMMESSAGETESTFORGRIDACTIVATION""}
MIC: 8d4d7c51",25-6_1185(mirror1356).csv,,25-6_1185(mirror1356),1185,1356,"[1185, 1356]",[1185],['R1185'],2026-06-25,2026-06-25 11:55:31+02:00,-97.0,7.2,06139e8c,24E124FFFEFE11C4,24E124C0002A0001,24E124445E318071,Class C,-,2019303825,UpUnc,false,false,false,490,86,LORA,125,7,0,4/5,7.2,-97,-,Q1VTVE9NTUVTU0FHRVRFU1RGT1JHUklEQUNUSVZBVElPTg==,435553544f4d4d45535341474554455354464f524752494441435449564154494f4e,"{""text"":""CUSTOMMESSAGETESTFORGRIDACTIVATION""}",8d4d7c51,86.0,435553544f4d4d45535341474554455354464f524752494441435449564154494f4e,{'text': 'CUSTOMMESSAGETESTFORGRIDACTIVATION'},,CUSTOMMESSAGETESTFORGRIDACTIVATION,['R1185'],R1185,['R1185'],['2026-06-25_R1185_01'],['R1185'],True,2026-06-25,True,True,2026-06-25_R1185_01,2026-06-25,R1185,1,13,assigned_extra_tail,True,0.0,True,7,-83.816,1.1,2026-06-25 11:54:15+02:00,2026-06-25 11:54:15+02:00,,True,True,,45,83,38,0,473,555,0.5421686746987951,0.4578313253012048,0.4578313253012048,tail
24E124445E318071,24E124FFFEFE11C4,868300000,SF7BW125, -96/8.5,34,492,UpUnc,2026-06-25 09:55:40+00:00,"Dev Addr/Multicast Addr: 06139e8c
GwEUI: 24E124FFFEFE11C4
AppEUI: 24E124C0002A0001
Device EUI/Group Name: 24E124445E318071
Class Type: Class C
Immediately: -
Timestamp: 2028394897
Type: UpUnc
Adr: false
AdrAcKReq: false
Ack: false
Fcnt: 492
Port: 86
Modulation: LORA
Bandwidth: 125
SpreadFactor: 7
Bitrate: 0
CodeRate: 4/5
SNR: 8.5
RSSI: -96
Power: -
Payload(b64): Q1VTVE9NTUVTU0FHRVRFU1RGT1JHUklEQUNUSVZBVElPTg==
Payload(hex): 435553544f4d4d45535341474554455354464f524752494441435449564154494f4e
JSON: {""text"":""CUSTOMMESSAGETESTFORGRIDACTIVATION""}
MIC: e0f042ca",25-6_1185(mirror1356).csv,,25-6_1185(mirror1356),1185,1356,"[1185, 1356]",[1185],['R1185'],2026-06-25,2026-06-25 11:55:40+02:00,-96.0,8.5,06139e8c,24E124FFFEFE11C4,24E124C0002A0001,24E124445E318071,Class C,-,2028394897,UpUnc,false,false,false,492,86,LORA,125,7,0,4/5,8.5,-96,-,Q1VTVE9NTUVTU0FHRVRFU1RGT1JHUklEQUNUSVZBVElPTg==,435553544f4d4d45535341474554455354464f524752494441435449564154494f4e,"{""text"":""CUSTOMMESSAGETESTFORGRIDACTIVATION""}",e0f042ca,86.0,435553544f4d4d45535341474554455354464f524752494441435449564154494f4e,{'text': 'CUSTOMMESSAGETESTFORGRIDACTIVATION'},,CUSTOMMESSAGETESTFORGRIDACTIVATION,['R1185'],R1185,['R1185'],['2026-06-25_R1185_01'],['R1185'],True,2026-06-25,True,True,2026-06-25_R1185_01,2026-06-25,R1185,1,13,assigned_extra_tail,True,0.0,True,7,-83.816,1.1,2026-06-25 11:54:15+02:00,2026-06-25 11:54:15+02:00,,True,True,,45,83,38,0,473,555,0.5421686746987951,0.4578313253012048,0.4578313253012048,tail
24E124445E318071,24E124FFFEFE11C4,868500000,SF7BW125, -96/6.2,34,494,UpUnc,2026-06-25 09:55:50+00:00,"Dev Addr/Multicast Addr: 06139e8c
GwEUI: 24E124FFFEFE11C4
AppEUI: 24E124C0002A0001
Device EUI/Group Name: 24E124445E318071
Class Type: Class C
Immediately: -
Timestamp: 2037877847
Type: UpUnc
Adr: false
AdrAcKReq: false
Ack: false
Fcnt: 494
Port: 86
Modulation: LORA
Bandwidth: 125
SpreadFactor: 7
Bitrate: 0
CodeRate: 4/5
SNR: 6.2
RSSI: -96
Power: -
Payload(b64): Q1VTVE9NTUVTU0FHRVRFU1RGT1JHUklEQUNUSVZBVElPTg==
Payload(hex): 435553544f4d4d45535341474554455354464f524752494441435449564154494f4e
JSON: {""text"":""CUSTOMMESSAGETESTFORGRIDACTIVATION""}
MIC: a987251a",25-6_1185(mirror1356).csv,,25-6_1185(mirror1356),1185,1356,"[1185, 1356]",[1185],['R1185'],2026-06-25,2026-06-25 11:55:50+02:00,-96.0,6.2,06139e8c,24E124FFFEFE11C4,24E124C0002A0001,24E124445E318071,Class C,-,2037877847,UpUnc,false,false,false,494,86,LORA,125,7,0,4/5,6.2,-96,-,Q1VTVE9NTUVTU0FHRVRFU1RGT1JHUklEQUNUSVZBVElPTg==,435553544f4d4d45535341474554455354464f524752494441435449564154494f4e,"{""text"":""CUSTOMMESSAGETESTFORGRIDACTIVATION""}",a987251a,86.0,435553544f4d4d45535341474554455354464f524752494441435449564154494f4e,{'text': 'CUSTOMMESSAGETESTFORGRIDACTIVATION'},,CUSTOMMESSAGETESTFORGRIDACTIVATION,['R1185'],R1185,['R1185'],['2026-06-25_R1185_01'],['R1185'],True,2026-06-25,True,True,2026-06-25_R1185_01,2026-06-25,R1185,1,13,assigned_extra_tail,True,0.0,True,7,-83.816,1.1,2026-06-25 11:54:15+02:00,2026-06-25 11:54:15+02:00,,True,True,,45,83,38,0,473,555,0.5421686746987951,0.4578313253012048,0.4578313253012048,tail
24E124445E318071,24E124FFFEFE11C4,868300000,SF7BW125, -95/8.8,34,496,UpUnc,2026-06-25 09:55:59+00:00,"Dev Addr/Multicast Addr: 06139e8c
GwEUI: 24E124FFFEFE11C4
AppEUI: 24E124C0002A0001
Device EUI/Group Name: 24E124445E318071
Class Type: Class C
Immediately: -
Timestamp: 2047440849
Type: UpUnc
Adr: false
AdrAcKReq: false
Ack: false
Fcnt: 496
Port: 86
Modulation: LORA
Bandwidth: 125
SpreadFactor: 7
Bitrate: 0
CodeRate: 4/5
SNR: 8.8
RSSI: -95
Power: -
Payload(b64): Q1VTVE9NTUVTU0FHRVRFU1RGT1JHUklEQUNUSVZBVElPTg==
Payload(hex): 435553544f4d4d45535341474554455354464f524752494441435449564154494f4e
JSON: {""text"":""CUSTOMMESSAGETESTFORGRIDACTIVATION""}
MIC: 0e4d69f2",25-6_1185(mirror1356).csv,,25-6_1185(mirror1356),1185,1356,"[1185, 1356]",[1185],['R1185'],2026-06-25,2026-06-25 11:55:59+02:00,-95.0,8.8,06139e8c,24E124FFFEFE11C4,24E124C0002A0001,24E124445E318071,Class C,-,2047440849,UpUnc,false,false,false,496,86,LORA,125,7,0,4/5,8.8,-95,-,Q1VTVE9NTUVTU0FHRVRFU1RGT1JHUklEQUNUSVZBVElPTg==,435553544f4d4d45535341474554455354464f524752494441435449564154494f4e,"{""text"":""CUSTOMMESSAGETESTFORGRIDACTIVATION""}",0e4d69f2,86.0,435553544f4d4d45535341474554455354464f524752494441435449564154494f4e,{'text': 'CUSTOMMESSAGETESTFORGRIDACTIVATION'},,CUSTOMMESSAGETESTFORGRIDACTIVATION,['R1185'],R1185,['R1185'],['2026-06-25_R1185_01'],['R1185'],True,2026-06-25,True,True,2026-06-25_R1185_01,2026-06-25,R1185,1,13,assigned_extra_tail,True,0.0,True,7,-83.816,1.1,2026-06-25 11:54:15+02:00,2026-06-25 11:54:15+02:00,,True,True,,45,83,38,0,473,555,0.5421686746987951,0.4578313253012048,0.4578313253012048,tail
24E124445E318071,24E124FFFEFE11C4,868500000,SF7BW125, -98/6.0,34,498,UpUnc,2026-06-25 09:56:09+00:00,"Dev Addr/Multicast Addr: 06139e8c
GwEUI: 24E124FFFEFE11C4
AppEUI: 24E124C0002A0001
Device EUI/Group Name: 24E124445E318071
Class Type: Class C
Immediately: -
Timestamp: 2056835860
Type: UpUnc
Adr: false
AdrAcKReq: false
Ack: false
Fcnt: 498
Port: 86
Modulation: LORA
Bandwidth: 125
SpreadFactor: 7
Bitrate: 0
CodeRate: 4/5
SNR: 6.0
RSSI: -98
Power: -
Payload(b64): Q1VTVE9NTUVTU0FHRVRFU1RGT1JHUklEQUNUSVZBVElPTg==
Payload(hex): 435553544f4d4d45535341474554455354464f524752494441435449564154494f4e
JSON: {""text"":""CUSTOMMESSAGETESTFORGRIDACTIVATION""}
MIC: ebf3c9e6",25-6_1185(mirror1356).csv,,25-6_1185(mirror1356),1185,1356,"[1185, 1356]",[1185],['R1185'],2026-06-25,2026-06-25 11:56:09+02:00,-98.0,6.0,06139e8c,24E124FFFEFE11C4,24E124C0002A0001,24E124445E318071,Class C,-,2056835860,UpUnc,false,false,false,498,86,LORA,125,7,0,4/5,6.0,-98,-,Q1VTVE9NTUVTU0FHRVRFU1RGT1JHUklEQUNUSVZBVElPTg==,435553544f4d4d45535341474554455354464f524752494441435449564154494f4e,"{""text"":""CUSTOMMESSAGETESTFORGRIDACTIVATION""}",ebf3c9e6,86.0,435553544f4d4d45535341474554455354464f524752494441435449564154494f4e,{'text': 'CUSTOMMESSAGETESTFORGRIDACTIVATION'},,CUSTOMMESSAGETESTFORGRIDACTIVATION,['R1185'],R1185,['R1185'],['2026-06-25_R1185_01'],['R1185'],True,2026-06-25,True,True,2026-06-25_R1185_01,2026-06-25,R1185,1,13,assigned_extra_tail,True,0.0,True,7,-83.816,1.1,2026-06-25 11:54:15+02:00,2026-06-25 11:54:15+02:00,,True,True,,45,83,38,0,473,555,0.5421686746987951,0.4578313253012048,0.4578313253012048,tail
24E124445E318071,24E124FFFEFE11C4,868300000,SF7BW125, -98/6.8,34,500,UpUnc,2026-06-25 09:56:16+00:00,"Dev Addr/Multicast Addr: 06139e8c
GwEUI: 24E124FFFEFE11C4
AppEUI: 24E124C0002A0001
Device EUI/Group Name: 24E124445E318071
Class Type: Class C
Immediately: -
Timestamp: 2064328880
Type: UpUnc
Adr: false
AdrAcKReq: false
Ack: false
Fcnt: 500
Port: 86
Modulation: LORA
Bandwidth: 125
SpreadFactor: 7
Bitrate: 0
CodeRate: 4/5
SNR: 6.8
RSSI: -98
Power: -
Payload(b64): Q1VTVE9NTUVTU0FHRVRFU1RGT1JHUklEQUNUSVZBVElPTg==
Payload(hex): 435553544f4d4d45535341474554455354464f524752494441435449564154494f4e
JSON: {""text"":""CUSTOMMESSAGETESTFORGRIDACTIVATION""}
MIC: 1b567b4a",25-6_1185(mirror1356).csv,,25-6_1185(mirror1356),1185,1356,"[1185, 1356]",[1185],['R1185'],2026-06-25,2026-06-25 11:56:16+02:00,-98.0,6.8,06139e8c,24E124FFFEFE11C4,24E124C0002A0001,24E124445E318071,Class C,-,2064328880,UpUnc,false,false,false,500,86,LORA,125,7,0,4/5,6.8,-98,-,Q1VTVE9NTUVTU0FHRVRFU1RGT1JHUklEQUNUSVZBVElPTg==,435553544f4d4d45535341474554455354464f524752494441435449564154494f4e,"{""text"":""CUSTOMMESSAGETESTFORGRIDACTIVATION""}",1b567b4a,86.0,435553544f4d4d45535341474554455354464f524752494441435449564154494f4e,{'text': 'CUSTOMMESSAGETESTFORGRIDACTIVATION'},,CUSTOMMESSAGETESTFORGRIDACTIVATION,['R1185'],R1185,['R1185'],['2026-06-25_R1185_01'],['R1185'],True,2026-06-25,True,True,2026-06-25_R1185_01,2026-06-25,R1185,1,13,assigned_extra_tail,True,0.0,True,7,-83.816,1.1,2026-06-25 11:54:15+02:00,2026-06-25 11:54:15+02:00,,True,True,,45,83,38,0,473,555,0.5421686746987951,0.4578313253012048,0.4578313253012048,tail
24E124445E318071,24E124FFFEFE11C4,868300000,SF7BW125, -97/5.2,34,502,UpUnc,2026-06-25 09:56:26+00:00,"Dev Addr/Multicast Addr: 06139e8c
GwEUI: 24E124FFFEFE11C4
AppEUI: 24E124C0002A0001
Device EUI/Group Name: 24E124445E318071
Class Type: Class C
Immediately: -
Timestamp: 2074644791
Type: UpUnc
Adr: false
AdrAcKReq: false
Ack: false
Fcnt: 502
Port: 86
Modulation: LORA
Bandwidth: 125
SpreadFactor: 7
Bitrate: 0
CodeRate: 4/5
SNR: 5.2
RSSI: -97
Power: -
Payload(b64): Q1VTVE9NTUVTU0FHRVRFU1RGT1JHUklEQUNUSVZBVElPTg==
Payload(hex): 435553544f4d4d45535341474554455354464f524752494441435449564154494f4e
JSON: {""text"":""CUSTOMMESSAGETESTFORGRIDACTIVATION""}
MIC: 424a1637",25-6_1185(mirror1356).csv,,25-6_1185(mirror1356),1185,1356,"[1185, 1356]",[1185],['R1185'],2026-06-25,2026-06-25 11:56:26+02:00,-97.0,5.2,06139e8c,24E124FFFEFE11C4,24E124C0002A0001,24E124445E318071,Class C,-,2074644791,UpUnc,false,false,false,502,86,LORA,125,7,0,4/5,5.2,-97,-,Q1VTVE9NTUVTU0FHRVRFU1RGT1JHUklEQUNUSVZBVElPTg==,435553544f4d4d45535341474554455354464f524752494441435449564154494f4e,"{""text"":""CUSTOMMESSAGETESTFORGRIDACTIVATION""}",424a1637,86.0,435553544f4d4d45535341474554455354464f524752494441435449564154494f4e,{'text': 'CUSTOMMESSAGETESTFORGRIDACTIVATION'},,CUSTOMMESSAGETESTFORGRIDACTIVATION,['R1185'],R1185,['R1185'],['2026-06-25_R1185_01'],['R1185'],True,2026-06-25,True,True,2026-06-25_R1185_01,2026-06-25,R1185,1,13,assigned_extra_tail,True,0.0,True,7,-83.816,1.1,2026-06-25 11:54:15+02:00,2026-06-25 11:54:15+02:00,,True,True,,45,83,38,0,473,555,0.5421686746987951,0.4578313253012048,0.4578313253012048,tail
24E124445E318071,24E124FFFEFE11C4,868500000,SF7BW125, -97/0.5,34,504,UpUnc,2026-06-25 09:56:33+00:00,"Dev Addr/Multicast Addr: 06139e8c
GwEUI: 24E124FFFEFE11C4
AppEUI: 24E124C0002A0001
Device EUI/Group Name: 24E124445E318071
Class Type: Class C
Immediately: -
Timestamp: 2081711821
Type: UpUnc
Adr: false
AdrAcKReq: false
Ack: false
Fcnt: 504
Port: 86
Modulation: LORA
Bandwidth: 125
SpreadFactor: 7
Bitrate: 0
CodeRate: 4/5
SNR: 0.5
RSSI: -97
Power: -
Payload(b64): Q1VTVE9NTUVTU0FHRVRFU1RGT1JHUklEQUNUSVZBVElPTg==
Payload(hex): 435553544f4d4d45535341474554455354464f524752494441435449564154494f4e
JSON: {""text"":""CUSTOMMESSAGETESTFORGRIDACTIVATION""}
MIC: c3090446",25-6_1185(mirror1356).csv,,25-6_1185(mirror1356),1185,1356,"[1185, 1356]",[1185],['R1185'],2026-06-25,2026-06-25 11:56:33+02:00,-97.0,0.5,06139e8c,24E124FFFEFE11C4,24E124C0002A0001,24E124445E318071,Class C,-,2081711821,UpUnc,false,false,false,504,86,LORA,125,7,0,4/5,0.5,-97,-,Q1VTVE9NTUVTU0FHRVRFU1RGT1JHUklEQUNUSVZBVElPTg==,435553544f4d4d45535341474554455354464f524752494441435449564154494f4e,"{""text"":""CUSTOMMESSAGETESTFORGRIDACTIVATION""}",c3090446,86.0,435553544f4d4d45535341474554455354464f524752494441435449564154494f4e,{'text': 'CUSTOMMESSAGETESTFORGRIDACTIVATION'},,CUSTOMMESSAGETESTFORGRIDACTIVATION,['R1185'],R1185,['R1185'],['2026-06-25_R1185_01'],['R1185'],True,2026-06-25,True,True,2026-06-25_R1185_01,2026-06-25,R1185,1,13,assigned_extra_tail,True,0.0,True,7,-83.816,1.1,2026-06-25 11:54:15+02:00,2026-06-25 11:54:15+02:00,,True,True,,45,83,38,0,473,555,0.5421686746987951,0.4578313253012048,0.4578313253012048,tail
24E124445E318071,24E124FFFEFE11C4,868500000,SF7BW125, -99/5.0,34,506,UpUnc,2026-06-25 09:56:42+00:00,"Dev Addr/Multicast Addr: 06139e8c
GwEUI: 24E124FFFEFE11C4
AppEUI: 24E124C0002A0001
Device EUI/Group Name: 24E124445E318071
Class Type: Class C
Immediately: -
Timestamp: 2090175349
Type: UpUnc
Adr: false
AdrAcKReq: false
Ack: false
Fcnt: 506
Port: 86
Modulation: LORA
Bandwidth: 125
SpreadFactor: 7
Bitrate: 0
CodeRate: 4/5
SNR: 5.0
RSSI: -99
Power: -
Payload(b64): Q1VTVE9NTUVTU0FHRVRFU1RGT1JHUklEQUNUSVZBVElPTg==
Payload(hex): 435553544f4d4d45535341474554455354464f524752494441435449564154494f4e
JSON: {""text"":""CUSTOMMESSAGETESTFORGRIDACTIVATION""}
MIC: c6764e83",25-6_1185(mirror1356).csv,,25-6_1185(mirror1356),1185,1356,"[1185, 1356]",[1185],['R1185'],2026-06-25,2026-06-25 11:56:42+02:00,-99.0,5.0,06139e8c,24E124FFFEFE11C4,24E124C0002A0001,24E124445E318071,Class C,-,2090175349,UpUnc,false,false,false,506,86,LORA,125,7,0,4/5,5.0,-99,-,Q1VTVE9NTUVTU0FHRVRFU1RGT1JHUklEQUNUSVZBVElPTg==,435553544f4d4d45535341474554455354464f524752494441435449564154494f4e,"{""text"":""CUSTOMMESSAGETESTFORGRIDACTIVATION""}",c6764e83,86.0,435553544f4d4d45535341474554455354464f524752494441435449564154494f4e,{'text': 'CUSTOMMESSAGETESTFORGRIDACTIVATION'},,CUSTOMMESSAGETESTFORGRIDACTIVATION,['R1185'],R1185,['R1185'],['2026-06-25_R1185_01'],['R1185'],True,2026-06-25,True,True,2026-06-25_R1185_01,2026-06-25,R1185,1,13,assigned_extra_tail,True,0.0,True,7,-83.816,1.1,2026-06-25 11:54:15+02:00,2026-06-25 11:54:15+02:00,,True,True,,45,83,38,0,473,555,0.5421686746987951,0.4578313253012048,0.4578313253012048,tail
24E124445E318071,24E124FFFEFE11C4,868500000,SF7BW125, -98/5.5,34,508,UpUnc,2026-06-25 09:56:52+00:00,"Dev Addr/Multicast Addr: 06139e8c
GwEUI: 24E124FFFEFE11C4
AppEUI: 24E124C0002A0001
Device EUI/Group Name: 24E124445E318071
Class Type: Class C
Immediately: -
Timestamp: 2100184839
Type: UpUnc
Adr: false
AdrAcKReq: false
Ack: false
Fcnt: 508
Port: 86
Modulation: LORA
Bandwidth: 125
SpreadFactor: 7
Bitrate: 0
CodeRate: 4/5
SNR: 5.5
RSSI: -98
Power: -
Payload(b64): Q1VTVE9NTUVTU0FHRVRFU1RGT1JHUklEQUNUSVZBVElPTg==
Payload(hex): 435553544f4d4d45535341474554455354464f524752494441435449564154494f4e
JSON: {""text"":""CUSTOMMESSAGETESTFORGRIDACTIVATION""}
MIC: c8801d03",25-6_1185(mirror1356).csv,,25-6_1185(mirror1356),1185,1356,"[1185, 1356]",[1185],['R1185'],2026-06-25,2026-06-25 11:56:52+02:00,-98.0,5.5,06139e8c,24E124FFFEFE11C4,24E124C0002A0001,24E124445E318071,Class C,-,2100184839,UpUnc,false,false,false,508,86,LORA,125,7,0,4/5,5.5,-98,-,Q1VTVE9NTUVTU0FHRVRFU1RGT1JHUklEQUNUSVZBVElPTg==,435553544f4d4d45535341474554455354464f524752494441435449564154494f4e,"{""text"":""CUSTOMMESSAGETESTFORGRIDACTIVATION""}",c8801d03,86.0,435553544f4d4d45535341474554455354464f524752494441435449564154494f4e,{'text': 'CUSTOMMESSAGETESTFORGRIDACTIVATION'},,CUSTOMMESSAGETESTFORGRIDACTIVATION,['R1185'],R1185,['R1185'],['2026-06-25_R1185_01'],['R1185'],True,2026-06-25,True,True,2026-06-25_R1185_01,2026-06-25,R1185,1,13,assigned_extra_tail,True,0.0,True,7,-83.816,1.1,2026-06-25 11:54:15+02:00,2026-06-25 11:54:15+02:00,,True,True,,45,83,38,0,473,555,0.5421686746987951,0.4578313253012048,0.4578313253012048,tail
24E124445E318071,24E124FFFEFE11C4,868300000,SF7BW125, -98/6.0,34,510,UpUnc,2026-06-25 09:57:01+00:00,"Dev Addr/Multicast Addr: 06139e8c
GwEUI: 24E124FFFEFE11C4
AppEUI: 24E124C0002A0001
Device EUI/Group Name: 24E124445E318071
Class Type: Class C
Immediately: -
Timestamp: 2109379829
Type: UpUnc
Adr: false
AdrAcKReq: false
Ack: false
Fcnt: 510
Port: 86
Modulation: LORA
Bandwidth: 125
SpreadFactor: 7
Bitrate: 0
CodeRate: 4/5
SNR: 6.0
RSSI: -98
Power: -
Payload(b64): Q1VTVE9NTUVTU0FHRVRFU1RGT1JHUklEQUNUSVZBVElPTg==
Payload(hex): 435553544f4d4d45535341474554455354464f524752494441435449564154494f4e
JSON: {""text"":""CUSTOMMESSAGETESTFORGRIDACTIVATION""}
MIC: e9a12297",25-6_1185(mirror1356).csv,,25-6_1185(mirror1356),1185,1356,"[1185, 1356]",[1185],['R1185'],2026-06-25,2026-06-25 11:57:01+02:00,-98.0,6.0,06139e8c,24E124FFFEFE11C4,24E124C0002A0001,24E124445E318071,Class C,-,2109379829,UpUnc,false,false,false,510,86,LORA,125,7,0,4/5,6.0,-98,-,Q1VTVE9NTUVTU0FHRVRFU1RGT1JHUklEQUNUSVZBVElPTg==,435553544f4d4d45535341474554455354464f524752494441435449564154494f4e,"{""text"":""CUSTOMMESSAGETESTFORGRIDACTIVATION""}",e9a12297,86.0,435553544f4d4d45535341474554455354464f524752494441435449564154494f4e,{'text': 'CUSTOMMESSAGETESTFORGRIDACTIVATION'},,CUSTOMMESSAGETESTFORGRIDACTIVATION,['R1185'],R1185,['R1185'],['2026-06-25_R1185_01'],['R1185'],True,2026-06-25,True,True,2026-06-25_R1185_01,2026-06-25,R1185,1,13,assigned_extra_tail,True,0.0,True,7,-83.816,1.1,2026-06-25 11:54:15+02:00,2026-06-25 11:54:15+02:00,,True,True,,45,83,38,0,473,555,0.5421686746987951,0.4578313253012048,0.4578313253012048,tail
24E124445E318071,24E124FFFEFE11C4,868300000,SF7BW125, -98/6.5,34,512,UpUnc,2026-06-25 09:57:12+00:00,"Dev Addr/Multicast Addr: 06139e8c
GwEUI: 24E124FFFEFE11C4
AppEUI: 24E124C0002A0001
Device EUI/Group Name: 24E124445E318071
Class Type: Class C
Immediately: -
Timestamp: 2119765803
Type: UpUnc
Adr: false
AdrAcKReq: false
Ack: false
Fcnt: 512
Port: 86
Modulation: LORA
Bandwidth: 125
SpreadFactor: 7
Bitrate: 0
CodeRate: 4/5
SNR: 6.5
RSSI: -98
Power: -
Payload(b64): Q1VTVE9NTUVTU0FHRVRFU1RGT1JHUklEQUNUSVZBVElPTg==
Payload(hex): 435553544f4d4d45535341474554455354464f524752494441435449564154494f4e
JSON: {""text"":""CUSTOMMESSAGETESTFORGRIDACTIVATION""}
MIC: 89b4797b",25-6_1185(mirror1356).csv,,25-6_1185(mirror1356),1185,1356,"[1185, 1356]",[1185],['R1185'],2026-06-25,2026-06-25 11:57:12+02:00,-98.0,6.5,06139e8c,24E124FFFEFE11C4,24E124C0002A0001,24E124445E318071,Class C,-,2119765803,UpUnc,false,false,false,512,86,LORA,125,7,0,4/5,6.5,-98,-,Q1VTVE9NTUVTU0FHRVRFU1RGT1JHUklEQUNUSVZBVElPTg==,435553544f4d4d45535341474554455354464f524752494441435449564154494f4e,"{""text"":""CUSTOMMESSAGETESTFORGRIDACTIVATION""}",89b4797b,86.0,435553544f4d4d45535341474554455354464f524752494441435449564154494f4e,{'text': 'CUSTOMMESSAGETESTFORGRIDACTIVATION'},,CUSTOMMESSAGETESTFORGRIDACTIVATION,['R1185'],R1185,['R1185'],['2026-06-25_R1185_01'],['R1185'],True,2026-06-25,True,True,2026-06-25_R1185_01,2026-06-25,R1185,1,13,assigned_extra_tail,True,0.0,True,7,-83.816,1.1,2026-06-25 11:54:15+02:00,2026-06-25 11:54:15+02:00,,True,True,,45,83,38,0,473,555,0.5421686746987951,0.4578313253012048,0.4578313253012048,tail
24E124445E318071,24E124FFFEFE11C4,868300000,SF7BW125, -98/6.8,34,514,UpUnc,2026-06-25 09:57:21+00:00,"Dev Addr/Multicast Addr: 06139e8c
GwEUI: 24E124FFFEFE11C4
AppEUI: 24E124C0002A0001
Device EUI/Group Name: 24E124445E318071
Class Type: Class C
Immediately: -
Timestamp: 2129174753
Type: UpUnc
Adr: false
AdrAcKReq: false
Ack: false
Fcnt: 514
Port: 86
Modulation: LORA
Bandwidth: 125
SpreadFactor: 7
Bitrate: 0
CodeRate: 4/5
SNR: 6.8
RSSI: -98
Power: -
Payload(b64): Q1VTVE9NTUVTU0FHRVRFU1RGT1JHUklEQUNUSVZBVElPTg==
Payload(hex): 435553544f4d4d45535341474554455354464f524752494441435449564154494f4e
JSON: {""text"":""CUSTOMMESSAGETESTFORGRIDACTIVATION""}
MIC: f2094ea4",25-6_1185(mirror1356).csv,,25-6_1185(mirror1356),1185,1356,"[1185, 1356]",[1185],['R1185'],2026-06-25,2026-06-25 11:57:21+02:00,-98.0,6.8,06139e8c,24E124FFFEFE11C4,24E124C0002A0001,24E124445E318071,Class C,-,2129174753,UpUnc,false,false,false,514,86,LORA,125,7,0,4/5,6.8,-98,-,Q1VTVE9NTUVTU0FHRVRFU1RGT1JHUklEQUNUSVZBVElPTg==,435553544f4d4d45535341474554455354464f524752494441435449564154494f4e,"{""text"":""CUSTOMMESSAGETESTFORGRIDACTIVATION""}",f2094ea4,86.0,435553544f4d4d45535341474554455354464f524752494441435449564154494f4e,{'text': 'CUSTOMMESSAGETESTFORGRIDACTIVATION'},,CUSTOMMESSAGETESTFORGRIDACTIVATION,['R1185'],R1185,['R1185'],['2026-06-25_R1185_01'],['R1185'],True,2026-06-25,True,True,2026-06-25_R1185_01,2026-06-25,R1185,1,13,assigned_extra_tail,True,0.0,True,7,-83.816,1.1,2026-06-25 11:54:15+02:00,2026-06-25 11:54:15+02:00,,True,True,,45,83,38,0,473,555,0.5421686746987951,0.4578313253012048,0.4578313253012048,tail
24E124445E318071,24E124FFFEFE11C4,868500000,SF7BW125, -97/6.0,34,516,UpUnc,2026-06-25 09:57:29+00:00,"Dev Addr/Multicast Addr: 06139e8c
GwEUI: 24E124FFFEFE11C4
AppEUI: 24E124C0002A0001
Device EUI/Group Name: 24E124445E318071
Class Type: Class C
Immediately: -
Timestamp: 2137618809
Type: UpUnc
Adr: false
AdrAcKReq: false
Ack: false
Fcnt: 516
Port: 86
Modulation: LORA
Bandwidth: 125
SpreadFactor: 7
Bitrate: 0
CodeRate: 4/5
SNR: 6.0
RSSI: -97
Power: -
Payload(b64): Q1VTVE9NTUVTU0FHRVRFU1RGT1JHUklEQUNUSVZBVElPTg==
Payload(hex): 435553544f4d4d45535341474554455354464f524752494441435449564154494f4e
JSON: {""text"":""CUSTOMMESSAGETESTFORGRIDACTIVATION""}
MIC: 671aa884",25-6_1185(mirror1356).csv,,25-6_1185(mirror1356),1185,1356,"[1185, 1356]",[1185],['R1185'],2026-06-25,2026-06-25 11:57:29+02:00,-97.0,6.0,06139e8c,24E124FFFEFE11C4,24E124C0002A0001,24E124445E318071,Class C,-,2137618809,UpUnc,false,false,false,516,86,LORA,125,7,0,4/5,6.0,-97,-,Q1VTVE9NTUVTU0FHRVRFU1RGT1JHUklEQUNUSVZBVElPTg==,435553544f4d4d45535341474554455354464f524752494441435449564154494f4e,"{""text"":""CUSTOMMESSAGETESTFORGRIDACTIVATION""}",671aa884,86.0,435553544f4d4d45535341474554455354464f524752494441435449564154494f4e,{'text': 'CUSTOMMESSAGETESTFORGRIDACTIVATION'},,CUSTOMMESSAGETESTFORGRIDACTIVATION,['R1185'],R1185,['R1185'],['2026-06-25_R1185_01'],['R1185'],True,2026-06-25,True,True,2026-06-25_R1185_01,2026-06-25,R1185,1,13,assigned_extra_tail,True,0.0,True,7,-83.816,1.1,2026-06-25 11:54:15+02:00,2026-06-25 11:54:15+02:00,,True,True,,45,83,38,0,473,555,0.5421686746987951,0.4578313253012048,0.4578313253012048,tail
24E124445E318071,24E124FFFEFE11C4,868500000,SF7BW125, -98/1.2,34,518,UpUnc,2026-06-25 09:57:38+00:00,"Dev Addr/Multicast Addr: 06139e8c
GwEUI: 24E124FFFEFE11C4
AppEUI: 24E124C0002A0001
Device EUI/Group Name: 24E124445E318071
Class Type: Class C
Immediately: -
Timestamp: 2146581747
Type: UpUnc
Adr: false
AdrAcKReq: false
Ack: false
Fcnt: 518
Port: 86
Modulation: LORA
Bandwidth: 125
SpreadFactor: 7
Bitrate: 0
CodeRate: 4/5
SNR: 1.2
RSSI: -98
Power: -
Payload(b64): Q1VTVE9NTUVTU0FHRVRFU1RGT1JHUklEQUNUSVZBVElPTg==
Payload(hex): 435553544f4d4d45535341474554455354464f524752494441435449564154494f4e
JSON: {""text"":""CUSTOMMESSAGETESTFORGRIDACTIVATION""}
MIC: 25b140c8",25-6_1185(mirror1356).csv,,25-6_1185(mirror1356),1185,1356,"[1185, 1356]",[1185],['R1185'],2026-06-25,2026-06-25 11:57:38+02:00,-98.0,1.2,06139e8c,24E124FFFEFE11C4,24E124C0002A0001,24E124445E318071,Class C,-,2146581747,UpUnc,false,false,false,518,86,LORA,125,7,0,4/5,1.2,-98,-,Q1VTVE9NTUVTU0FHRVRFU1RGT1JHUklEQUNUSVZBVElPTg==,435553544f4d4d45535341474554455354464f524752494441435449564154494f4e,"{""text"":""CUSTOMMESSAGETESTFORGRIDACTIVATION""}",25b140c8,86.0,435553544f4d4d45535341474554455354464f524752494441435449564154494f4e,{'text': 'CUSTOMMESSAGETESTFORGRIDACTIVATION'},,CUSTOMMESSAGETESTFORGRIDACTIVATION,['R1185'],R1185,['R1185'],['2026-06-25_R1185_01'],['R1185'],True,2026-06-25,True,True,2026-06-25_R1185_01,2026-06-25,R1185,1,13,assigned_extra_tail,True,0.0,True,7,-83.816,1.1,2026-06-25 11:54:15+02:00,2026-06-25 11:54:15+02:00,,True,True,,45,83,38,0,473,555,0.5421686746987951,0.4578313253012048,0.4578313253012048,tail
24E124445E318071,24E124FFFEFE11C4,868300000,SF7BW125, -99/6.5,34,520,UpUnc,2026-06-25 09:57:49+00:00,"Dev Addr/Multicast Addr: 06139e8c
GwEUI: 24E124FFFEFE11C4
AppEUI: 24E124C0002A0001
Device EUI/Group Name: 24E124445E318071
Class Type: Class C
Immediately: -
Timestamp: 2157265788
Type: UpUnc
Adr: false
AdrAcKReq: false
Ack: false
Fcnt: 520
Port: 86
Modulation: LORA
Bandwidth: 125
SpreadFactor: 7
Bitrate: 0
CodeRate: 4/5
SNR: 6.5
RSSI: -99
Power: -
Payload(b64): Q1VTVE9NTUVTU0FHRVRFU1RGT1JHUklEQUNUSVZBVElPTg==
Payload(hex): 435553544f4d4d45535341474554455354464f524752494441435449564154494f4e
JSON: {""text"":""CUSTOMMESSAGETESTFORGRIDACTIVATION""}
MIC: b25c7431",25-6_1185(mirror1356).csv,,25-6_1185(mirror1356),1185,1356,"[1185, 1356]",[1185],['R1185'],2026-06-25,2026-06-25 11:57:49+02:00,-99.0,6.5,06139e8c,24E124FFFEFE11C4,24E124C0002A0001,24E124445E318071,Class C,-,2157265788,UpUnc,false,false,false,520,86,LORA,125,7,0,4/5,6.5,-99,-,Q1VTVE9NTUVTU0FHRVRFU1RGT1JHUklEQUNUSVZBVElPTg==,435553544f4d4d45535341474554455354464f524752494441435449564154494f4e,"{""text"":""CUSTOMMESSAGETESTFORGRIDACTIVATION""}",b25c7431,86.0,435553544f4d4d45535341474554455354464f524752494441435449564154494f4e,{'text': 'CUSTOMMESSAGETESTFORGRIDACTIVATION'},,CUSTOMMESSAGETESTFORGRIDACTIVATION,['R1185'],R1185,['R1185'],['2026-06-25_R1185_01'],['R1185'],True,2026-06-25,True,True,2026-06-25_R1185_01,2026-06-25,R1185,1,13,assigned_extra_tail,True,0.0,True,7,-83.816,1.1,2026-06-25 11:54:15+02:00,2026-06-25 11:54:15+02:00,,True,True,,45,83,38,0,473,555,0.5421686746987951,0.4578313253012048,0.4578313253012048,tail
24E124445E318071,24E124FFFEFE11C4,868500000,SF7BW125, -98/1.5,34,522,UpUnc,2026-06-25 09:57:58+00:00,"Dev Addr/Multicast Addr: 06139e8c
GwEUI: 24E124FFFEFE11C4
AppEUI: 24E124C0002A0001
Device EUI/Group Name: 24E124445E318071
Class Type: Class C
Immediately: -
Timestamp: 2166234765
Type: UpUnc
Adr: false
AdrAcKReq: false
Ack: false
Fcnt: 522
Port: 86
Modulation: LORA
Bandwidth: 125
SpreadFactor: 7
Bitrate: 0
CodeRate: 4/5
SNR: 1.5
RSSI: -98
Power: -
Payload(b64): Q1VTVE9NTUVTU0FHRVRFU1RGT1JHUklEQUNUSVZBVElPTg==
Payload(hex): 435553544f4d4d45535341474554455354464f524752494441435449564154494f4e
JSON: {""text"":""CUSTOMMESSAGETESTFORGRIDACTIVATION""}
MIC: c5994d2e",25-6_1185(mirror1356).csv,,25-6_1185(mirror1356),1185,1356,"[1185, 1356]",[1185],['R1185'],2026-06-25,2026-06-25 11:57:58+02:00,-98.0,1.5,06139e8c,24E124FFFEFE11C4,24E124C0002A0001,24E124445E318071,Class C,-,2166234765,UpUnc,false,false,false,522,86,LORA,125,7,0,4/5,1.5,-98,-,Q1VTVE9NTUVTU0FHRVRFU1RGT1JHUklEQUNUSVZBVElPTg==,435553544f4d4d45535341474554455354464f524752494441435449564154494f4e,"{""text"":""CUSTOMMESSAGETESTFORGRIDACTIVATION""}",c5994d2e,86.0,435553544f4d4d45535341474554455354464f524752494441435449564154494f4e,{'text': 'CUSTOMMESSAGETESTFORGRIDACTIVATION'},,CUSTOMMESSAGETESTFORGRIDACTIVATION,['R1185'],R1185,['R1185'],['2026-06-25_R1185_01'],['R1185'],True,2026-06-25,True,True,2026-06-25_R1185_01,2026-06-25,R1185,1,13,assigned_extra_tail,True,0.0,True,7,-83.816,1.1,2026-06-25 11:54:15+02:00,2026-06-25 11:54:15+02:00,,True,True,,45,83,38,0,473,555,0.5421686746987951,0.4578313253012048,0.4578313253012048,tail
24E124445E318071,24E124FFFEFE11C4,868100000,SF7BW125, -99/6.5,34,524,UpUnc,2026-06-25 09:58:07+00:00,"Dev Addr/Multicast Addr: 06139e8c
GwEUI: 24E124FFFEFE11C4
AppEUI: 24E124C0002A0001
Device EUI/Group Name: 24E124445E318071
Class Type: Class C
Immediately: -
Timestamp: 2175129772
Type: UpUnc
Adr: false
AdrAcKReq: false
Ack: false
Fcnt: 524
Port: 86
Modulation: LORA
Bandwidth: 125
SpreadFactor: 7
Bitrate: 0
CodeRate: 4/5
SNR: 6.5
RSSI: -99
Power: -
Payload(b64): Q1VTVE9NTUVTU0FHRVRFU1RGT1JHUklEQUNUSVZBVElPTg==
Payload(hex): 435553544f4d4d45535341474554455354464f524752494441435449564154494f4e
JSON: {""text"":""CUSTOMMESSAGETESTFORGRIDACTIVATION""}
MIC: 1edd665d",25-6_1185(mirror1356).csv,,25-6_1185(mirror1356),1185,1356,"[1185, 1356]",[1185],['R1185'],2026-06-25,2026-06-25 11:58:07+02:00,-99.0,6.5,06139e8c,24E124FFFEFE11C4,24E124C0002A0001,24E124445E318071,Class C,-,2175129772,UpUnc,false,false,false,524,86,LORA,125,7,0,4/5,6.5,-99,-,Q1VTVE9NTUVTU0FHRVRFU1RGT1JHUklEQUNUSVZBVElPTg==,435553544f4d4d45535341474554455354464f524752494441435449564154494f4e,"{""text"":""CUSTOMMESSAGETESTFORGRIDACTIVATION""}",1edd665d,86.0,435553544f4d4d45535341474554455354464f524752494441435449564154494f4e,{'text': 'CUSTOMMESSAGETESTFORGRIDACTIVATION'},,CUSTOMMESSAGETESTFORGRIDACTIVATION,['R1185'],R1185,['R1185'],['2026-06-25_R1185_01'],['R1185'],True,2026-06-25,True,True,2026-06-25_R1185_01,2026-06-25,R1185,1,13,assigned_extra_tail,True,0.0,True,7,-83.816,1.1,2026-06-25 11:54:15+02:00,2026-06-25 11:54:15+02:00,,True,True,,45,83,38,0,473,555,0.5421686746987951,0.4578313253012048,0.4578313253012048,tail
24E124445E318071,24E124FFFEFE11C4,868100000,SF7BW125, -98/6.8,34,526,UpUnc,2026-06-25 09:58:16+00:00,"Dev Addr/Multicast Addr: 06139e8c
GwEUI: 24E124FFFEFE11C4
AppEUI: 24E124C0002A0001
Device EUI/Group Name: 24E124445E318071
Class Type: Class C
Immediately: -
Timestamp: 2184389798
Type: UpUnc
Adr: false
AdrAcKReq: false
Ack: false
Fcnt: 526
Port: 86
Modulation: LORA
Bandwidth: 125
SpreadFactor: 7
Bitrate: 0
CodeRate: 4/5
SNR: 6.8
RSSI: -98
Power: -
Payload(b64): Q1VTVE9NTUVTU0FHRVRFU1RGT1JHUklEQUNUSVZBVElPTg==
Payload(hex): 435553544f4d4d45535341474554455354464f524752494441435449564154494f4e
JSON: {""text"":""CUSTOMMESSAGETESTFORGRIDACTIVATION""}
MIC: 70c867aa",25-6_1185(mirror1356).csv,,25-6_1185(mirror1356),1185,1356,"[1185, 1356]",[1185],['R1185'],2026-06-25,2026-06-25 11:58:16+02:00,-98.0,6.8,06139e8c,24E124FFFEFE11C4,24E124C0002A0001,24E124445E318071,Class C,-,2184389798,UpUnc,false,false,false,526,86,LORA,125,7,0,4/5,6.8,-98,-,Q1VTVE9NTUVTU0FHRVRFU1RGT1JHUklEQUNUSVZBVElPTg==,435553544f4d4d45535341474554455354464f524752494441435449564154494f4e,"{""text"":""CUSTOMMESSAGETESTFORGRIDACTIVATION""}",70c867aa,86.0,435553544f4d4d45535341474554455354464f524752494441435449564154494f4e,{'text': 'CUSTOMMESSAGETESTFORGRIDACTIVATION'},,CUSTOMMESSAGETESTFORGRIDACTIVATION,['R1185'],R1185,['R1185'],['2026-06-25_R1185_01'],['R1185'],True,2026-06-25,True,True,2026-06-25_R1185_01,2026-06-25,R1185,1,13,assigned_extra_tail,True,0.0,True,7,-83.816,1.1,2026-06-25 11:54:15+02:00,2026-06-25 11:54:15+02:00,,True,True,,45,83,38,0,473,555,0.5421686746987951,0.4578313253012048,0.4578313253012048,tail
24E124445E318071,24E124FFFEFE11C4,868100000,SF7BW125, -96/-0.2,34,527,UpUnc,2026-06-25 09:58:22+00:00,"Dev Addr/Multicast Addr: 06139e8c
GwEUI: 24E124FFFEFE11C4
AppEUI: 24E124C0002A0001
Device EUI/Group Name: 24E124445E318071
Class Type: Class C
Immediately: -
Timestamp: 2189945725
Type: UpUnc
Adr: false
AdrAcKReq: false
Ack: false
Fcnt: 527
Port: 86
Modulation: LORA
Bandwidth: 125
SpreadFactor: 7
Bitrate: 0
CodeRate: 4/5
SNR: -0.2
RSSI: -96
Power: -
Payload(b64): Q1VTVE9NTUVTU0FHRVRFU1RGT1JHUklEQUNUSVZBVElPTg==
Payload(hex): 435553544f4d4d45535341474554455354464f524752494441435449564154494f4e
JSON: {""text"":""CUSTOMMESSAGETESTFORGRIDACTIVATION""}
MIC: c50e2a16",25-6_1185(mirror1356).csv,,25-6_1185(mirror1356),1185,1356,"[1185, 1356]",[1185],['R1185'],2026-06-25,2026-06-25 11:58:22+02:00,-96.0,-0.2,06139e8c,24E124FFFEFE11C4,24E124C0002A0001,24E124445E318071,Class C,-,2189945725,UpUnc,false,false,false,527,86,LORA,125,7,0,4/5,-0.2,-96,-,Q1VTVE9NTUVTU0FHRVRFU1RGT1JHUklEQUNUSVZBVElPTg==,435553544f4d4d45535341474554455354464f524752494441435449564154494f4e,"{""text"":""CUSTOMMESSAGETESTFORGRIDACTIVATION""}",c50e2a16,86.0,435553544f4d4d45535341474554455354464f524752494441435449564154494f4e,{'text': 'CUSTOMMESSAGETESTFORGRIDACTIVATION'},,CUSTOMMESSAGETESTFORGRIDACTIVATION,['R1185'],R1185,['R1185'],['2026-06-25_R1185_01'],['R1185'],True,2026-06-25,True,True,2026-06-25_R1185_01,2026-06-25,R1185,1,13,assigned_extra_tail,True,0.0,True,7,-83.816,1.1,2026-06-25 11:54:15+02:00,2026-06-25 11:54:15+02:00,,True,True,,45,83,38,0,473,555,0.5421686746987951,0.4578313253012048,0.4578313253012048,tail
24E124445E318071,24E124FFFEFE11C4,868100000,SF7BW125, -99/5.8,34,529,UpUnc,2026-06-25 09:58:31+00:00,"Dev Addr/Multicast Addr: 06139e8c
GwEUI: 24E124FFFEFE11C4
AppEUI: 24E124C0002A0001
Device EUI/Group Name: 24E124445E318071
Class Type: Class C
Immediately: -
Timestamp: 2198849795
Type: UpUnc
Adr: false
AdrAcKReq: false
Ack: false
Fcnt: 529
Port: 86
Modulation: LORA
Bandwidth: 125
SpreadFactor: 7
Bitrate: 0
CodeRate: 4/5
SNR: 5.8
RSSI: -99
Power: -
Payload(b64): Q1VTVE9NTUVTU0FHRVRFU1RGT1JHUklEQUNUSVZBVElPTg==
Payload(hex): 435553544f4d4d45535341474554455354464f524752494441435449564154494f4e
JSON: {""text"":""CUSTOMMESSAGETESTFORGRIDACTIVATION""}
MIC: 84d7aba9",25-6_1185(mirror1356).csv,,25-6_1185(mirror1356),1185,1356,"[1185, 1356]",[1185],['R1185'],2026-06-25,2026-06-25 11:58:31+02:00,-99.0,5.8,06139e8c,24E124FFFEFE11C4,24E124C0002A0001,24E124445E318071,Class C,-,2198849795,UpUnc,false,false,false,529,86,LORA,125,7,0,4/5,5.8,-99,-,Q1VTVE9NTUVTU0FHRVRFU1RGT1JHUklEQUNUSVZBVElPTg==,435553544f4d4d45535341474554455354464f524752494441435449564154494f4e,"{""text"":""CUSTOMMESSAGETESTFORGRIDACTIVATION""}",84d7aba9,86.0,435553544f4d4d45535341474554455354464f524752494441435449564154494f4e,{'text': 'CUSTOMMESSAGETESTFORGRIDACTIVATION'},,CUSTOMMESSAGETESTFORGRIDACTIVATION,['R1185'],R1185,['R1185'],['2026-06-25_R1185_01'],['R1185'],True,2026-06-25,True,True,2026-06-25_R1185_01,2026-06-25,R1185,1,13,assigned_extra_tail,True,0.0,True,7,-83.816,1.1,2026-06-25 11:54:15+02:00,2026-06-25 11:54:15+02:00,,True,True,,45,83,38,0,473,555,0.5421686746987951,0.4578313253012048,0.4578313253012048,tail
24E124445E318071,24E124FFFEFE11C4,868100000,SF7BW125, -99/6.5,34,531,UpUnc,2026-06-25 09:58:41+00:00,"Dev Addr/Multicast Addr: 06139e8c
GwEUI: 24E124FFFEFE11C4
AppEUI: 24E124C0002A0001
Device EUI/Group Name: 24E124445E318071
Class Type: Class C
Immediately: -
Timestamp: 2208751710
Type: UpUnc
Adr: false
AdrAcKReq: false
Ack: false
Fcnt: 531
Port: 86
Modulation: LORA
Bandwidth: 125
SpreadFactor: 7
Bitrate: 0
CodeRate: 4/5
SNR: 6.5
RSSI: -99
Power: -
Payload(b64): Q1VTVE9NTUVTU0FHRVRFU1RGT1JHUklEQUNUSVZBVElPTg==
Payload(hex): 435553544f4d4d45535341474554455354464f524752494441435449564154494f4e
JSON: {""text"":""CUSTOMMESSAGETESTFORGRIDACTIVATION""}
MIC: 975079b4",25-6_1185(mirror1356).csv,,25-6_1185(mirror1356),1185,1356,"[1185, 1356]",[1185],['R1185'],2026-06-25,2026-06-25 11:58:41+02:00,-99.0,6.5,06139e8c,24E124FFFEFE11C4,24E124C0002A0001,24E124445E318071,Class C,-,2208751710,UpUnc,false,false,false,531,86,LORA,125,7,0,4/5,6.5,-99,-,Q1VTVE9NTUVTU0FHRVRFU1RGT1JHUklEQUNUSVZBVElPTg==,435553544f4d4d45535341474554455354464f524752494441435449564154494f4e,"{""text"":""CUSTOMMESSAGETESTFORGRIDACTIVATION""}",975079b4,86.0,435553544f4d4d45535341474554455354464f524752494441435449564154494f4e,{'text': 'CUSTOMMESSAGETESTFORGRIDACTIVATION'},,CUSTOMMESSAGETESTFORGRIDACTIVATION,['R1185'],R1185,['R1185'],['2026-06-25_R1185_01'],['R1185'],True,2026-06-25,True,True,2026-06-25_R1185_01,2026-06-25,R1185,1,13,assigned_extra_tail,True,0.0,True,7,-83.816,1.1,2026-06-25 11:54:15+02:00,2026-06-25 11:54:15+02:00,,True,True,,45,83,38,0,473,555,0.5421686746987951,0.4578313253012048,0.4578313253012048,tail
24E124445E318071,24E124FFFEFE11C4,868500000,SF7BW125, -97/0.8,34,533,UpUnc,2026-06-25 09:58:48+00:00,"Dev Addr/Multicast Addr: 06139e8c
GwEUI: 24E124FFFEFE11C4
AppEUI: 24E124C0002A0001
Device EUI/Group Name: 24E124445E318071
Class Type: Class C
Immediately: -
Timestamp: 2216236742
Type: UpUnc
Adr: false
AdrAcKReq: false
Ack: false
Fcnt: 533
Port: 86
Modulation: LORA
Bandwidth: 125
SpreadFactor: 7
Bitrate: 0
CodeRate: 4/5
SNR: 0.8
RSSI: -97
Power: -
Payload(b64): Q1VTVE9NTUVTU0FHRVRFU1RGT1JHUklEQUNUSVZBVElPTg==
Payload(hex): 435553544f4d4d45535341474554455354464f524752494441435449564154494f4e
JSON: {""text"":""CUSTOMMESSAGETESTFORGRIDACTIVATION""}
MIC: 2aabd2ef",25-6_1185(mirror1356).csv,,25-6_1185(mirror1356),1185,1356,"[1185, 1356]",[1185],['R1185'],2026-06-25,2026-06-25 11:58:48+02:00,-97.0,0.8,06139e8c,24E124FFFEFE11C4,24E124C0002A0001,24E124445E318071,Class C,-,2216236742,UpUnc,false,false,false,533,86,LORA,125,7,0,4/5,0.8,-97,-,Q1VTVE9NTUVTU0FHRVRFU1RGT1JHUklEQUNUSVZBVElPTg==,435553544f4d4d45535341474554455354464f524752494441435449564154494f4e,"{""text"":""CUSTOMMESSAGETESTFORGRIDACTIVATION""}",2aabd2ef,86.0,435553544f4d4d45535341474554455354464f524752494441435449564154494f4e,{'text': 'CUSTOMMESSAGETESTFORGRIDACTIVATION'},,CUSTOMMESSAGETESTFORGRIDACTIVATION,['R1185'],R1185,['R1185'],['2026-06-25_R1185_01'],['R1185'],True,2026-06-25,True,True,2026-06-25_R1185_01,2026-06-25,R1185,1,13,assigned_extra_tail,True,0.0,True,7,-83.816,1.1,2026-06-25 11:54:15+02:00,2026-06-25 11:54:15+02:00,,True,True,,45,83,38,0,473,555,0.5421686746987951,0.4578313253012048,0.4578313253012048,tail
24E124445E318071,24E124FFFEFE11C4,868100000,SF7BW125, -99/5.2,34,535,UpUnc,2026-06-25 09:58:56+00:00,"Dev Addr/Multicast Addr: 06139e8c
GwEUI: 24E124FFFEFE11C4
AppEUI: 24E124C0002A0001
Device EUI/Group Name: 24E124445E318071
Class Type: Class C
Immediately: -
Timestamp: 2224376707
Type: UpUnc
Adr: false
AdrAcKReq: false
Ack: false
Fcnt: 535
Port: 86
Modulation: LORA
Bandwidth: 125
SpreadFactor: 7
Bitrate: 0
CodeRate: 4/5
SNR: 5.2
RSSI: -99
Power: -
Payload(b64): Q1VTVE9NTUVTU0FHRVRFU1RGT1JHUklEQUNUSVZBVElPTg==
Payload(hex): 435553544f4d4d45535341474554455354464f524752494441435449564154494f4e
JSON: {""text"":""CUSTOMMESSAGETESTFORGRIDACTIVATION""}
MIC: 8593802e",25-6_1185(mirror1356).csv,,25-6_1185(mirror1356),1185,1356,"[1185, 1356]",[1185],['R1185'],2026-06-25,2026-06-25 11:58:56+02:00,-99.0,5.2,06139e8c,24E124FFFEFE11C4,24E124C0002A0001,24E124445E318071,Class C,-,2224376707,UpUnc,false,false,false,535,86,LORA,125,7,0,4/5,5.2,-99,-,Q1VTVE9NTUVTU0FHRVRFU1RGT1JHUklEQUNUSVZBVElPTg==,435553544f4d4d45535341474554455354464f524752494441435449564154494f4e,"{""text"":""CUSTOMMESSAGETESTFORGRIDACTIVATION""}",8593802e,86.0,435553544f4d4d45535341474554455354464f524752494441435449564154494f4e,{'text': 'CUSTOMMESSAGETESTFORGRIDACTIVATION'},,CUSTOMMESSAGETESTFORGRIDACTIVATION,['R1185'],R1185,['R1185'],['2026-06-25_R1185_01'],['R1185'],True,2026-06-25,True,True,2026-06-25_R1185_01,2026-06-25,R1185,1,13,assigned_extra_tail,True,0.0,True,7,-83.816,1.1,2026-06-25 11:54:15+02:00,2026-06-25 11:54:15+02:00,,True,True,,45,83,38,0,473,555,0.5421686746987951,0.4578313253012048,0.4578313253012048,tail
24E124445E318071,24E124FFFEFE11C4,868500000,SF7BW125, -97/1.0,34,537,UpUnc,2026-06-25 09:59:04+00:00,"Dev Addr/Multicast Addr: 06139e8c
GwEUI: 24E124FFFEFE11C4
AppEUI: 24E124C0002A0001
Device EUI/Group Name: 24E124445E318071
Class Type: Class C
Immediately: -
Timestamp: 2232576779
Type: UpUnc
Adr: false
AdrAcKReq: false
Ack: false
Fcnt: 537
Port: 86
Modulation: LORA
Bandwidth: 125
SpreadFactor: 7
Bitrate: 0
CodeRate: 4/5
SNR: 1.0
RSSI: -97
Power: -
Payload(b64): Q1VTVE9NTUVTU0FHRVRFU1RGT1JHUklEQUNUSVZBVElPTg==
Payload(hex): 435553544f4d4d45535341474554455354464f524752494441435449564154494f4e
JSON: {""text"":""CUSTOMMESSAGETESTFORGRIDACTIVATION""}
MIC: 519b0b2b",25-6_1185(mirror1356).csv,,25-6_1185(mirror1356),1185,1356,"[1185, 1356]",[1185],['R1185'],2026-06-25,2026-06-25 11:59:04+02:00,-97.0,1.0,06139e8c,24E124FFFEFE11C4,24E124C0002A0001,24E124445E318071,Class C,-,2232576779,UpUnc,false,false,false,537,86,LORA,125,7,0,4/5,1.0,-97,-,Q1VTVE9NTUVTU0FHRVRFU1RGT1JHUklEQUNUSVZBVElPTg==,435553544f4d4d45535341474554455354464f524752494441435449564154494f4e,"{""text"":""CUSTOMMESSAGETESTFORGRIDACTIVATION""}",519b0b2b,86.0,435553544f4d4d45535341474554455354464f524752494441435449564154494f4e,{'text': 'CUSTOMMESSAGETESTFORGRIDACTIVATION'},,CUSTOMMESSAGETESTFORGRIDACTIVATION,['R1185'],R1185,['R1185'],['2026-06-25_R1185_01'],['R1185'],True,2026-06-25,True,True,2026-06-25_R1185_01,2026-06-25,R1185,1,13,assigned_extra_tail,True,0.0,True,7,-83.816,1.1,2026-06-25 11:54:15+02:00,2026-06-25 11:54:15+02:00,,True,True,,45,83,38,0,473,555,0.5421686746987951,0.4578313253012048,0.4578313253012048,tail
24E124445E318071,24E124FFFEFE11C4,868100000,SF7BW125, -98/2.2,34,539,UpUnc,2026-06-25 09:59:14+00:00,"Dev Addr/Multicast Addr: 06139e8c
GwEUI: 24E124FFFEFE11C4
AppEUI: 24E124C0002A0001
Device EUI/Group Name: 24E124445E318071
Class Type: Class C
Immediately: -
Timestamp: 2242281739
Type: UpUnc
Adr: false
AdrAcKReq: false
Ack: false
Fcnt: 539
Port: 86
Modulation: LORA
Bandwidth: 125
SpreadFactor: 7
Bitrate: 0
CodeRate: 4/5
SNR: 2.2
RSSI: -98
Power: -
Payload(b64): Q1VTVE9NTUVTU0FHRVRFU1RGT1JHUklEQUNUSVZBVElPTg==
Payload(hex): 435553544f4d4d45535341474554455354464f524752494441435449564154494f4e
JSON: {""text"":""CUSTOMMESSAGETESTFORGRIDACTIVATION""}
MIC: e843f860",25-6_1185(mirror1356).csv,,25-6_1185(mirror1356),1185,1356,"[1185, 1356]",[1185],['R1185'],2026-06-25,2026-06-25 11:59:14+02:00,-98.0,2.2,06139e8c,24E124FFFEFE11C4,24E124C0002A0001,24E124445E318071,Class C,-,2242281739,UpUnc,false,false,false,539,86,LORA,125,7,0,4/5,2.2,-98,-,Q1VTVE9NTUVTU0FHRVRFU1RGT1JHUklEQUNUSVZBVElPTg==,435553544f4d4d45535341474554455354464f524752494441435449564154494f4e,"{""text"":""CUSTOMMESSAGETESTFORGRIDACTIVATION""}",e843f860,86.0,435553544f4d4d45535341474554455354464f524752494441435449564154494f4e,{'text': 'CUSTOMMESSAGETESTFORGRIDACTIVATION'},,CUSTOMMESSAGETESTFORGRIDACTIVATION,['R1185'],R1185,['R1185'],['2026-06-25_R1185_01'],['R1185'],True,2026-06-25,True,True,2026-06-25_R1185_01,2026-06-25,R1185,1,13,assigned_extra_tail,True,0.0,True,7,-83.816,1.1,2026-06-25 11:54:15+02:00,2026-06-25 11:54:15+02:00,,True,True,,45,83,38,0,473,555,0.5421686746987951,0.4578313253012048,0.4578313253012048,tail
24E124445E318071,24E124FFFEFE11C4,868500000,SF7BW125, -98/3.2,34,541,UpUnc,2026-06-25 09:59:24+00:00,"Dev Addr/Multicast Addr: 06139e8c
GwEUI: 24E124FFFEFE11C4
AppEUI: 24E124C0002A0001
Device EUI/Group Name: 24E124445E318071
Class Type: Class C
Immediately: -
Timestamp: 2252663684
Type: UpUnc
Adr: false
AdrAcKReq: false
Ack: false
Fcnt: 541
Port: 86
Modulation: LORA
Bandwidth: 125
SpreadFactor: 7
Bitrate: 0
CodeRate: 4/5
SNR: 3.2
RSSI: -98
Power: -
Payload(b64): Q1VTVE9NTUVTU0FHRVRFU1RGT1JHUklEQUNUSVZBVElPTg==
Payload(hex): 435553544f4d4d45535341474554455354464f524752494441435449564154494f4e
JSON: {""text"":""CUSTOMMESSAGETESTFORGRIDACTIVATION""}
MIC: 37ef56e5",25-6_1185(mirror1356).csv,,25-6_1185(mirror1356),1185,1356,"[1185, 1356]",[1185],['R1185'],2026-06-25,2026-06-25 11:59:24+02:00,-98.0,3.2,06139e8c,24E124FFFEFE11C4,24E124C0002A0001,24E124445E318071,Class C,-,2252663684,UpUnc,false,false,false,541,86,LORA,125,7,0,4/5,3.2,-98,-,Q1VTVE9NTUVTU0FHRVRFU1RGT1JHUklEQUNUSVZBVElPTg==,435553544f4d4d45535341474554455354464f524752494441435449564154494f4e,"{""text"":""CUSTOMMESSAGETESTFORGRIDACTIVATION""}",37ef56e5,86.0,435553544f4d4d45535341474554455354464f524752494441435449564154494f4e,{'text': 'CUSTOMMESSAGETESTFORGRIDACTIVATION'},,CUSTOMMESSAGETESTFORGRIDACTIVATION,['R1185'],R1185,['R1185'],['2026-06-25_R1185_01'],['R1185'],True,2026-06-25,True,True,2026-06-25_R1185_01,2026-06-25,R1185,1,13,assigned_extra_tail,True,0.0,True,7,-83.816,1.1,2026-06-25 11:54:15+02:00,2026-06-25 11:54:15+02:00,,True,True,,45,83,38,0,473,555,0.5421686746987951,0.4578313253012048,0.4578313253012048,tail
24E124445E318071,24E124FFFEFE11C4,868500000,SF7BW125, -98/6.0,34,543,UpUnc,2026-06-25 09:59:34+00:00,"Dev Addr/Multicast Addr: 06139e8c
GwEUI: 24E124FFFEFE11C4
AppEUI: 24E124C0002A0001
Device EUI/Group Name: 24E124445E318071
Class Type: Class C
Immediately: -
Timestamp: 2262392684
Type: UpUnc
Adr: false
AdrAcKReq: false
Ack: false
Fcnt: 543
Port: 86
Modulation: LORA
Bandwidth: 125
SpreadFactor: 7
Bitrate: 0
CodeRate: 4/5
SNR: 6.0
RSSI: -98
Power: -
Payload(b64): Q1VTVE9NTUVTU0FHRVRFU1RGT1JHUklEQUNUSVZBVElPTg==
Payload(hex): 435553544f4d4d45535341474554455354464f524752494441435449564154494f4e
JSON: {""text"":""CUSTOMMESSAGETESTFORGRIDACTIVATION""}
MIC: 07f957cd",25-6_1185(mirror1356).csv,,25-6_1185(mirror1356),1185,1356,"[1185, 1356]",[1185],['R1185'],2026-06-25,2026-06-25 11:59:34+02:00,-98.0,6.0,06139e8c,24E124FFFEFE11C4,24E124C0002A0001,24E124445E318071,Class C,-,2262392684,UpUnc,false,false,false,543,86,LORA,125,7,0,4/5,6.0,-98,-,Q1VTVE9NTUVTU0FHRVRFU1RGT1JHUklEQUNUSVZBVElPTg==,435553544f4d4d45535341474554455354464f524752494441435449564154494f4e,"{""text"":""CUSTOMMESSAGETESTFORGRIDACTIVATION""}",07f957cd,86.0,435553544f4d4d45535341474554455354464f524752494441435449564154494f4e,{'text': 'CUSTOMMESSAGETESTFORGRIDACTIVATION'},,CUSTOMMESSAGETESTFORGRIDACTIVATION,['R1185'],R1185,['R1185'],['2026-06-25_R1185_01'],['R1185'],True,2026-06-25,True,True,2026-06-25_R1185_01,2026-06-25,R1185,1,13,assigned_extra_tail,True,0.0,True,7,-83.816,1.1,2026-06-25 11:54:15+02:00,2026-06-25 11:54:15+02:00,,True,True,,45,83,38,0,473,555,0.5421686746987951,0.4578313253012048,0.4578313253012048,tail
24E124445E318071,24E124FFFEFE11C4,868100000,SF7BW125, -92/10.0,34,545,UpUnc,2026-06-25 09:59:43+00:00,"Dev Addr/Multicast Addr: 06139e8c
GwEUI: 24E124FFFEFE11C4
AppEUI: 24E124C0002A0001
Device EUI/Group Name: 24E124445E318071
Class Type: Class C
Immediately: -
Timestamp: 2270903234
Type: UpUnc
Adr: false
AdrAcKReq: false
Ack: false
Fcnt: 545
Port: 86
Modulation: LORA
Bandwidth: 125
SpreadFactor: 7
Bitrate: 0
CodeRate: 4/5
SNR: 10.0
RSSI: -92
Power: -
Payload(b64): Q1VTVE9NTUVTU0FHRVRFU1RGT1JHUklEQUNUSVZBVElPTg==
Payload(hex): 435553544f4d4d45535341474554455354464f524752494441435449564154494f4e
JSON: {""text"":""CUSTOMMESSAGETESTFORGRIDACTIVATION""}
MIC: 5d44096a",25-6_1185(mirror1356).csv,,25-6_1185(mirror1356),1185,1356,"[1185, 1356]",[1185],['R1185'],2026-06-25,2026-06-25 11:59:43+02:00,-92.0,10.0,06139e8c,24E124FFFEFE11C4,24E124C0002A0001,24E124445E318071,Class C,-,2270903234,UpUnc,false,false,false,545,86,LORA,125,7,0,4/5,10.0,-92,-,Q1VTVE9NTUVTU0FHRVRFU1RGT1JHUklEQUNUSVZBVElPTg==,435553544f4d4d45535341474554455354464f524752494441435449564154494f4e,"{""text"":""CUSTOMMESSAGETESTFORGRIDACTIVATION""}",5d44096a,86.0,435553544f4d4d45535341474554455354464f524752494441435449564154494f4e,{'text': 'CUSTOMMESSAGETESTFORGRIDACTIVATION'},,CUSTOMMESSAGETESTFORGRIDACTIVATION,['R1185'],R1185,['R1185'],['2026-06-25_R1185_01'],['R1185'],True,2026-06-25,True,True,2026-06-25_R1185_01,2026-06-25,R1185,1,13,assigned_extra_tail,True,0.0,True,7,-83.816,1.1,2026-06-25 11:54:15+02:00,2026-06-25 11:54:15+02:00,,True,True,,45,83,38,0,473,555,0.5421686746987951,0.4578313253012048,0.4578313253012048,tail
24E124445E318071,24E124FFFEFE11C4,868300000,SF7BW125, -95/6.2,34,547,UpUnc,2026-06-25 09:59:51+00:00,"Dev Addr/Multicast Addr: 06139e8c
GwEUI: 24E124FFFEFE11C4
AppEUI: 24E124C0002A0001
Device EUI/Group Name: 24E124445E318071
Class Type: Class C
Immediately: -
Timestamp: 2279448728
Type: UpUnc
Adr: false
AdrAcKReq: false
Ack: false
Fcnt: 547
Port: 86
Modulation: LORA
Bandwidth: 125
SpreadFactor: 7
Bitrate: 0
CodeRate: 4/5
SNR: 6.2
RSSI: -95
Power: -
Payload(b64): Q1VTVE9NTUVTU0FHRVRFU1RGT1JHUklEQUNUSVZBVElPTg==
Payload(hex): 435553544f4d4d45535341474554455354464f524752494441435449564154494f4e
JSON: {""text"":""CUSTOMMESSAGETESTFORGRIDACTIVATION""}
MIC: b7b36e32",25-6_1185(mirror1356).csv,,25-6_1185(mirror1356),1185,1356,"[1185, 1356]",[1185],['R1185'],2026-06-25,2026-06-25 11:59:51+02:00,-95.0,6.2,06139e8c,24E124FFFEFE11C4,24E124C0002A0001,24E124445E318071,Class C,-,2279448728,UpUnc,false,false,false,547,86,LORA,125,7,0,4/5,6.2,-95,-,Q1VTVE9NTUVTU0FHRVRFU1RGT1JHUklEQUNUSVZBVElPTg==,435553544f4d4d45535341474554455354464f524752494441435449564154494f4e,"{""text"":""CUSTOMMESSAGETESTFORGRIDACTIVATION""}",b7b36e32,86.0,435553544f4d4d45535341474554455354464f524752494441435449564154494f4e,{'text': 'CUSTOMMESSAGETESTFORGRIDACTIVATION'},,CUSTOMMESSAGETESTFORGRIDACTIVATION,['R1185'],R1185,['R1185'],['2026-06-25_R1185_01'],['R1185'],True,2026-06-25,True,True,2026-06-25_R1185_01,2026-06-25,R1185,1,13,assigned_extra_tail,True,0.0,True,7,-83.816,1.1,2026-06-25 11:54:15+02:00,2026-06-25 11:54:15+02:00,,True,True,,45,83,38,0,473,555,0.5421686746987951,0.4578313253012048,0.4578313253012048,tail
24E124445E318071,24E124FFFEFE11C4,868300000,SF7BW125, -91/6.8,34,549,UpUnc,2026-06-25 10:00:01+00:00,"Dev Addr/Multicast Addr: 06139e8c
GwEUI: 24E124FFFEFE11C4
AppEUI: 24E124C0002A0001
Device EUI/Group Name: 24E124445E318071
Class Type: Class C
Immediately: -
Timestamp: 2288891708
Type: UpUnc
Adr: false
AdrAcKReq: false
Ack: false
Fcnt: 549
Port: 86
Modulation: LORA
Bandwidth: 125
SpreadFactor: 7
Bitrate: 0
CodeRate: 4/5
SNR: 6.8
RSSI: -91
Power: -
Payload(b64): Q1VTVE9NTUVTU0FHRVRFU1RGT1JHUklEQUNUSVZBVElPTg==
Payload(hex): 435553544f4d4d45535341474554455354464f524752494441435449564154494f4e
JSON: {""text"":""CUSTOMMESSAGETESTFORGRIDACTIVATION""}
MIC: a102f03d",25-6_1185(mirror1356).csv,,25-6_1185(mirror1356),1185,1356,"[1185, 1356]",[1185],['R1185'],2026-06-25,2026-06-25 12:00:01+02:00,-91.0,6.8,06139e8c,24E124FFFEFE11C4,24E124C0002A0001,24E124445E318071,Class C,-,2288891708,UpUnc,false,false,false,549,86,LORA,125,7,0,4/5,6.8,-91,-,Q1VTVE9NTUVTU0FHRVRFU1RGT1JHUklEQUNUSVZBVElPTg==,435553544f4d4d45535341474554455354464f524752494441435449564154494f4e,"{""text"":""CUSTOMMESSAGETESTFORGRIDACTIVATION""}",a102f03d,86.0,435553544f4d4d45535341474554455354464f524752494441435449564154494f4e,{'text': 'CUSTOMMESSAGETESTFORGRIDACTIVATION'},,CUSTOMMESSAGETESTFORGRIDACTIVATION,['R1185'],R1185,['R1185'],['2026-06-25_R1185_01'],['R1185'],True,2026-06-25,True,True,2026-06-25_R1185_01,2026-06-25,R1185,1,13,assigned_extra_tail,True,0.0,True,7,-83.816,1.1,2026-06-25 11:54:15+02:00,2026-06-25 11:54:15+02:00,,True,True,,45,83,38,0,473,555,0.5421686746987951,0.4578313253012048,0.4578313253012048,tail
24E124445E318071,24E124FFFEFE11C4,868500000,SF7BW125, -83/10.2,34,551,UpUnc,2026-06-25 10:00:10+00:00,"Dev Addr/Multicast Addr: 06139e8c
GwEUI: 24E124FFFEFE11C4
AppEUI: 24E124C0002A0001
Device EUI/Group Name: 24E124445E318071
Class Type: Class C
Immediately: -
Timestamp: 2298638649
Type: UpUnc
Adr: false
AdrAcKReq: false
Ack: false
Fcnt: 551
Port: 86
Modulation: LORA
Bandwidth: 125
SpreadFactor: 7
Bitrate: 0
CodeRate: 4/5
SNR: 10.2
RSSI: -83
Power: -
Payload(b64): Q1VTVE9NTUVTU0FHRVRFU1RGT1JHUklEQUNUSVZBVElPTg==
Payload(hex): 435553544f4d4d45535341474554455354464f524752494441435449564154494f4e
JSON: {""text"":""CUSTOMMESSAGETESTFORGRIDACTIVATION""}
MIC: 95c03f55",25-6_1185(mirror1356).csv,,25-6_1185(mirror1356),1185,1356,"[1185, 1356]",[1185],['R1185'],2026-06-25,2026-06-25 12:00:10+02:00,-83.0,10.2,06139e8c,24E124FFFEFE11C4,24E124C0002A0001,24E124445E318071,Class C,-,2298638649,UpUnc,false,false,false,551,86,LORA,125,7,0,4/5,10.2,-83,-,Q1VTVE9NTUVTU0FHRVRFU1RGT1JHUklEQUNUSVZBVElPTg==,435553544f4d4d45535341474554455354464f524752494441435449564154494f4e,"{""text"":""CUSTOMMESSAGETESTFORGRIDACTIVATION""}",95c03f55,86.0,435553544f4d4d45535341474554455354464f524752494441435449564154494f4e,{'text': 'CUSTOMMESSAGETESTFORGRIDACTIVATION'},,CUSTOMMESSAGETESTFORGRIDACTIVATION,['R1185'],R1185,['R1185'],['2026-06-25_R1185_01'],['R1185'],True,2026-06-25,True,True,2026-06-25_R1185_01,2026-06-25,R1185,1,13,assigned_extra_tail,True,0.0,True,7,-83.816,1.1,2026-06-25 11:54:15+02:00,2026-06-25 11:54:15+02:00,,True,True,,45,83,38,0,473,555,0.5421686746987951,0.4578313253012048,0.4578313253012048,tail
24E124445E318071,24E124FFFEFE11C4,868300000,SF7BW125, -84/12.8,34,553,UpUnc,2026-06-25 10:00:21+00:00,"Dev Addr/Multicast Addr: 06139e8c
GwEUI: 24E124FFFEFE11C4
AppEUI: 24E124C0002A0001
Device EUI/Group Name: 24E124445E318071
Class Type: Class C
Immediately: -
Timestamp: 2309528739
Type: UpUnc
Adr: false
AdrAcKReq: false
Ack: false
Fcnt: 553
Port: 86
Modulation: LORA
Bandwidth: 125
SpreadFactor: 7
Bitrate: 0
CodeRate: 4/5
SNR: 12.8
RSSI: -84
Power: -
Payload(b64): Q1VTVE9NTUVTU0FHRVRFU1RGT1JHUklEQUNUSVZBVElPTg==
Payload(hex): 435553544f4d4d45535341474554455354464f524752494441435449564154494f4e
JSON: {""text"":""CUSTOMMESSAGETESTFORGRIDACTIVATION""}
MIC: 1296c70c",25-6_1185(mirror1356).csv,,25-6_1185(mirror1356),1185,1356,"[1185, 1356]",[1185],['R1185'],2026-06-25,2026-06-25 12:00:21+02:00,-84.0,12.8,06139e8c,24E124FFFEFE11C4,24E124C0002A0001,24E124445E318071,Class C,-,2309528739,UpUnc,false,false,false,553,86,LORA,125,7,0,4/5,12.8,-84,-,Q1VTVE9NTUVTU0FHRVRFU1RGT1JHUklEQUNUSVZBVElPTg==,435553544f4d4d45535341474554455354464f524752494441435449564154494f4e,"{""text"":""CUSTOMMESSAGETESTFORGRIDACTIVATION""}",1296c70c,86.0,435553544f4d4d45535341474554455354464f524752494441435449564154494f4e,{'text': 'CUSTOMMESSAGETESTFORGRIDACTIVATION'},,CUSTOMMESSAGETESTFORGRIDACTIVATION,['R1185'],R1185,['R1185'],['2026-06-25_R1185_01'],['R1185'],True,2026-06-25,True,True,2026-06-25_R1185_01,2026-06-25,R1185,1,13,assigned_extra_tail,True,0.0,True,7,-83.816,1.1,2026-06-25 11:54:15+02:00,2026-06-25 11:54:15+02:00,,True,True,,45,83,38,0,473,555,0.5421686746987951,0.4578313253012048,0.4578313253012048,tail
24E124445E318071,24E124FFFEFE11C4,868500000,SF7BW125, -96/2.0,34,555,UpUnc,2026-06-25 10:00:31+00:00,"Dev Addr/Multicast Addr: 06139e8c
GwEUI: 24E124FFFEFE11C4
AppEUI: 24E124C0002A0001
Device EUI/Group Name: 24E124445E318071
Class Type: Class C
Immediately: -
Timestamp: 2319496649
Type: UpUnc
Adr: false
AdrAcKReq: false
Ack: false
Fcnt: 555
Port: 86
Modulation: LORA
Bandwidth: 125
SpreadFactor: 7
Bitrate: 0
CodeRate: 4/5
SNR: 2.0
RSSI: -96
Power: -
Payload(b64): Q1VTVE9NTUVTU0FHRVRFU1RGT1JHUklEQUNUSVZBVElPTg==
Payload(hex): 435553544f4d4d45535341474554455354464f524752494441435449564154494f4e
JSON: {""text"":""CUSTOMMESSAGETESTFORGRIDACTIVATION""}
MIC: 2029d8bb",25-6_1185(mirror1356).csv,,25-6_1185(mirror1356),1185,1356,"[1185, 1356]",[1185],['R1185'],2026-06-25,2026-06-25 12:00:31+02:00,-96.0,2.0,06139e8c,24E124FFFEFE11C4,24E124C0002A0001,24E124445E318071,Class C,-,2319496649,UpUnc,false,false,false,555,86,LORA,125,7,0,4/5,2.0,-96,-,Q1VTVE9NTUVTU0FHRVRFU1RGT1JHUklEQUNUSVZBVElPTg==,435553544f4d4d45535341474554455354464f524752494441435449564154494f4e,"{""text"":""CUSTOMMESSAGETESTFORGRIDACTIVATION""}",2029d8bb,86.0,435553544f4d4d45535341474554455354464f524752494441435449564154494f4e,{'text': 'CUSTOMMESSAGETESTFORGRIDACTIVATION'},,CUSTOMMESSAGETESTFORGRIDACTIVATION,['R1185'],R1185,['R1185'],['2026-06-25_R1185_01'],['R1185'],True,2026-06-25,True,True,2026-06-25_R1185_01,2026-06-25,R1185,1,13,assigned_extra_tail,True,0.0,True,7,-83.816,1.1,2026-06-25 11:54:15+02:00,2026-06-25 11:54:15+02:00,,True,True,,45,83,38,0,473,555,0.5421686746987951,0.4578313253012048,0.4578313253012048,tail
24E124445E318071,24E124FFFEFE11C4,868500000,SF7BW125, -97/6.8,34,1158,UpUnc,2026-06-25 11:34:54+00:00,"Dev Addr/Multicast Addr: 06139e8c
GwEUI: 24E124FFFEFE11C4
AppEUI: 24E124C0002A0001
Device EUI/Group Name: 24E124445E318071
Class Type: Class C
Immediately: -
Timestamp: 3687609238
Type: UpUnc
Adr: false
AdrAcKReq: false
Ack: false
Fcnt: 1158
Port: 86
Modulation: LORA
Bandwidth: 125
SpreadFactor: 7
Bitrate: 0
CodeRate: 4/5
SNR: 6.8
RSSI: -97
Power: -
Payload(b64): Q1VTVE9NTUVTU0FHRVRFU1RGT1JHUklEQUNUSVZBVElPTg==
Payload(hex): 435553544f4d4d45535341474554455354464f524752494441435449564154494f4e
JSON: {""text"":""CUSTOMMESSAGETESTFORGRIDACTIVATION""}
MIC: 72fd4c10",25-06-r1358.csv,,25-06-r1358,1358,,[1358],[1358],['R1358'],2026-06-25,2026-06-25 13:34:54+02:00,-97.0,6.8,06139e8c,24E124FFFEFE11C4,24E124C0002A0001,24E124445E318071,Class C,-,3687609238,UpUnc,false,false,false,1158,86,LORA,125,7,0,4/5,6.8,-97,-,Q1VTVE9NTUVTU0FHRVRFU1RGT1JHUklEQUNUSVZBVElPTg==,435553544f4d4d45535341474554455354464f524752494441435449564154494f4e,"{""text"":""CUSTOMMESSAGETESTFORGRIDACTIVATION""}",72fd4c10,86.0,435553544f4d4d45535341474554455354464f524752494441435449564154494f4e,{'text': 'CUSTOMMESSAGETESTFORGRIDACTIVATION'},,CUSTOMMESSAGETESTFORGRIDACTIVATION,['R1358'],R1358,['R1358'],['2026-06-25_R1358_01'],['R1358'],True,2026-06-25,True,True,2026-06-25_R1358_01,2026-06-25,R1358,1,13,assigned_extra_tail,True,-32.0,True,7,83.816,7.300000000000001,2026-06-25 13:34:54+02:00,2026-06-25 13:34:54+02:00,,True,True,,29,47,18,0,1158,1204,0.6170212765957447,0.3829787234042553,0.3829787234042553,tail
24E124445E318071,24E124FFFEFE11C4,868300000,SF7BW125, -100/4.8,34,1160,UpUnc,2026-06-25 11:35:05+00:00,"Dev Addr/Multicast Addr: 06139e8c
GwEUI: 24E124FFFEFE11C4
AppEUI: 24E124C0002A0001
Device EUI/Group Name: 24E124445E318071
Class Type: Class C
Immediately: -
Timestamp: 3697934207
Type: UpUnc
Adr: false
AdrAcKReq: false
Ack: false
Fcnt: 1160
Port: 86
Modulation: LORA
Bandwidth: 125
SpreadFactor: 7
Bitrate: 0
CodeRate: 4/5
SNR: 4.8
RSSI: -100
Power: -
Payload(b64): Q1VTVE9NTUVTU0FHRVRFU1RGT1JHUklEQUNUSVZBVElPTg==
Payload(hex): 435553544f4d4d45535341474554455354464f524752494441435449564154494f4e
JSON: {""text"":""CUSTOMMESSAGETESTFORGRIDACTIVATION""}
MIC: 2097c1ba",25-06-r1358.csv,,25-06-r1358,1358,,[1358],[1358],['R1358'],2026-06-25,2026-06-25 13:35:05+02:00,-100.0,4.8,06139e8c,24E124FFFEFE11C4,24E124C0002A0001,24E124445E318071,Class C,-,3697934207,UpUnc,false,false,false,1160,86,LORA,125,7,0,4/5,4.8,-100,-,Q1VTVE9NTUVTU0FHRVRFU1RGT1JHUklEQUNUSVZBVElPTg==,435553544f4d4d45535341474554455354464f524752494441435449564154494f4e,"{""text"":""CUSTOMMESSAGETESTFORGRIDACTIVATION""}",2097c1ba,86.0,435553544f4d4d45535341474554455354464f524752494441435449564154494f4e,{'text': 'CUSTOMMESSAGETESTFORGRIDACTIVATION'},,CUSTOMMESSAGETESTFORGRIDACTIVATION,['R1358'],R1358,['R1358'],['2026-06-25_R1358_01'],['R1358'],True,2026-06-25,True,True,2026-06-25_R1358_01,2026-06-25,R1358,1,13,assigned_extra_tail,True,-32.0,True,7,83.816,7.300000000000001,2026-06-25 13:34:54+02:00,2026-06-25 13:34:54+02:00,,True,True,,29,47,18,0,1158,1204,0.6170212765957447,0.3829787234042553,0.3829787234042553,tail
24E124445E318071,24E124FFFEFE11C4,868300000,SF7BW125, -102/3.0,34,1162,UpUnc,2026-06-25 11:35:15+00:00,"Dev Addr/Multicast Addr: 06139e8c
GwEUI: 24E124FFFEFE11C4
AppEUI: 24E124C0002A0001
Device EUI/Group Name: 24E124445E318071
Class Type: Class C
Immediately: -
Timestamp: 3708019268
Type: UpUnc
Adr: false
AdrAcKReq: false
Ack: false
Fcnt: 1162
Port: 86
Modulation: LORA
Bandwidth: 125
SpreadFactor: 7
Bitrate: 0
CodeRate: 4/5
SNR: 3.0
RSSI: -102
Power: -
Payload(b64): Q1VTVE9NTUVTU0FHRVRFU1RGT1JHUklEQUNUSVZBVElPTg==
Payload(hex): 435553544f4d4d45535341474554455354464f524752494441435449564154494f4e
JSON: {""text"":""CUSTOMMESSAGETESTFORGRIDACTIVATION""}
MIC: 3d0c84a5",25-06-r1358.csv,,25-06-r1358,1358,,[1358],[1358],['R1358'],2026-06-25,2026-06-25 13:35:15+02:00,-102.0,3.0,06139e8c,24E124FFFEFE11C4,24E124C0002A0001,24E124445E318071,Class C,-,3708019268,UpUnc,false,false,false,1162,86,LORA,125,7,0,4/5,3.0,-102,-,Q1VTVE9NTUVTU0FHRVRFU1RGT1JHUklEQUNUSVZBVElPTg==,435553544f4d4d45535341474554455354464f524752494441435449564154494f4e,"{""text"":""CUSTOMMESSAGETESTFORGRIDACTIVATION""}",3d0c84a5,86.0,435553544f4d4d45535341474554455354464f524752494441435449564154494f4e,{'text': 'CUSTOMMESSAGETESTFORGRIDACTIVATION'},,CUSTOMMESSAGETESTFORGRIDACTIVATION,['R1358'],R1358,['R1358'],['2026-06-25_R1358_01'],['R1358'],True,2026-06-25,True,True,2026-06-25_R1358_01,2026-06-25,R1358,1,13,assigned_extra_tail,True,-32.0,True,7,83.816,7.300000000000001,2026-06-25 13:34:54+02:00,2026-06-25 13:34:54+02:00,,True,True,,29,47,18,0,1158,1204,0.6170212765957447,0.3829787234042553,0.3829787234042553,tail
24E124445E318071,24E124FFFEFE11C4,868500000,SF7BW125, -97/7.2,34,1164,UpUnc,2026-06-25 11:35:24+00:00,"Dev Addr/Multicast Addr: 06139e8c
GwEUI: 24E124FFFEFE11C4
AppEUI: 24E124C0002A0001
Device EUI/Group Name: 24E124445E318071
Class Type: Class C
Immediately: -
Timestamp: 3716830799
Type: UpUnc
Adr: false
AdrAcKReq: false
Ack: false
Fcnt: 1164
Port: 86
Modulation: LORA
Bandwidth: 125
SpreadFactor: 7
Bitrate: 0
CodeRate: 4/5
SNR: 7.2
RSSI: -97
Power: -
Payload(b64): Q1VTVE9NTUVTU0FHRVRFU1RGT1JHUklEQUNUSVZBVElPTg==
Payload(hex): 435553544f4d4d45535341474554455354464f524752494441435449564154494f4e
JSON: {""text"":""CUSTOMMESSAGETESTFORGRIDACTIVATION""}
MIC: 1e777846",25-06-r1358.csv,,25-06-r1358,1358,,[1358],[1358],['R1358'],2026-06-25,2026-06-25 13:35:24+02:00,-97.0,7.2,06139e8c,24E124FFFEFE11C4,24E124C0002A0001,24E124445E318071,Class C,-,3716830799,UpUnc,false,false,false,1164,86,LORA,125,7,0,4/5,7.2,-97,-,Q1VTVE9NTUVTU0FHRVRFU1RGT1JHUklEQUNUSVZBVElPTg==,435553544f4d4d45535341474554455354464f524752494441435449564154494f4e,"{""text"":""CUSTOMMESSAGETESTFORGRIDACTIVATION""}",1e777846,86.0,435553544f4d4d45535341474554455354464f524752494441435449564154494f4e,{'text': 'CUSTOMMESSAGETESTFORGRIDACTIVATION'},,CUSTOMMESSAGETESTFORGRIDACTIVATION,['R1358'],R1358,['R1358'],['2026-06-25_R1358_01'],['R1358'],True,2026-06-25,True,True,2026-06-25_R1358_01,2026-06-25,R1358,1,13,assigned_extra_tail,True,-32.0,True,7,83.816,7.300000000000001,2026-06-25 13:34:54+02:00,2026-06-25 13:34:54+02:00,,True,True,,29,47,18,0,1158,1204,0.6170212765957447,0.3829787234042553,0.3829787234042553,tail
24E124445E318071,24E124FFFEFE11C4,868300000,SF7BW125, -97/7.5,34,1166,UpUnc,2026-06-25 11:35:32+00:00,"Dev Addr/Multicast Addr: 06139e8c
GwEUI: 24E124FFFEFE11C4
AppEUI: 24E124C0002A0001
Device EUI/Group Name: 24E124445E318071
Class Type: Class C
Immediately: -
Timestamp: 3724895283
Type: UpUnc
Adr: false
AdrAcKReq: false
Ack: false
Fcnt: 1166
Port: 86
Modulation: LORA
Bandwidth: 125
SpreadFactor: 7
Bitrate: 0
CodeRate: 4/5
SNR: 7.5
RSSI: -97
Power: -
Payload(b64): Q1VTVE9NTUVTU0FHRVRFU1RGT1JHUklEQUNUSVZBVElPTg==
Payload(hex): 435553544f4d4d45535341474554455354464f524752494441435449564154494f4e
JSON: {""text"":""CUSTOMMESSAGETESTFORGRIDACTIVATION""}
MIC: 9d82ad45",25-06-r1358.csv,,25-06-r1358,1358,,[1358],[1358],['R1358'],2026-06-25,2026-06-25 13:35:32+02:00,-97.0,7.5,06139e8c,24E124FFFEFE11C4,24E124C0002A0001,24E124445E318071,Class C,-,3724895283,UpUnc,false,false,false,1166,86,LORA,125,7,0,4/5,7.5,-97,-,Q1VTVE9NTUVTU0FHRVRFU1RGT1JHUklEQUNUSVZBVElPTg==,435553544f4d4d45535341474554455354464f524752494441435449564154494f4e,"{""text"":""CUSTOMMESSAGETESTFORGRIDACTIVATION""}",9d82ad45,86.0,435553544f4d4d45535341474554455354464f524752494441435449564154494f4e,{'text': 'CUSTOMMESSAGETESTFORGRIDACTIVATION'},,CUSTOMMESSAGETESTFORGRIDACTIVATION,['R1358'],R1358,['R1358'],['2026-06-25_R1358_01'],['R1358'],True,2026-06-25,True,True,2026-06-25_R1358_01,2026-06-25,R1358,1,13,assigned_extra_tail,True,-32.0,True,7,83.816,7.300000000000001,2026-06-25 13:34:54+02:00,2026-06-25 13:34:54+02:00,,True,True,,29,47,18,0,1158,1204,0.6170212765957447,0.3829787234042553,0.3829787234042553,tail
24E124445E318071,24E124FFFEFE11C4,868500000,SF7BW125, -94/8.5,34,1168,UpUnc,2026-06-25 11:35:42+00:00,"Dev Addr/Multicast Addr: 06139e8c
GwEUI: 24E124FFFEFE11C4
AppEUI: 24E124C0002A0001
Device EUI/Group Name: 24E124445E318071
Class Type: Class C
Immediately: -
Timestamp: 3734955197
Type: UpUnc
Adr: false
AdrAcKReq: false
Ack: false
Fcnt: 1168
Port: 86
Modulation: LORA
Bandwidth: 125
SpreadFactor: 7
Bitrate: 0
CodeRate: 4/5
SNR: 8.5
RSSI: -94
Power: -
Payload(b64): Q1VTVE9NTUVTU0FHRVRFU1RGT1JHUklEQUNUSVZBVElPTg==
Payload(hex): 435553544f4d4d45535341474554455354464f524752494441435449564154494f4e
JSON: {""text"":""CUSTOMMESSAGETESTFORGRIDACTIVATION""}
MIC: 962b1480",25-06-r1358.csv,,25-06-r1358,1358,,[1358],[1358],['R1358'],2026-06-25,2026-06-25 13:35:42+02:00,-94.0,8.5,06139e8c,24E124FFFEFE11C4,24E124C0002A0001,24E124445E318071,Class C,-,3734955197,UpUnc,false,false,false,1168,86,LORA,125,7,0,4/5,8.5,-94,-,Q1VTVE9NTUVTU0FHRVRFU1RGT1JHUklEQUNUSVZBVElPTg==,435553544f4d4d45535341474554455354464f524752494441435449564154494f4e,"{""text"":""CUSTOMMESSAGETESTFORGRIDACTIVATION""}",962b1480,86.0,435553544f4d4d45535341474554455354464f524752494441435449564154494f4e,{'text': 'CUSTOMMESSAGETESTFORGRIDACTIVATION'},,CUSTOMMESSAGETESTFORGRIDACTIVATION,['R1358'],R1358,['R1358'],['2026-06-25_R1358_01'],['R1358'],True,2026-06-25,True,True,2026-06-25_R1358_01,2026-06-25,R1358,1,13,assigned_extra_tail,True,-32.0,True,7,83.816,7.300000000000001,2026-06-25 13:34:54+02:00,2026-06-25 13:34:54+02:00,,True,True,,29,47,18,0,1158,1204,0.6170212765957447,0.3829787234042553,0.3829787234042553,tail
24E124445E318071,24E124FFFEFE11C4,868100000,SF7BW125, -93/10.5,34,1170,UpUnc,2026-06-25 11:35:50+00:00,"Dev Addr/Multicast Addr: 06139e8c
GwEUI: 24E124FFFEFE11C4
AppEUI: 24E124C0002A0001
Device EUI/Group Name: 24E124445E318071
Class Type: Class C
Immediately: -
Timestamp: 3742930264
Type: UpUnc
Adr: false
AdrAcKReq: false
Ack: false
Fcnt: 1170
Port: 86
Modulation: LORA
Bandwidth: 125
SpreadFactor: 7
Bitrate: 0
CodeRate: 4/5
SNR: 10.5
RSSI: -93
Power: -
Payload(b64): Q1VTVE9NTUVTU0FHRVRFU1RGT1JHUklEQUNUSVZBVElPTg==
Payload(hex): 435553544f4d4d45535341474554455354464f524752494441435449564154494f4e
JSON: {""text"":""CUSTOMMESSAGETESTFORGRIDACTIVATION""}
MIC: b1160d91",25-06-r1358.csv,,25-06-r1358,1358,,[1358],[1358],['R1358'],2026-06-25,2026-06-25 13:35:50+02:00,-93.0,10.5,06139e8c,24E124FFFEFE11C4,24E124C0002A0001,24E124445E318071,Class C,-,3742930264,UpUnc,false,false,false,1170,86,LORA,125,7,0,4/5,10.5,-93,-,Q1VTVE9NTUVTU0FHRVRFU1RGT1JHUklEQUNUSVZBVElPTg==,435553544f4d4d45535341474554455354464f524752494441435449564154494f4e,"{""text"":""CUSTOMMESSAGETESTFORGRIDACTIVATION""}",b1160d91,86.0,435553544f4d4d45535341474554455354464f524752494441435449564154494f4e,{'text': 'CUSTOMMESSAGETESTFORGRIDACTIVATION'},,CUSTOMMESSAGETESTFORGRIDACTIVATION,['R1358'],R1358,['R1358'],['2026-06-25_R1358_01'],['R1358'],True,2026-06-25,True,True,2026-06-25_R1358_01,2026-06-25,R1358,1,13,assigned_extra_tail,True,-32.0,True,7,83.816,7.300000000000001,2026-06-25 13:34:54+02:00,2026-06-25 13:34:54+02:00,,True,True,,29,47,18,0,1158,1204,0.6170212765957447,0.3829787234042553,0.3829787234042553,tail
24E124445E318071,24E124FFFEFE11C4,868300000,SF7BW125, -93/11.0,34,1172,UpUnc,2026-06-25 11:36:00+00:00,"Dev Addr/Multicast Addr: 06139e8c
GwEUI: 24E124FFFEFE11C4
AppEUI: 24E124C0002A0001
Device EUI/Group Name: 24E124445E318071
Class Type: Class C
Immediately: -
Timestamp: 3752858224
Type: UpUnc
Adr: false
AdrAcKReq: false
Ack: false
Fcnt: 1172
Port: 86
Modulation: LORA
Bandwidth: 125
SpreadFactor: 7
Bitrate: 0
CodeRate: 4/5
SNR: 11.0
RSSI: -93
Power: -
Payload(b64): Q1VTVE9NTUVTU0FHRVRFU1RGT1JHUklEQUNUSVZBVElPTg==
Payload(hex): 435553544f4d4d45535341474554455354464f524752494441435449564154494f4e
JSON: {""text"":""CUSTOMMESSAGETESTFORGRIDACTIVATION""}
MIC: 64e9a6ff",25-06-r1358.csv,,25-06-r1358,1358,,[1358],[1358],['R1358'],2026-06-25,2026-06-25 13:36:00+02:00,-93.0,11.0,06139e8c,24E124FFFEFE11C4,24E124C0002A0001,24E124445E318071,Class C,-,3752858224,UpUnc,false,false,false,1172,86,LORA,125,7,0,4/5,11.0,-93,-,Q1VTVE9NTUVTU0FHRVRFU1RGT1JHUklEQUNUSVZBVElPTg==,435553544f4d4d45535341474554455354464f524752494441435449564154494f4e,"{""text"":""CUSTOMMESSAGETESTFORGRIDACTIVATION""}",64e9a6ff,86.0,435553544f4d4d45535341474554455354464f524752494441435449564154494f4e,{'text': 'CUSTOMMESSAGETESTFORGRIDACTIVATION'},,CUSTOMMESSAGETESTFORGRIDACTIVATION,['R1358'],R1358,['R1358'],['2026-06-25_R1358_01'],['R1358'],True,2026-06-25,True,True,2026-06-25_R1358_01,2026-06-25,R1358,1,13,assigned_extra_tail,True,-32.0,True,7,83.816,7.300000000000001,2026-06-25 13:34:54+02:00,2026-06-25 13:34:54+02:00,,True,True,,29,47,18,0,1158,1204,0.6170212765957447,0.3829787234042553,0.3829787234042553,tail
24E124445E318071,24E124FFFEFE11C4,868300000,SF7BW125, -91/5.0,34,1174,UpUnc,2026-06-25 11:36:08+00:00,"Dev Addr/Multicast Addr: 06139e8c
GwEUI: 24E124FFFEFE11C4
AppEUI: 24E124C0002A0001
Device EUI/Group Name: 24E124445E318071
Class Type: Class C
Immediately: -
Timestamp: 3761684223
Type: UpUnc
Adr: false
AdrAcKReq: false
Ack: false
Fcnt: 1174
Port: 86
Modulation: LORA
Bandwidth: 125
SpreadFactor: 7
Bitrate: 0
CodeRate: 4/5
SNR: 5.0
RSSI: -91
Power: -
Payload(b64): Q1VTVE9NTUVTU0FHRVRFU1RGT1JHUklEQUNUSVZBVElPTg==
Payload(hex): 435553544f4d4d45535341474554455354464f524752494441435449564154494f4e
JSON: {""text"":""CUSTOMMESSAGETESTFORGRIDACTIVATION""}
MIC: f5078b7e",25-06-r1358.csv,,25-06-r1358,1358,,[1358],[1358],['R1358'],2026-06-25,2026-06-25 13:36:08+02:00,-91.0,5.0,06139e8c,24E124FFFEFE11C4,24E124C0002A0001,24E124445E318071,Class C,-,3761684223,UpUnc,false,false,false,1174,86,LORA,125,7,0,4/5,5.0,-91,-,Q1VTVE9NTUVTU0FHRVRFU1RGT1JHUklEQUNUSVZBVElPTg==,435553544f4d4d45535341474554455354464f524752494441435449564154494f4e,"{""text"":""CUSTOMMESSAGETESTFORGRIDACTIVATION""}",f5078b7e,86.0,435553544f4d4d45535341474554455354464f524752494441435449564154494f4e,{'text': 'CUSTOMMESSAGETESTFORGRIDACTIVATION'},,CUSTOMMESSAGETESTFORGRIDACTIVATION,['R1358'],R1358,['R1358'],['2026-06-25_R1358_01'],['R1358'],True,2026-06-25,True,True,2026-06-25_R1358_01,2026-06-25,R1358,1,13,assigned_extra_tail,True,-32.0,True,7,83.816,7.300000000000001,2026-06-25 13:34:54+02:00,2026-06-25 13:34:54+02:00,,True,True,,29,47,18,0,1158,1204,0.6170212765957447,0.3829787234042553,0.3829787234042553,tail
24E124445E318071,24E124FFFEFE11C4,868500000,SF7BW125, -93/9.2,34,1176,UpUnc,2026-06-25 11:36:19+00:00,"Dev Addr/Multicast Addr: 06139e8c
GwEUI: 24E124FFFEFE11C4
AppEUI: 24E124C0002A0001
Device EUI/Group Name: 24E124445E318071
Class Type: Class C
Immediately: -
Timestamp: 3772429259
Type: UpUnc
Adr: false
AdrAcKReq: false
Ack: false
Fcnt: 1176
Port: 86
Modulation: LORA
Bandwidth: 125
SpreadFactor: 7
Bitrate: 0
CodeRate: 4/5
SNR: 9.2
RSSI: -93
Power: -
Payload(b64): Q1VTVE9NTUVTU0FHRVRFU1RGT1JHUklEQUNUSVZBVElPTg==
Payload(hex): 435553544f4d4d45535341474554455354464f524752494441435449564154494f4e
JSON: {""text"":""CUSTOMMESSAGETESTFORGRIDACTIVATION""}
MIC: 7b40ae24",25-06-r1358.csv,,25-06-r1358,1358,,[1358],[1358],['R1358'],2026-06-25,2026-06-25 13:36:19+02:00,-93.0,9.2,06139e8c,24E124FFFEFE11C4,24E124C0002A0001,24E124445E318071,Class C,-,3772429259,UpUnc,false,false,false,1176,86,LORA,125,7,0,4/5,9.2,-93,-,Q1VTVE9NTUVTU0FHRVRFU1RGT1JHUklEQUNUSVZBVElPTg==,435553544f4d4d45535341474554455354464f524752494441435449564154494f4e,"{""text"":""CUSTOMMESSAGETESTFORGRIDACTIVATION""}",7b40ae24,86.0,435553544f4d4d45535341474554455354464f524752494441435449564154494f4e,{'text': 'CUSTOMMESSAGETESTFORGRIDACTIVATION'},,CUSTOMMESSAGETESTFORGRIDACTIVATION,['R1358'],R1358,['R1358'],['2026-06-25_R1358_01'],['R1358'],True,2026-06-25,True,True,2026-06-25_R1358_01,2026-06-25,R1358,1,13,assigned_extra_tail,True,-32.0,True,7,83.816,7.300000000000001,2026-06-25 13:34:54+02:00,2026-06-25 13:34:54+02:00,,True,True,,29,47,18,0,1158,1204,0.6170212765957447,0.3829787234042553,0.3829787234042553,tail
24E124445E318071,24E124FFFEFE11C4,868500000,SF7BW125, -93/9.0,34,1178,UpUnc,2026-06-25 11:36:26+00:00,"Dev Addr/Multicast Addr: 06139e8c
GwEUI: 24E124FFFEFE11C4
AppEUI: 24E124C0002A0001
Device EUI/Group Name: 24E124445E318071
Class Type: Class C
Immediately: -
Timestamp: 3779539268
Type: UpUnc
Adr: false
AdrAcKReq: false
Ack: false
Fcnt: 1178
Port: 86
Modulation: LORA
Bandwidth: 125
SpreadFactor: 7
Bitrate: 0
CodeRate: 4/5
SNR: 9.0
RSSI: -93
Power: -
Payload(b64): Q1VTVE9NTUVTU0FHRVRFU1RGT1JHUklEQUNUSVZBVElPTg==
Payload(hex): 435553544f4d4d45535341474554455354464f524752494441435449564154494f4e
JSON: {""text"":""CUSTOMMESSAGETESTFORGRIDACTIVATION""}
MIC: 81bbad7e",25-06-r1358.csv,,25-06-r1358,1358,,[1358],[1358],['R1358'],2026-06-25,2026-06-25 13:36:26+02:00,-93.0,9.0,06139e8c,24E124FFFEFE11C4,24E124C0002A0001,24E124445E318071,Class C,-,3779539268,UpUnc,false,false,false,1178,86,LORA,125,7,0,4/5,9.0,-93,-,Q1VTVE9NTUVTU0FHRVRFU1RGT1JHUklEQUNUSVZBVElPTg==,435553544f4d4d45535341474554455354464f524752494441435449564154494f4e,"{""text"":""CUSTOMMESSAGETESTFORGRIDACTIVATION""}",81bbad7e,86.0,435553544f4d4d45535341474554455354464f524752494441435449564154494f4e,{'text': 'CUSTOMMESSAGETESTFORGRIDACTIVATION'},,CUSTOMMESSAGETESTFORGRIDACTIVATION,['R1358'],R1358,['R1358'],['2026-06-25_R1358_01'],['R1358'],True,2026-06-25,True,True,2026-06-25_R1358_01,2026-06-25,R1358,1,13,assigned_extra_tail,True,-32.0,True,7,83.816,7.300000000000001,2026-06-25 13:34:54+02:00,2026-06-25 13:34:54+02:00,,True,True,,29,47,18,0,1158,1204,0.6170212765957447,0.3829787234042553,0.3829787234042553,tail
24E124445E318071,24E124FFFEFE11C4,868500000,SF7BW125, -90/9.8,34,1180,UpUnc,2026-06-25 11:36:37+00:00,"Dev Addr/Multicast Addr: 06139e8c
GwEUI: 24E124FFFEFE11C4
AppEUI: 24E124C0002A0001
Device EUI/Group Name: 24E124445E318071
Class Type: Class C
Immediately: -
Timestamp: 3790016242
Type: UpUnc
Adr: false
AdrAcKReq: false
Ack: false
Fcnt: 1180
Port: 86
Modulation: LORA
Bandwidth: 125
SpreadFactor: 7
Bitrate: 0
CodeRate: 4/5
SNR: 9.8
RSSI: -90
Power: -
Payload(b64): Q1VTVE9NTUVTU0FHRVRFU1RGT1JHUklEQUNUSVZBVElPTg==
Payload(hex): 435553544f4d4d45535341474554455354464f524752494441435449564154494f4e
JSON: {""text"":""CUSTOMMESSAGETESTFORGRIDACTIVATION""}
MIC: 7626f1aa",25-06-r1358.csv,,25-06-r1358,1358,,[1358],[1358],['R1358'],2026-06-25,2026-06-25 13:36:37+02:00,-90.0,9.8,06139e8c,24E124FFFEFE11C4,24E124C0002A0001,24E124445E318071,Class C,-,3790016242,UpUnc,false,false,false,1180,86,LORA,125,7,0,4/5,9.8,-90,-,Q1VTVE9NTUVTU0FHRVRFU1RGT1JHUklEQUNUSVZBVElPTg==,435553544f4d4d45535341474554455354464f524752494441435449564154494f4e,"{""text"":""CUSTOMMESSAGETESTFORGRIDACTIVATION""}",7626f1aa,86.0,435553544f4d4d45535341474554455354464f524752494441435449564154494f4e,{'text': 'CUSTOMMESSAGETESTFORGRIDACTIVATION'},,CUSTOMMESSAGETESTFORGRIDACTIVATION,['R1358'],R1358,['R1358'],['2026-06-25_R1358_01'],['R1358'],True,2026-06-25,True,True,2026-06-25_R1358_01,2026-06-25,R1358,1,13,assigned_extra_tail,True,-32.0,True,7,83.816,7.300000000000001,2026-06-25 13:34:54+02:00,2026-06-25 13:34:54+02:00,,True,True,,29,47,18,0,1158,1204,0.6170212765957447,0.3829787234042553,0.3829787234042553,tail
24E124445E318071,24E124FFFEFE11C4,868100000,SF7BW125, -92/10.5,34,1182,UpUnc,2026-06-25 11:36:46+00:00,"Dev Addr/Multicast Addr: 06139e8c
GwEUI: 24E124FFFEFE11C4
AppEUI: 24E124C0002A0001
Device EUI/Group Name: 24E124445E318071
Class Type: Class C
Immediately: -
Timestamp: 3799214219
Type: UpUnc
Adr: false
AdrAcKReq: false
Ack: false
Fcnt: 1182
Port: 86
Modulation: LORA
Bandwidth: 125
SpreadFactor: 7
Bitrate: 0
CodeRate: 4/5
SNR: 10.5
RSSI: -92
Power: -
Payload(b64): Q1VTVE9NTUVTU0FHRVRFU1RGT1JHUklEQUNUSVZBVElPTg==
Payload(hex): 435553544f4d4d45535341474554455354464f524752494441435449564154494f4e
JSON: {""text"":""CUSTOMMESSAGETESTFORGRIDACTIVATION""}
MIC: eeec7007",25-06-r1358.csv,,25-06-r1358,1358,,[1358],[1358],['R1358'],2026-06-25,2026-06-25 13:36:46+02:00,-92.0,10.5,06139e8c,24E124FFFEFE11C4,24E124C0002A0001,24E124445E318071,Class C,-,3799214219,UpUnc,false,false,false,1182,86,LORA,125,7,0,4/5,10.5,-92,-,Q1VTVE9NTUVTU0FHRVRFU1RGT1JHUklEQUNUSVZBVElPTg==,435553544f4d4d45535341474554455354464f524752494441435449564154494f4e,"{""text"":""CUSTOMMESSAGETESTFORGRIDACTIVATION""}",eeec7007,86.0,435553544f4d4d45535341474554455354464f524752494441435449564154494f4e,{'text': 'CUSTOMMESSAGETESTFORGRIDACTIVATION'},,CUSTOMMESSAGETESTFORGRIDACTIVATION,['R1358'],R1358,['R1358'],['2026-06-25_R1358_01'],['R1358'],True,2026-06-25,True,True,2026-06-25_R1358_01,2026-06-25,R1358,1,13,assigned_extra_tail,True,-32.0,True,7,83.816,7.300000000000001,2026-06-25 13:34:54+02:00,2026-06-25 13:34:54+02:00,,True,True,,29,47,18,0,1158,1204,0.6170212765957447,0.3829787234042553,0.3829787234042553,tail
24E124445E318071,24E124FFFEFE11C4,868300000,SF7BW125, -93/10.8,34,1183,UpUnc,2026-06-25 11:36:50+00:00,"Dev Addr/Multicast Addr: 06139e8c
GwEUI: 24E124FFFEFE11C4
AppEUI: 24E124C0002A0001
Device EUI/Group Name: 24E124445E318071
Class Type: Class C
Immediately: -
Timestamp: 3802894298
Type: UpUnc
Adr: false
AdrAcKReq: false
Ack: false
Fcnt: 1183
Port: 86
Modulation: LORA
Bandwidth: 125
SpreadFactor: 7
Bitrate: 0
CodeRate: 4/5
SNR: 10.8
RSSI: -93
Power: -
Payload(b64): Q1VTVE9NTUVTU0FHRVRFU1RGT1JHUklEQUNUSVZBVElPTg==
Payload(hex): 435553544f4d4d45535341474554455354464f524752494441435449564154494f4e
JSON: {""text"":""CUSTOMMESSAGETESTFORGRIDACTIVATION""}
MIC: 354d5705",25-06-r1358.csv,,25-06-r1358,1358,,[1358],[1358],['R1358'],2026-06-25,2026-06-25 13:36:50+02:00,-93.0,10.8,06139e8c,24E124FFFEFE11C4,24E124C0002A0001,24E124445E318071,Class C,-,3802894298,UpUnc,false,false,false,1183,86,LORA,125,7,0,4/5,10.8,-93,-,Q1VTVE9NTUVTU0FHRVRFU1RGT1JHUklEQUNUSVZBVElPTg==,435553544f4d4d45535341474554455354464f524752494441435449564154494f4e,"{""text"":""CUSTOMMESSAGETESTFORGRIDACTIVATION""}",354d5705,86.0,435553544f4d4d45535341474554455354464f524752494441435449564154494f4e,{'text': 'CUSTOMMESSAGETESTFORGRIDACTIVATION'},,CUSTOMMESSAGETESTFORGRIDACTIVATION,['R1358'],R1358,['R1358'],['2026-06-25_R1358_01'],['R1358'],True,2026-06-25,True,True,2026-06-25_R1358_01,2026-06-25,R1358,1,13,assigned_extra_tail,True,-32.0,True,7,83.816,7.300000000000001,2026-06-25 13:34:54+02:00,2026-06-25 13:34:54+02:00,,True,True,,29,47,18,0,1158,1204,0.6170212765957447,0.3829787234042553,0.3829787234042553,tail
24E124445E318071,24E124FFFEFE11C4,868100000,SF7BW125, -92/11.0,34,1184,UpUnc,2026-06-25 11:36:54+00:00,"Dev Addr/Multicast Addr: 06139e8c
GwEUI: 24E124FFFEFE11C4
AppEUI: 24E124C0002A0001
Device EUI/Group Name: 24E124445E318071
Class Type: Class C
Immediately: -
Timestamp: 3806782277
Type: UpUnc
Adr: false
AdrAcKReq: false
Ack: false
Fcnt: 1184
Port: 86
Modulation: LORA
Bandwidth: 125
SpreadFactor: 7
Bitrate: 0
CodeRate: 4/5
SNR: 11.0
RSSI: -92
Power: -
Payload(b64): Q1VTVE9NTUVTU0FHRVRFU1RGT1JHUklEQUNUSVZBVElPTg==
Payload(hex): 435553544f4d4d45535341474554455354464f524752494441435449564154494f4e
JSON: {""text"":""CUSTOMMESSAGETESTFORGRIDACTIVATION""}
MIC: fe74dd43",25-06-r1358.csv,,25-06-r1358,1358,,[1358],[1358],['R1358'],2026-06-25,2026-06-25 13:36:54+02:00,-92.0,11.0,06139e8c,24E124FFFEFE11C4,24E124C0002A0001,24E124445E318071,Class C,-,3806782277,UpUnc,false,false,false,1184,86,LORA,125,7,0,4/5,11.0,-92,-,Q1VTVE9NTUVTU0FHRVRFU1RGT1JHUklEQUNUSVZBVElPTg==,435553544f4d4d45535341474554455354464f524752494441435449564154494f4e,"{""text"":""CUSTOMMESSAGETESTFORGRIDACTIVATION""}",fe74dd43,86.0,435553544f4d4d45535341474554455354464f524752494441435449564154494f4e,{'text': 'CUSTOMMESSAGETESTFORGRIDACTIVATION'},,CUSTOMMESSAGETESTFORGRIDACTIVATION,['R1358'],R1358,['R1358'],['2026-06-25_R1358_01'],['R1358'],True,2026-06-25,True,True,2026-06-25_R1358_01,2026-06-25,R1358,1,13,assigned_extra_tail,True,-32.0,True,7,83.816,7.300000000000001,2026-06-25 13:34:54+02:00,2026-06-25 13:34:54+02:00,,True,True,,29,47,18,0,1158,1204,0.6170212765957447,0.3829787234042553,0.3829787234042553,tail
24E124445E318071,24E124FFFEFE11C4,868500000,SF7BW125, -89/10.8,34,1185,UpUnc,2026-06-25 11:36:58+00:00,"Dev Addr/Multicast Addr: 06139e8c
GwEUI: 24E124FFFEFE11C4
AppEUI: 24E124C0002A0001
Device EUI/Group Name: 24E124445E318071
Class Type: Class C
Immediately: -
Timestamp: 3810830264
Type: UpUnc
Adr: false
AdrAcKReq: false
Ack: false
Fcnt: 1185
Port: 86
Modulation: LORA
Bandwidth: 125
SpreadFactor: 7
Bitrate: 0
CodeRate: 4/5
SNR: 10.8
RSSI: -89
Power: -
Payload(b64): Q1VTVE9NTUVTU0FHRVRFU1RGT1JHUklEQUNUSVZBVElPTg==
Payload(hex): 435553544f4d4d45535341474554455354464f524752494441435449564154494f4e
JSON: {""text"":""CUSTOMMESSAGETESTFORGRIDACTIVATION""}
MIC: ad6cd60b",25-06-r1358.csv,,25-06-r1358,1358,,[1358],[1358],['R1358'],2026-06-25,2026-06-25 13:36:58+02:00,-89.0,10.8,06139e8c,24E124FFFEFE11C4,24E124C0002A0001,24E124445E318071,Class C,-,3810830264,UpUnc,false,false,false,1185,86,LORA,125,7,0,4/5,10.8,-89,-,Q1VTVE9NTUVTU0FHRVRFU1RGT1JHUklEQUNUSVZBVElPTg==,435553544f4d4d45535341474554455354464f524752494441435449564154494f4e,"{""text"":""CUSTOMMESSAGETESTFORGRIDACTIVATION""}",ad6cd60b,86.0,435553544f4d4d45535341474554455354464f524752494441435449564154494f4e,{'text': 'CUSTOMMESSAGETESTFORGRIDACTIVATION'},,CUSTOMMESSAGETESTFORGRIDACTIVATION,['R1358'],R1358,['R1358'],['2026-06-25_R1358_01'],['R1358'],True,2026-06-25,True,True,2026-06-25_R1358_01,2026-06-25,R1358,1,13,assigned_extra_tail,True,-32.0,True,7,83.816,7.300000000000001,2026-06-25 13:34:54+02:00,2026-06-25 13:34:54+02:00,,True,True,,29,47,18,0,1158,1204,0.6170212765957447,0.3829787234042553,0.3829787234042553,tail
24E124445E318071,24E124FFFEFE11C4,868100000,SF7BW125, -89/11.5,34,1186,UpUnc,2026-06-25 11:37:02+00:00,"Dev Addr/Multicast Addr: 06139e8c
GwEUI: 24E124FFFEFE11C4
AppEUI: 24E124C0002A0001
Device EUI/Group Name: 24E124445E318071
Class Type: Class C
Immediately: -
Timestamp: 3814752316
Type: UpUnc
Adr: false
AdrAcKReq: false
Ack: false
Fcnt: 1186
Port: 86
Modulation: LORA
Bandwidth: 125
SpreadFactor: 7
Bitrate: 0
CodeRate: 4/5
SNR: 11.5
RSSI: -89
Power: -
Payload(b64): Q1VTVE9NTUVTU0FHRVRFU1RGT1JHUklEQUNUSVZBVElPTg==
Payload(hex): 435553544f4d4d45535341474554455354464f524752494441435449564154494f4e
JSON: {""text"":""CUSTOMMESSAGETESTFORGRIDACTIVATION""}
MIC: f5faa31f",25-06-r1358.csv,,25-06-r1358,1358,,[1358],[1358],['R1358'],2026-06-25,2026-06-25 13:37:02+02:00,-89.0,11.5,06139e8c,24E124FFFEFE11C4,24E124C0002A0001,24E124445E318071,Class C,-,3814752316,UpUnc,false,false,false,1186,86,LORA,125,7,0,4/5,11.5,-89,-,Q1VTVE9NTUVTU0FHRVRFU1RGT1JHUklEQUNUSVZBVElPTg==,435553544f4d4d45535341474554455354464f524752494441435449564154494f4e,"{""text"":""CUSTOMMESSAGETESTFORGRIDACTIVATION""}",f5faa31f,86.0,435553544f4d4d45535341474554455354464f524752494441435449564154494f4e,{'text': 'CUSTOMMESSAGETESTFORGRIDACTIVATION'},,CUSTOMMESSAGETESTFORGRIDACTIVATION,['R1358'],R1358,['R1358'],['2026-06-25_R1358_01'],['R1358'],True,2026-06-25,True,True,2026-06-25_R1358_01,2026-06-25,R1358,1,13,assigned_extra_tail,True,-32.0,True,7,83.816,7.300000000000001,2026-06-25 13:34:54+02:00,2026-06-25 13:34:54+02:00,,True,True,,29,47,18,0,1158,1204,0.6170212765957447,0.3829787234042553,0.3829787234042553,tail
24E124445E318071,24E124FFFEFE11C4,868300000,SF7BW125, -86/12.8,34,1188,UpUnc,2026-06-25 11:37:12+00:00,"Dev Addr/Multicast Addr: 06139e8c
GwEUI: 24E124FFFEFE11C4
AppEUI: 24E124C0002A0001
Device EUI/Group Name: 24E124445E318071
Class Type: Class C
Immediately: -
Timestamp: 3824955263
Type: UpUnc
Adr: false
AdrAcKReq: false
Ack: false
Fcnt: 1188
Port: 86
Modulation: LORA
Bandwidth: 125
SpreadFactor: 7
Bitrate: 0
CodeRate: 4/5
SNR: 12.8
RSSI: -86
Power: -
Payload(b64): Q1VTVE9NTUVTU0FHRVRFU1RGT1JHUklEQUNUSVZBVElPTg==
Payload(hex): 435553544f4d4d45535341474554455354464f524752494441435449564154494f4e
JSON: {""text"":""CUSTOMMESSAGETESTFORGRIDACTIVATION""}
MIC: 7d2017bf",25-06-r1358.csv,,25-06-r1358,1358,,[1358],[1358],['R1358'],2026-06-25,2026-06-25 13:37:12+02:00,-86.0,12.8,06139e8c,24E124FFFEFE11C4,24E124C0002A0001,24E124445E318071,Class C,-,3824955263,UpUnc,false,false,false,1188,86,LORA,125,7,0,4/5,12.8,-86,-,Q1VTVE9NTUVTU0FHRVRFU1RGT1JHUklEQUNUSVZBVElPTg==,435553544f4d4d45535341474554455354464f524752494441435449564154494f4e,"{""text"":""CUSTOMMESSAGETESTFORGRIDACTIVATION""}",7d2017bf,86.0,435553544f4d4d45535341474554455354464f524752494441435449564154494f4e,{'text': 'CUSTOMMESSAGETESTFORGRIDACTIVATION'},,CUSTOMMESSAGETESTFORGRIDACTIVATION,['R1358'],R1358,['R1358'],['2026-06-25_R1358_01'],['R1358'],True,2026-06-25,True,True,2026-06-25_R1358_01,2026-06-25,R1358,1,13,assigned_extra_tail,True,-32.0,True,7,83.816,7.300000000000001,2026-06-25 13:34:54+02:00,2026-06-25 13:34:54+02:00,,True,True,,29,47,18,0,1158,1204,0.6170212765957447,0.3829787234042553,0.3829787234042553,tail
24E124445E318071,24E124FFFEFE11C4,868100000,SF7BW125, -85/12.0,34,1189,UpUnc,2026-06-25 11:37:17+00:00,"Dev Addr/Multicast Addr: 06139e8c
GwEUI: 24E124FFFEFE11C4
AppEUI: 24E124C0002A0001
Device EUI/Group Name: 24E124445E318071
Class Type: Class C
Immediately: -
Timestamp: 3830081279
Type: UpUnc
Adr: false
AdrAcKReq: false
Ack: false
Fcnt: 1189
Port: 86
Modulation: LORA
Bandwidth: 125
SpreadFactor: 7
Bitrate: 0
CodeRate: 4/5
SNR: 12.0
RSSI: -85
Power: -
Payload(b64): Q1VTVE9NTUVTU0FHRVRFU1RGT1JHUklEQUNUSVZBVElPTg==
Payload(hex): 435553544f4d4d45535341474554455354464f524752494441435449564154494f4e
JSON: {""text"":""CUSTOMMESSAGETESTFORGRIDACTIVATION""}
MIC: 8b855f01",25-06-r1358.csv,,25-06-r1358,1358,,[1358],[1358],['R1358'],2026-06-25,2026-06-25 13:37:17+02:00,-85.0,12.0,06139e8c,24E124FFFEFE11C4,24E124C0002A0001,24E124445E318071,Class C,-,3830081279,UpUnc,false,false,false,1189,86,LORA,125,7,0,4/5,12.0,-85,-,Q1VTVE9NTUVTU0FHRVRFU1RGT1JHUklEQUNUSVZBVElPTg==,435553544f4d4d45535341474554455354464f524752494441435449564154494f4e,"{""text"":""CUSTOMMESSAGETESTFORGRIDACTIVATION""}",8b855f01,86.0,435553544f4d4d45535341474554455354464f524752494441435449564154494f4e,{'text': 'CUSTOMMESSAGETESTFORGRIDACTIVATION'},,CUSTOMMESSAGETESTFORGRIDACTIVATION,['R1358'],R1358,['R1358'],['2026-06-25_R1358_01'],['R1358'],True,2026-06-25,True,True,2026-06-25_R1358_01,2026-06-25,R1358,1,13,assigned_extra_tail,True,-32.0,True,7,83.816,7.300000000000001,2026-06-25 13:34:54+02:00,2026-06-25 13:34:54+02:00,,True,True,,29,47,18,0,1158,1204,0.6170212765957447,0.3829787234042553,0.3829787234042553,tail
24E124445E318071,24E124FFFEFE11C4,868300000,SF7BW125, -87/13.2,34,1190,UpUnc,2026-06-25 11:37:21+00:00,"Dev Addr/Multicast Addr: 06139e8c
GwEUI: 24E124FFFEFE11C4
AppEUI: 24E124C0002A0001
Device EUI/Group Name: 24E124445E318071
Class Type: Class C
Immediately: -
Timestamp: 3833863324
Type: UpUnc
Adr: false
AdrAcKReq: false
Ack: false
Fcnt: 1190
Port: 86
Modulation: LORA
Bandwidth: 125
SpreadFactor: 7
Bitrate: 0
CodeRate: 4/5
SNR: 13.2
RSSI: -87
Power: -
Payload(b64): Q1VTVE9NTUVTU0FHRVRFU1RGT1JHUklEQUNUSVZBVElPTg==
Payload(hex): 435553544f4d4d45535341474554455354464f524752494441435449564154494f4e
JSON: {""text"":""CUSTOMMESSAGETESTFORGRIDACTIVATION""}
MIC: 36e8d514",25-06-r1358.csv,,25-06-r1358,1358,,[1358],[1358],['R1358'],2026-06-25,2026-06-25 13:37:21+02:00,-87.0,13.2,06139e8c,24E124FFFEFE11C4,24E124C0002A0001,24E124445E318071,Class C,-,3833863324,UpUnc,false,false,false,1190,86,LORA,125,7,0,4/5,13.2,-87,-,Q1VTVE9NTUVTU0FHRVRFU1RGT1JHUklEQUNUSVZBVElPTg==,435553544f4d4d45535341474554455354464f524752494441435449564154494f4e,"{""text"":""CUSTOMMESSAGETESTFORGRIDACTIVATION""}",36e8d514,86.0,435553544f4d4d45535341474554455354464f524752494441435449564154494f4e,{'text': 'CUSTOMMESSAGETESTFORGRIDACTIVATION'},,CUSTOMMESSAGETESTFORGRIDACTIVATION,['R1358'],R1358,['R1358'],['2026-06-25_R1358_01'],['R1358'],True,2026-06-25,True,True,2026-06-25_R1358_01,2026-06-25,R1358,1,13,assigned_extra_tail,True,-32.0,True,7,83.816,7.300000000000001,2026-06-25 13:34:54+02:00,2026-06-25 13:34:54+02:00,,True,True,,29,47,18,0,1158,1204,0.6170212765957447,0.3829787234042553,0.3829787234042553,tail
24E124445E318071,24E124FFFEFE11C4,868300000,SF7BW125, -87/13.0,34,1191,UpUnc,2026-06-25 11:37:26+00:00,"Dev Addr/Multicast Addr: 06139e8c
GwEUI: 24E124FFFEFE11C4
AppEUI: 24E124C0002A0001
Device EUI/Group Name: 24E124445E318071
Class Type: Class C
Immediately: -
Timestamp: 3838930230
Type: UpUnc
Adr: false
AdrAcKReq: false
Ack: false
Fcnt: 1191
Port: 86
Modulation: LORA
Bandwidth: 125
SpreadFactor: 7
Bitrate: 0
CodeRate: 4/5
SNR: 13.0
RSSI: -87
Power: -
Payload(b64): Q1VTVE9NTUVTU0FHRVRFU1RGT1JHUklEQUNUSVZBVElPTg==
Payload(hex): 435553544f4d4d45535341474554455354464f524752494441435449564154494f4e
JSON: {""text"":""CUSTOMMESSAGETESTFORGRIDACTIVATION""}
MIC: 96aafb7f",25-06-r1358.csv,,25-06-r1358,1358,,[1358],[1358],['R1358'],2026-06-25,2026-06-25 13:37:26+02:00,-87.0,13.0,06139e8c,24E124FFFEFE11C4,24E124C0002A0001,24E124445E318071,Class C,-,3838930230,UpUnc,false,false,false,1191,86,LORA,125,7,0,4/5,13.0,-87,-,Q1VTVE9NTUVTU0FHRVRFU1RGT1JHUklEQUNUSVZBVElPTg==,435553544f4d4d45535341474554455354464f524752494441435449564154494f4e,"{""text"":""CUSTOMMESSAGETESTFORGRIDACTIVATION""}",96aafb7f,86.0,435553544f4d4d45535341474554455354464f524752494441435449564154494f4e,{'text': 'CUSTOMMESSAGETESTFORGRIDACTIVATION'},,CUSTOMMESSAGETESTFORGRIDACTIVATION,['R1358'],R1358,['R1358'],['2026-06-25_R1358_01'],['R1358'],True,2026-06-25,True,True,2026-06-25_R1358_01,2026-06-25,R1358,1,13,assigned_extra_tail,True,-32.0,True,7,83.816,7.300000000000001,2026-06-25 13:34:54+02:00,2026-06-25 13:34:54+02:00,,True,True,,29,47,18,0,1158,1204,0.6170212765957447,0.3829787234042553,0.3829787234042553,tail
24E124445E318071,24E124FFFEFE11C4,868100000,SF7BW125, -82/13.8,34,1192,UpUnc,2026-06-25 11:37:31+00:00,"Dev Addr/Multicast Addr: 06139e8c
GwEUI: 24E124FFFEFE11C4
AppEUI: 24E124C0002A0001
Device EUI/Group Name: 24E124445E318071
Class Type: Class C
Immediately: -
Timestamp: 3844026302
Type: UpUnc
Adr: false
AdrAcKReq: false
Ack: false
Fcnt: 1192
Port: 86
Modulation: LORA
Bandwidth: 125
SpreadFactor: 7
Bitrate: 0
CodeRate: 4/5
SNR: 13.8
RSSI: -82
Power: -
Payload(b64): Q1VTVE9NTUVTU0FHRVRFU1RGT1JHUklEQUNUSVZBVElPTg==
Payload(hex): 435553544f4d4d45535341474554455354464f524752494441435449564154494f4e
JSON: {""text"":""CUSTOMMESSAGETESTFORGRIDACTIVATION""}
MIC: 327e562d",25-06-r1358.csv,,25-06-r1358,1358,,[1358],[1358],['R1358'],2026-06-25,2026-06-25 13:37:31+02:00,-82.0,13.8,06139e8c,24E124FFFEFE11C4,24E124C0002A0001,24E124445E318071,Class C,-,3844026302,UpUnc,false,false,false,1192,86,LORA,125,7,0,4/5,13.8,-82,-,Q1VTVE9NTUVTU0FHRVRFU1RGT1JHUklEQUNUSVZBVElPTg==,435553544f4d4d45535341474554455354464f524752494441435449564154494f4e,"{""text"":""CUSTOMMESSAGETESTFORGRIDACTIVATION""}",327e562d,86.0,435553544f4d4d45535341474554455354464f524752494441435449564154494f4e,{'text': 'CUSTOMMESSAGETESTFORGRIDACTIVATION'},,CUSTOMMESSAGETESTFORGRIDACTIVATION,['R1358'],R1358,['R1358'],['2026-06-25_R1358_01'],['R1358'],True,2026-06-25,True,True,2026-06-25_R1358_01,2026-06-25,R1358,1,13,assigned_extra_tail,True,-32.0,True,7,83.816,7.300000000000001,2026-06-25 13:34:54+02:00,2026-06-25 13:34:54+02:00,,True,True,,29,47,18,0,1158,1204,0.6170212765957447,0.3829787234042553,0.3829787234042553,tail
24E124445E318071,24E124FFFEFE11C4,868100000,SF7BW125, -92/8.8,34,1193,UpUnc,2026-06-25 11:37:35+00:00,"Dev Addr/Multicast Addr: 06139e8c
GwEUI: 24E124FFFEFE11C4
AppEUI: 24E124C0002A0001
Device EUI/Group Name: 24E124445E318071
Class Type: Class C
Immediately: -
Timestamp: 3847987299
Type: UpUnc
Adr: false
AdrAcKReq: false
Ack: false
Fcnt: 1193
Port: 86
Modulation: LORA
Bandwidth: 125
SpreadFactor: 7
Bitrate: 0
CodeRate: 4/5
SNR: 8.8
RSSI: -92
Power: -
Payload(b64): Q1VTVE9NTUVTU0FHRVRFU1RGT1JHUklEQUNUSVZBVElPTg==
Payload(hex): 435553544f4d4d45535341474554455354464f524752494441435449564154494f4e
JSON: {""text"":""CUSTOMMESSAGETESTFORGRIDACTIVATION""}
MIC: 06672d3f",25-06-r1358.csv,,25-06-r1358,1358,,[1358],[1358],['R1358'],2026-06-25,2026-06-25 13:37:35+02:00,-92.0,8.8,06139e8c,24E124FFFEFE11C4,24E124C0002A0001,24E124445E318071,Class C,-,3847987299,UpUnc,false,false,false,1193,86,LORA,125,7,0,4/5,8.8,-92,-,Q1VTVE9NTUVTU0FHRVRFU1RGT1JHUklEQUNUSVZBVElPTg==,435553544f4d4d45535341474554455354464f524752494441435449564154494f4e,"{""text"":""CUSTOMMESSAGETESTFORGRIDACTIVATION""}",06672d3f,86.0,435553544f4d4d45535341474554455354464f524752494441435449564154494f4e,{'text': 'CUSTOMMESSAGETESTFORGRIDACTIVATION'},,CUSTOMMESSAGETESTFORGRIDACTIVATION,['R1358'],R1358,['R1358'],['2026-06-25_R1358_01'],['R1358'],True,2026-06-25,True,True,2026-06-25_R1358_01,2026-06-25,R1358,1,13,assigned_extra_tail,True,-32.0,True,7,83.816,7.300000000000001,2026-06-25 13:34:54+02:00,2026-06-25 13:34:54+02:00,,True,True,,29,47,18,0,1158,1204,0.6170212765957447,0.3829787234042553,0.3829787234042553,tail
24E124445E318071,24E124FFFEFE11C4,868500000,SF7BW125, -81/10.0,34,1194,UpUnc,2026-06-25 11:37:40+00:00,"Dev Addr/Multicast Addr: 06139e8c
GwEUI: 24E124FFFEFE11C4
AppEUI: 24E124C0002A0001
Device EUI/Group Name: 24E124445E318071
Class Type: Class C
Immediately: -
Timestamp: 3852885260
Type: UpUnc
Adr: false
AdrAcKReq: false
Ack: false
Fcnt: 1194
Port: 86
Modulation: LORA
Bandwidth: 125
SpreadFactor: 7
Bitrate: 0
CodeRate: 4/5
SNR: 10.0
RSSI: -81
Power: -
Payload(b64): Q1VTVE9NTUVTU0FHRVRFU1RGT1JHUklEQUNUSVZBVElPTg==
Payload(hex): 435553544f4d4d45535341474554455354464f524752494441435449564154494f4e
JSON: {""text"":""CUSTOMMESSAGETESTFORGRIDACTIVATION""}
MIC: 910fb710",25-06-r1358.csv,,25-06-r1358,1358,,[1358],[1358],['R1358'],2026-06-25,2026-06-25 13:37:40+02:00,-81.0,10.0,06139e8c,24E124FFFEFE11C4,24E124C0002A0001,24E124445E318071,Class C,-,3852885260,UpUnc,false,false,false,1194,86,LORA,125,7,0,4/5,10.0,-81,-,Q1VTVE9NTUVTU0FHRVRFU1RGT1JHUklEQUNUSVZBVElPTg==,435553544f4d4d45535341474554455354464f524752494441435449564154494f4e,"{""text"":""CUSTOMMESSAGETESTFORGRIDACTIVATION""}",910fb710,86.0,435553544f4d4d45535341474554455354464f524752494441435449564154494f4e,{'text': 'CUSTOMMESSAGETESTFORGRIDACTIVATION'},,CUSTOMMESSAGETESTFORGRIDACTIVATION,['R1358'],R1358,['R1358'],['2026-06-25_R1358_01'],['R1358'],True,2026-06-25,True,True,2026-06-25_R1358_01,2026-06-25,R1358,1,13,assigned_extra_tail,True,-32.0,True,7,83.816,7.300000000000001,2026-06-25 13:34:54+02:00,2026-06-25 13:34:54+02:00,,True,True,,29,47,18,0,1158,1204,0.6170212765957447,0.3829787234042553,0.3829787234042553,tail
24E124445E318071,24E124FFFEFE11C4,868300000,SF7BW125, -75/14.2,34,1196,UpUnc,2026-06-25 11:37:47+00:00,"Dev Addr/Multicast Addr: 06139e8c
GwEUI: 24E124FFFEFE11C4
AppEUI: 24E124C0002A0001
Device EUI/Group Name: 24E124445E318071
Class Type: Class C
Immediately: -
Timestamp: 3860441311
Type: UpUnc
Adr: false
AdrAcKReq: false
Ack: false
Fcnt: 1196
Port: 86
Modulation: LORA
Bandwidth: 125
SpreadFactor: 7
Bitrate: 0
CodeRate: 4/5
SNR: 14.2
RSSI: -75
Power: -
Payload(b64): Q1VTVE9NTUVTU0FHRVRFU1RGT1JHUklEQUNUSVZBVElPTg==
Payload(hex): 435553544f4d4d45535341474554455354464f524752494441435449564154494f4e
JSON: {""text"":""CUSTOMMESSAGETESTFORGRIDACTIVATION""}
MIC: 0610fca9",25-06-r1358.csv,,25-06-r1358,1358,,[1358],[1358],['R1358'],2026-06-25,2026-06-25 13:37:47+02:00,-75.0,14.2,06139e8c,24E124FFFEFE11C4,24E124C0002A0001,24E124445E318071,Class C,-,3860441311,UpUnc,false,false,false,1196,86,LORA,125,7,0,4/5,14.2,-75,-,Q1VTVE9NTUVTU0FHRVRFU1RGT1JHUklEQUNUSVZBVElPTg==,435553544f4d4d45535341474554455354464f524752494441435449564154494f4e,"{""text"":""CUSTOMMESSAGETESTFORGRIDACTIVATION""}",0610fca9,86.0,435553544f4d4d45535341474554455354464f524752494441435449564154494f4e,{'text': 'CUSTOMMESSAGETESTFORGRIDACTIVATION'},,CUSTOMMESSAGETESTFORGRIDACTIVATION,['R1358'],R1358,['R1358'],['2026-06-25_R1358_01'],['R1358'],True,2026-06-25,True,True,2026-06-25_R1358_01,2026-06-25,R1358,1,13,assigned_extra_tail,True,-32.0,True,7,83.816,7.300000000000001,2026-06-25 13:34:54+02:00,2026-06-25 13:34:54+02:00,,True,True,,29,47,18,0,1158,1204,0.6170212765957447,0.3829787234042553,0.3829787234042553,tail
24E124445E318071,24E124FFFEFE11C4,868100000,SF7BW125, -79/11.8,34,1198,UpUnc,2026-06-25 11:37:55+00:00,"Dev Addr/Multicast Addr: 06139e8c
GwEUI: 24E124FFFEFE11C4
AppEUI: 24E124C0002A0001
Device EUI/Group Name: 24E124445E318071
Class Type: Class C
Immediately: -
Timestamp: 3868724784
Type: UpUnc
Adr: false
AdrAcKReq: false
Ack: false
Fcnt: 1198
Port: 86
Modulation: LORA
Bandwidth: 125
SpreadFactor: 7
Bitrate: 0
CodeRate: 4/5
SNR: 11.8
RSSI: -79
Power: -
Payload(b64): Q1VTVE9NTUVTU0FHRVRFU1RGT1JHUklEQUNUSVZBVElPTg==
Payload(hex): 435553544f4d4d45535341474554455354464f524752494441435449564154494f4e
JSON: {""text"":""CUSTOMMESSAGETESTFORGRIDACTIVATION""}
MIC: d60a038a",25-06-r1358.csv,,25-06-r1358,1358,,[1358],[1358],['R1358'],2026-06-25,2026-06-25 13:37:55+02:00,-79.0,11.8,06139e8c,24E124FFFEFE11C4,24E124C0002A0001,24E124445E318071,Class C,-,3868724784,UpUnc,false,false,false,1198,86,LORA,125,7,0,4/5,11.8,-79,-,Q1VTVE9NTUVTU0FHRVRFU1RGT1JHUklEQUNUSVZBVElPTg==,435553544f4d4d45535341474554455354464f524752494441435449564154494f4e,"{""text"":""CUSTOMMESSAGETESTFORGRIDACTIVATION""}",d60a038a,86.0,435553544f4d4d45535341474554455354464f524752494441435449564154494f4e,{'text': 'CUSTOMMESSAGETESTFORGRIDACTIVATION'},,CUSTOMMESSAGETESTFORGRIDACTIVATION,['R1358'],R1358,['R1358'],['2026-06-25_R1358_01'],['R1358'],True,2026-06-25,True,True,2026-06-25_R1358_01,2026-06-25,R1358,1,13,assigned_extra_tail,True,-32.0,True,7,83.816,7.300000000000001,2026-06-25 13:34:54+02:00,2026-06-25 13:34:54+02:00,,True,True,,29,47,18,0,1158,1204,0.6170212765957447,0.3829787234042553,0.3829787234042553,tail
24E124445E318071,24E124FFFEFE11C4,868300000,SF7BW125, -71/14.0,34,1200,UpUnc,2026-06-25 11:38:06+00:00,"Dev Addr/Multicast Addr: 06139e8c
GwEUI: 24E124FFFEFE11C4
AppEUI: 24E124C0002A0001
Device EUI/Group Name: 24E124445E318071
Class Type: Class C
Immediately: -
Timestamp: 3878781208
Type: UpUnc
Adr: false
AdrAcKReq: false
Ack: false
Fcnt: 1200
Port: 86
Modulation: LORA
Bandwidth: 125
SpreadFactor: 7
Bitrate: 0
CodeRate: 4/5
SNR: 14.0
RSSI: -71
Power: -
Payload(b64): Q1VTVE9NTUVTU0FHRVRFU1RGT1JHUklEQUNUSVZBVElPTg==
Payload(hex): 435553544f4d4d45535341474554455354464f524752494441435449564154494f4e
JSON: {""text"":""CUSTOMMESSAGETESTFORGRIDACTIVATION""}
MIC: 161d15da",25-06-r1358.csv,,25-06-r1358,1358,,[1358],[1358],['R1358'],2026-06-25,2026-06-25 13:38:06+02:00,-71.0,14.0,06139e8c,24E124FFFEFE11C4,24E124C0002A0001,24E124445E318071,Class C,-,3878781208,UpUnc,false,false,false,1200,86,LORA,125,7,0,4/5,14.0,-71,-,Q1VTVE9NTUVTU0FHRVRFU1RGT1JHUklEQUNUSVZBVElPTg==,435553544f4d4d45535341474554455354464f524752494441435449564154494f4e,"{""text"":""CUSTOMMESSAGETESTFORGRIDACTIVATION""}",161d15da,86.0,435553544f4d4d45535341474554455354464f524752494441435449564154494f4e,{'text': 'CUSTOMMESSAGETESTFORGRIDACTIVATION'},,CUSTOMMESSAGETESTFORGRIDACTIVATION,['R1358'],R1358,['R1358'],['2026-06-25_R1358_01'],['R1358'],True,2026-06-25,True,True,2026-06-25_R1358_01,2026-06-25,R1358,1,13,assigned_extra_tail,True,-32.0,True,7,83.816,7.300000000000001,2026-06-25 13:34:54+02:00,2026-06-25 13:34:54+02:00,,True,True,,29,47,18,0,1158,1204,0.6170212765957447,0.3829787234042553,0.3829787234042553,tail
24E124445E318071,24E124FFFEFE11C4,868300000,SF7BW125, -64/13.8,34,1202,UpUnc,2026-06-25 11:38:16+00:00,"Dev Addr/Multicast Addr: 06139e8c
GwEUI: 24E124FFFEFE11C4
AppEUI: 24E124C0002A0001
Device EUI/Group Name: 24E124445E318071
Class Type: Class C
Immediately: -
Timestamp: 3889120332
Type: UpUnc
Adr: false
AdrAcKReq: false
Ack: false
Fcnt: 1202
Port: 86
Modulation: LORA
Bandwidth: 125
SpreadFactor: 7
Bitrate: 0
CodeRate: 4/5
SNR: 13.8
RSSI: -64
Power: -
Payload(b64): Q1VTVE9NTUVTU0FHRVRFU1RGT1JHUklEQUNUSVZBVElPTg==
Payload(hex): 435553544f4d4d45535341474554455354464f524752494441435449564154494f4e
JSON: {""text"":""CUSTOMMESSAGETESTFORGRIDACTIVATION""}
MIC: 3cc9f0e3",25-06-r1358.csv,,25-06-r1358,1358,,[1358],[1358],['R1358'],2026-06-25,2026-06-25 13:38:16+02:00,-64.0,13.8,06139e8c,24E124FFFEFE11C4,24E124C0002A0001,24E124445E318071,Class C,-,3889120332,UpUnc,false,false,false,1202,86,LORA,125,7,0,4/5,13.8,-64,-,Q1VTVE9NTUVTU0FHRVRFU1RGT1JHUklEQUNUSVZBVElPTg==,435553544f4d4d45535341474554455354464f524752494441435449564154494f4e,"{""text"":""CUSTOMMESSAGETESTFORGRIDACTIVATION""}",3cc9f0e3,86.0,435553544f4d4d45535341474554455354464f524752494441435449564154494f4e,{'text': 'CUSTOMMESSAGETESTFORGRIDACTIVATION'},,CUSTOMMESSAGETESTFORGRIDACTIVATION,['R1358'],R1358,['R1358'],['2026-06-25_R1358_01'],['R1358'],True,2026-06-25,True,True,2026-06-25_R1358_01,2026-06-25,R1358,1,13,assigned_extra_tail,True,-32.0,True,7,83.816,7.300000000000001,2026-06-25 13:34:54+02:00,2026-06-25 13:34:54+02:00,,True,True,,29,47,18,0,1158,1204,0.6170212765957447,0.3829787234042553,0.3829787234042553,tail
24E124445E318071,24E124FFFEFE11C4,868300000,SF7BW125, -62/14.2,34,1204,UpUnc,2026-06-25 11:38:27+00:00,"Dev Addr/Multicast Addr: 06139e8c
GwEUI: 24E124FFFEFE11C4
AppEUI: 24E124C0002A0001
Device EUI/Group Name: 24E124445E318071
Class Type: Class C
Immediately: -
Timestamp: 3899890280
Type: UpUnc
Adr: false
AdrAcKReq: false
Ack: false
Fcnt: 1204
Port: 86
Modulation: LORA
Bandwidth: 125
SpreadFactor: 7
Bitrate: 0
CodeRate: 4/5
SNR: 14.2
RSSI: -62
Power: -
Payload(b64): Q1VTVE9NTUVTU0FHRVRFU1RGT1JHUklEQUNUSVZBVElPTg==
Payload(hex): 435553544f4d4d45535341474554455354464f524752494441435449564154494f4e
JSON: {""text"":""CUSTOMMESSAGETESTFORGRIDACTIVATION""}
MIC: f75bfd99",25-06-r1358.csv,,25-06-r1358,1358,,[1358],[1358],['R1358'],2026-06-25,2026-06-25 13:38:27+02:00,-62.0,14.2,06139e8c,24E124FFFEFE11C4,24E124C0002A0001,24E124445E318071,Class C,-,3899890280,UpUnc,false,false,false,1204,86,LORA,125,7,0,4/5,14.2,-62,-,Q1VTVE9NTUVTU0FHRVRFU1RGT1JHUklEQUNUSVZBVElPTg==,435553544f4d4d45535341474554455354464f524752494441435449564154494f4e,"{""text"":""CUSTOMMESSAGETESTFORGRIDACTIVATION""}",f75bfd99,86.0,435553544f4d4d45535341474554455354464f524752494441435449564154494f4e,{'text': 'CUSTOMMESSAGETESTFORGRIDACTIVATION'},,CUSTOMMESSAGETESTFORGRIDACTIVATION,['R1358'],R1358,['R1358'],['2026-06-25_R1358_01'],['R1358'],True,2026-06-25,True,True,2026-06-25_R1358_01,2026-06-25,R1358,1,13,assigned_extra_tail,True,-32.0,True,7,83.816,7.300000000000001,2026-06-25 13:34:54+02:00,2026-06-25 13:34:54+02:00,,True,True,,29,47,18,0,1158,1204,0.6170212765957447,0.3829787234042553,0.3829787234042553,tail
24E124445E318071,24E124FFFEFE11C4,868300000,SF7BW125, -98/4.8,34,1324,UpUnc,2026-06-25 11:53:09+00:00,"Dev Addr/Multicast Addr: 06139e8c
GwEUI: 24E124FFFEFE11C4
AppEUI: 24E124C0002A0001
Device EUI/Group Name: 24E124445E318071
Class Type: Class C
Immediately: -
Timestamp: 486983114
Type: UpUnc
Adr: false
AdrAcKReq: false
Ack: false
Fcnt: 1324
Port: 86
Modulation: LORA
Bandwidth: 125
SpreadFactor: 7
Bitrate: 0
CodeRate: 4/5
SNR: 4.8
RSSI: -98
Power: -
Payload(b64): Q1VTVE9NTUVTU0FHRVRFU1RGT1JHUklEQUNUSVZBVElPTg==
Payload(hex): 435553544f4d4d45535341474554455354464f524752494441435449564154494f4e
JSON: {""text"":""CUSTOMMESSAGETESTFORGRIDACTIVATION""}
MIC: d78d788a",25-6-r1183(mirror1385).csv,,25-6-r1183(mirror1385),1183,1385,"[1183, 1385]",[1183],['R1183'],2026-06-25,2026-06-25 13:53:09+02:00,-98.0,4.8,06139e8c,24E124FFFEFE11C4,24E124C0002A0001,24E124445E318071,Class C,-,486983114,UpUnc,false,false,false,1324,86,LORA,125,7,0,4/5,4.8,-98,-,Q1VTVE9NTUVTU0FHRVRFU1RGT1JHUklEQUNUSVZBVElPTg==,435553544f4d4d45535341474554455354464f524752494441435449564154494f4e,"{""text"":""CUSTOMMESSAGETESTFORGRIDACTIVATION""}",d78d788a,86.0,435553544f4d4d45535341474554455354464f524752494441435449564154494f4e,{'text': 'CUSTOMMESSAGETESTFORGRIDACTIVATION'},,CUSTOMMESSAGETESTFORGRIDACTIVATION,['R1183'],R1183,['R1183'],['2026-06-25_R1183_01'],['R1183'],True,2026-06-25,True,True,2026-06-25_R1183_01,2026-06-25,R1183,1,13,assigned_extra_tail,True,-32.0,True,7,-83.816,3.3000000000000003,2026-06-25 13:53:09+02:00,2026-06-25 13:53:09+02:00,,True,True,,30,36,6,0,1324,1359,0.8333333333333334,0.16666666666666666,0.16666666666666666,tail
24E124445E318071,24E124FFFEFE11C4,868100000,SF7BW125, -102/2.8,34,1326,UpUnc,2026-06-25 11:53:17+00:00,"Dev Addr/Multicast Addr: 06139e8c
GwEUI: 24E124FFFEFE11C4
AppEUI: 24E124C0002A0001
Device EUI/Group Name: 24E124445E318071
Class Type: Class C
Immediately: -
Timestamp: 494794630
Type: UpUnc
Adr: false
AdrAcKReq: false
Ack: false
Fcnt: 1326
Port: 86
Modulation: LORA
Bandwidth: 125
SpreadFactor: 7
Bitrate: 0
CodeRate: 4/5
SNR: 2.8
RSSI: -102
Power: -
Payload(b64): Q1VTVE9NTUVTU0FHRVRFU1RGT1JHUklEQUNUSVZBVElPTg==
Payload(hex): 435553544f4d4d45535341474554455354464f524752494441435449564154494f4e
JSON: {""text"":""CUSTOMMESSAGETESTFORGRIDACTIVATION""}
MIC: 6986690e",25-6-r1183(mirror1385).csv,,25-6-r1183(mirror1385),1183,1385,"[1183, 1385]",[1183],['R1183'],2026-06-25,2026-06-25 13:53:17+02:00,-102.0,2.8,06139e8c,24E124FFFEFE11C4,24E124C0002A0001,24E124445E318071,Class C,-,494794630,UpUnc,false,false,false,1326,86,LORA,125,7,0,4/5,2.8,-102,-,Q1VTVE9NTUVTU0FHRVRFU1RGT1JHUklEQUNUSVZBVElPTg==,435553544f4d4d45535341474554455354464f524752494441435449564154494f4e,"{""text"":""CUSTOMMESSAGETESTFORGRIDACTIVATION""}",6986690e,86.0,435553544f4d4d45535341474554455354464f524752494441435449564154494f4e,{'text': 'CUSTOMMESSAGETESTFORGRIDACTIVATION'},,CUSTOMMESSAGETESTFORGRIDACTIVATION,['R1183'],R1183,['R1183'],['2026-06-25_R1183_01'],['R1183'],True,2026-06-25,True,True,2026-06-25_R1183_01,2026-06-25,R1183,1,13,assigned_extra_tail,True,-32.0,True,7,-83.816,3.3000000000000003,2026-06-25 13:53:09+02:00,2026-06-25 13:53:09+02:00,,True,True,,30,36,6,0,1324,1359,0.8333333333333334,0.16666666666666666,0.16666666666666666,tail
24E124445E318071,24E124FFFEFE11C4,868500000,SF7BW125, -100/4.8,34,1328,UpUnc,2026-06-25 11:53:25+00:00,"Dev Addr/Multicast Addr: 06139e8c
GwEUI: 24E124FFFEFE11C4
AppEUI: 24E124C0002A0001
Device EUI/Group Name: 24E124445E318071
Class Type: Class C
Immediately: -
Timestamp: 502976066
Type: UpUnc
Adr: false
AdrAcKReq: false
Ack: false
Fcnt: 1328
Port: 86
Modulation: LORA
Bandwidth: 125
SpreadFactor: 7
Bitrate: 0
CodeRate: 4/5
SNR: 4.8
RSSI: -100
Power: -
Payload(b64): Q1VTVE9NTUVTU0FHRVRFU1RGT1JHUklEQUNUSVZBVElPTg==
Payload(hex): 435553544f4d4d45535341474554455354464f524752494441435449564154494f4e
JSON: {""text"":""CUSTOMMESSAGETESTFORGRIDACTIVATION""}
MIC: 59bdf75c",25-6-r1183(mirror1385).csv,,25-6-r1183(mirror1385),1183,1385,"[1183, 1385]",[1183],['R1183'],2026-06-25,2026-06-25 13:53:25+02:00,-100.0,4.8,06139e8c,24E124FFFEFE11C4,24E124C0002A0001,24E124445E318071,Class C,-,502976066,UpUnc,false,false,false,1328,86,LORA,125,7,0,4/5,4.8,-100,-,Q1VTVE9NTUVTU0FHRVRFU1RGT1JHUklEQUNUSVZBVElPTg==,435553544f4d4d45535341474554455354464f524752494441435449564154494f4e,"{""text"":""CUSTOMMESSAGETESTFORGRIDACTIVATION""}",59bdf75c,86.0,435553544f4d4d45535341474554455354464f524752494441435449564154494f4e,{'text': 'CUSTOMMESSAGETESTFORGRIDACTIVATION'},,CUSTOMMESSAGETESTFORGRIDACTIVATION,['R1183'],R1183,['R1183'],['2026-06-25_R1183_01'],['R1183'],True,2026-06-25,True,True,2026-06-25_R1183_01,2026-06-25,R1183,1,13,assigned_extra_tail,True,-32.0,True,7,-83.816,3.3000000000000003,2026-06-25 13:53:09+02:00,2026-06-25 13:53:09+02:00,,True,True,,30,36,6,0,1324,1359,0.8333333333333334,0.16666666666666666,0.16666666666666666,tail
24E124445E318071,24E124FFFEFE11C4,868100000,SF7BW125, -101/3.8,34,1329,UpUnc,2026-06-25 11:53:30+00:00,"Dev Addr/Multicast Addr: 06139e8c
GwEUI: 24E124FFFEFE11C4
AppEUI: 24E124C0002A0001
Device EUI/Group Name: 24E124445E318071
Class Type: Class C
Immediately: -
Timestamp: 508754123
Type: UpUnc
Adr: false
AdrAcKReq: false
Ack: false
Fcnt: 1329
Port: 86
Modulation: LORA
Bandwidth: 125
SpreadFactor: 7
Bitrate: 0
CodeRate: 4/5
SNR: 3.8
RSSI: -101
Power: -
Payload(b64): Q1VTVE9NTUVTU0FHRVRFU1RGT1JHUklEQUNUSVZBVElPTg==
Payload(hex): 435553544f4d4d45535341474554455354464f524752494441435449564154494f4e
JSON: {""text"":""CUSTOMMESSAGETESTFORGRIDACTIVATION""}
MIC: 9ceccd99",25-6-r1183(mirror1385).csv,,25-6-r1183(mirror1385),1183,1385,"[1183, 1385]",[1183],['R1183'],2026-06-25,2026-06-25 13:53:30+02:00,-101.0,3.8,06139e8c,24E124FFFEFE11C4,24E124C0002A0001,24E124445E318071,Class C,-,508754123,UpUnc,false,false,false,1329,86,LORA,125,7,0,4/5,3.8,-101,-,Q1VTVE9NTUVTU0FHRVRFU1RGT1JHUklEQUNUSVZBVElPTg==,435553544f4d4d45535341474554455354464f524752494441435449564154494f4e,"{""text"":""CUSTOMMESSAGETESTFORGRIDACTIVATION""}",9ceccd99,86.0,435553544f4d4d45535341474554455354464f524752494441435449564154494f4e,{'text': 'CUSTOMMESSAGETESTFORGRIDACTIVATION'},,CUSTOMMESSAGETESTFORGRIDACTIVATION,['R1183'],R1183,['R1183'],['2026-06-25_R1183_01'],['R1183'],True,2026-06-25,True,True,2026-06-25_R1183_01,2026-06-25,R1183,1,13,assigned_extra_tail,True,-32.0,True,7,-83.816,3.3000000000000003,2026-06-25 13:53:09+02:00,2026-06-25 13:53:09+02:00,,True,True,,30,36,6,0,1324,1359,0.8333333333333334,0.16666666666666666,0.16666666666666666,tail
24E124445E318071,24E124FFFEFE11C4,868100000,SF7BW125, -102/4.0,34,1330,UpUnc,2026-06-25 11:53:35+00:00,"Dev Addr/Multicast Addr: 06139e8c
GwEUI: 24E124FFFEFE11C4
AppEUI: 24E124C0002A0001
Device EUI/Group Name: 24E124445E318071
Class Type: Class C
Immediately: -
Timestamp: 513273087
Type: UpUnc
Adr: false
AdrAcKReq: false
Ack: false
Fcnt: 1330
Port: 86
Modulation: LORA
Bandwidth: 125
SpreadFactor: 7
Bitrate: 0
CodeRate: 4/5
SNR: 4.0
RSSI: -102
Power: -
Payload(b64): Q1VTVE9NTUVTU0FHRVRFU1RGT1JHUklEQUNUSVZBVElPTg==
Payload(hex): 435553544f4d4d45535341474554455354464f524752494441435449564154494f4e
JSON: {""text"":""CUSTOMMESSAGETESTFORGRIDACTIVATION""}
MIC: 98763897",25-6-r1183(mirror1385).csv,,25-6-r1183(mirror1385),1183,1385,"[1183, 1385]",[1183],['R1183'],2026-06-25,2026-06-25 13:53:35+02:00,-102.0,4.0,06139e8c,24E124FFFEFE11C4,24E124C0002A0001,24E124445E318071,Class C,-,513273087,UpUnc,false,false,false,1330,86,LORA,125,7,0,4/5,4.0,-102,-,Q1VTVE9NTUVTU0FHRVRFU1RGT1JHUklEQUNUSVZBVElPTg==,435553544f4d4d45535341474554455354464f524752494441435449564154494f4e,"{""text"":""CUSTOMMESSAGETESTFORGRIDACTIVATION""}",98763897,86.0,435553544f4d4d45535341474554455354464f524752494441435449564154494f4e,{'text': 'CUSTOMMESSAGETESTFORGRIDACTIVATION'},,CUSTOMMESSAGETESTFORGRIDACTIVATION,['R1183'],R1183,['R1183'],['2026-06-25_R1183_01'],['R1183'],True,2026-06-25,True,True,2026-06-25_R1183_01,2026-06-25,R1183,1,13,assigned_extra_tail,True,-32.0,True,7,-83.816,3.3000000000000003,2026-06-25 13:53:09+02:00,2026-06-25 13:53:09+02:00,,True,True,,30,36,6,0,1324,1359,0.8333333333333334,0.16666666666666666,0.16666666666666666,tail
24E124445E318071,24E124FFFEFE11C4,868500000,SF7BW125, -99/5.5,34,1331,UpUnc,2026-06-25 11:53:39+00:00,"Dev Addr/Multicast Addr: 06139e8c
GwEUI: 24E124FFFEFE11C4
AppEUI: 24E124C0002A0001
Device EUI/Group Name: 24E124445E318071
Class Type: Class C
Immediately: -
Timestamp: 517343753
Type: UpUnc
Adr: false
AdrAcKReq: false
Ack: false
Fcnt: 1331
Port: 86
Modulation: LORA
Bandwidth: 125
SpreadFactor: 7
Bitrate: 0
CodeRate: 4/5
SNR: 5.5
RSSI: -99
Power: -
Payload(b64): Q1VTVE9NTUVTU0FHRVRFU1RGT1JHUklEQUNUSVZBVElPTg==
Payload(hex): 435553544f4d4d45535341474554455354464f524752494441435449564154494f4e
JSON: {""text"":""CUSTOMMESSAGETESTFORGRIDACTIVATION""}
MIC: ac25af8f",25-6-r1183(mirror1385).csv,,25-6-r1183(mirror1385),1183,1385,"[1183, 1385]",[1183],['R1183'],2026-06-25,2026-06-25 13:53:39+02:00,-99.0,5.5,06139e8c,24E124FFFEFE11C4,24E124C0002A0001,24E124445E318071,Class C,-,517343753,UpUnc,false,false,false,1331,86,LORA,125,7,0,4/5,5.5,-99,-,Q1VTVE9NTUVTU0FHRVRFU1RGT1JHUklEQUNUSVZBVElPTg==,435553544f4d4d45535341474554455354464f524752494441435449564154494f4e,"{""text"":""CUSTOMMESSAGETESTFORGRIDACTIVATION""}",ac25af8f,86.0,435553544f4d4d45535341474554455354464f524752494441435449564154494f4e,{'text': 'CUSTOMMESSAGETESTFORGRIDACTIVATION'},,CUSTOMMESSAGETESTFORGRIDACTIVATION,['R1183'],R1183,['R1183'],['2026-06-25_R1183_01'],['R1183'],True,2026-06-25,True,True,2026-06-25_R1183_01,2026-06-25,R1183,1,13,assigned_extra_tail,True,-32.0,True,7,-83.816,3.3000000000000003,2026-06-25 13:53:09+02:00,2026-06-25 13:53:09+02:00,,True,True,,30,36,6,0,1324,1359,0.8333333333333334,0.16666666666666666,0.16666666666666666,tail
24E124445E318071,24E124FFFEFE11C4,868300000,SF7BW125, -100/3.0,34,1332,UpUnc,2026-06-25 11:53:44+00:00,"Dev Addr/Multicast Addr: 06139e8c
GwEUI: 24E124FFFEFE11C4
AppEUI: 24E124C0002A0001
Device EUI/Group Name: 24E124445E318071
Class Type: Class C
Immediately: -
Timestamp: 521853085
Type: UpUnc
Adr: false
AdrAcKReq: false
Ack: false
Fcnt: 1332
Port: 86
Modulation: LORA
Bandwidth: 125
SpreadFactor: 7
Bitrate: 0
CodeRate: 4/5
SNR: 3.0
RSSI: -100
Power: -
Payload(b64): Q1VTVE9NTUVTU0FHRVRFU1RGT1JHUklEQUNUSVZBVElPTg==
Payload(hex): 435553544f4d4d45535341474554455354464f524752494441435449564154494f4e
JSON: {""text"":""CUSTOMMESSAGETESTFORGRIDACTIVATION""}
MIC: 68bfd0e6",25-6-r1183(mirror1385).csv,,25-6-r1183(mirror1385),1183,1385,"[1183, 1385]",[1183],['R1183'],2026-06-25,2026-06-25 13:53:44+02:00,-100.0,3.0,06139e8c,24E124FFFEFE11C4,24E124C0002A0001,24E124445E318071,Class C,-,521853085,UpUnc,false,false,false,1332,86,LORA,125,7,0,4/5,3.0,-100,-,Q1VTVE9NTUVTU0FHRVRFU1RGT1JHUklEQUNUSVZBVElPTg==,435553544f4d4d45535341474554455354464f524752494441435449564154494f4e,"{""text"":""CUSTOMMESSAGETESTFORGRIDACTIVATION""}",68bfd0e6,86.0,435553544f4d4d45535341474554455354464f524752494441435449564154494f4e,{'text': 'CUSTOMMESSAGETESTFORGRIDACTIVATION'},,CUSTOMMESSAGETESTFORGRIDACTIVATION,['R1183'],R1183,['R1183'],['2026-06-25_R1183_01'],['R1183'],True,2026-06-25,True,True,2026-06-25_R1183_01,2026-06-25,R1183,1,13,assigned_extra_tail,True,-32.0,True,7,-83.816,3.3000000000000003,2026-06-25 13:53:09+02:00,2026-06-25 13:53:09+02:00,,True,True,,30,36,6,0,1324,1359,0.8333333333333334,0.16666666666666666,0.16666666666666666,tail
24E124445E318071,24E124FFFEFE11C4,868500000,SF7BW125, -100/4.5,34,1333,UpUnc,2026-06-25 11:53:48+00:00,"Dev Addr/Multicast Addr: 06139e8c
GwEUI: 24E124FFFEFE11C4
AppEUI: 24E124C0002A0001
Device EUI/Group Name: 24E124445E318071
Class Type: Class C
Immediately: -
Timestamp: 526670122
Type: UpUnc
Adr: false
AdrAcKReq: false
Ack: false
Fcnt: 1333
Port: 86
Modulation: LORA
Bandwidth: 125
SpreadFactor: 7
Bitrate: 0
CodeRate: 4/5
SNR: 4.5
RSSI: -100
Power: -
Payload(b64): Q1VTVE9NTUVTU0FHRVRFU1RGT1JHUklEQUNUSVZBVElPTg==
Payload(hex): 435553544f4d4d45535341474554455354464f524752494441435449564154494f4e
JSON: {""text"":""CUSTOMMESSAGETESTFORGRIDACTIVATION""}
MIC: fb29a037",25-6-r1183(mirror1385).csv,,25-6-r1183(mirror1385),1183,1385,"[1183, 1385]",[1183],['R1183'],2026-06-25,2026-06-25 13:53:48+02:00,-100.0,4.5,06139e8c,24E124FFFEFE11C4,24E124C0002A0001,24E124445E318071,Class C,-,526670122,UpUnc,false,false,false,1333,86,LORA,125,7,0,4/5,4.5,-100,-,Q1VTVE9NTUVTU0FHRVRFU1RGT1JHUklEQUNUSVZBVElPTg==,435553544f4d4d45535341474554455354464f524752494441435449564154494f4e,"{""text"":""CUSTOMMESSAGETESTFORGRIDACTIVATION""}",fb29a037,86.0,435553544f4d4d45535341474554455354464f524752494441435449564154494f4e,{'text': 'CUSTOMMESSAGETESTFORGRIDACTIVATION'},,CUSTOMMESSAGETESTFORGRIDACTIVATION,['R1183'],R1183,['R1183'],['2026-06-25_R1183_01'],['R1183'],True,2026-06-25,True,True,2026-06-25_R1183_01,2026-06-25,R1183,1,13,assigned_extra_tail,True,-32.0,True,7,-83.816,3.3000000000000003,2026-06-25 13:53:09+02:00,2026-06-25 13:53:09+02:00,,True,True,,30,36,6,0,1324,1359,0.8333333333333334,0.16666666666666666,0.16666666666666666,tail
24E124445E318071,24E124FFFEFE11C4,868500000,SF7BW125, -99/4.5,34,1334,UpUnc,2026-06-25 11:53:53+00:00,"Dev Addr/Multicast Addr: 06139e8c
GwEUI: 24E124FFFEFE11C4
AppEUI: 24E124C0002A0001
Device EUI/Group Name: 24E124445E318071
Class Type: Class C
Immediately: -
Timestamp: 530816140
Type: UpUnc
Adr: false
AdrAcKReq: false
Ack: false
Fcnt: 1334
Port: 86
Modulation: LORA
Bandwidth: 125
SpreadFactor: 7
Bitrate: 0
CodeRate: 4/5
SNR: 4.5
RSSI: -99
Power: -
Payload(b64): Q1VTVE9NTUVTU0FHRVRFU1RGT1JHUklEQUNUSVZBVElPTg==
Payload(hex): 435553544f4d4d45535341474554455354464f524752494441435449564154494f4e
JSON: {""text"":""CUSTOMMESSAGETESTFORGRIDACTIVATION""}
MIC: bbd3476d",25-6-r1183(mirror1385).csv,,25-6-r1183(mirror1385),1183,1385,"[1183, 1385]",[1183],['R1183'],2026-06-25,2026-06-25 13:53:53+02:00,-99.0,4.5,06139e8c,24E124FFFEFE11C4,24E124C0002A0001,24E124445E318071,Class C,-,530816140,UpUnc,false,false,false,1334,86,LORA,125,7,0,4/5,4.5,-99,-,Q1VTVE9NTUVTU0FHRVRFU1RGT1JHUklEQUNUSVZBVElPTg==,435553544f4d4d45535341474554455354464f524752494441435449564154494f4e,"{""text"":""CUSTOMMESSAGETESTFORGRIDACTIVATION""}",bbd3476d,86.0,435553544f4d4d45535341474554455354464f524752494441435449564154494f4e,{'text': 'CUSTOMMESSAGETESTFORGRIDACTIVATION'},,CUSTOMMESSAGETESTFORGRIDACTIVATION,['R1183'],R1183,['R1183'],['2026-06-25_R1183_01'],['R1183'],True,2026-06-25,True,True,2026-06-25_R1183_01,2026-06-25,R1183,1,13,assigned_extra_tail,True,-32.0,True,7,-83.816,3.3000000000000003,2026-06-25 13:53:09+02:00,2026-06-25 13:53:09+02:00,,True,True,,30,36,6,0,1324,1359,0.8333333333333334,0.16666666666666666,0.16666666666666666,tail
24E124445E318071,24E124FFFEFE11C4,868500000,SF7BW125, -99/5.0,34,1336,UpUnc,2026-06-25 11:54:02+00:00,"Dev Addr/Multicast Addr: 06139e8c
GwEUI: 24E124FFFEFE11C4
AppEUI: 24E124C0002A0001
Device EUI/Group Name: 24E124445E318071
Class Type: Class C
Immediately: -
Timestamp: 540594135
Type: UpUnc
Adr: false
AdrAcKReq: false
Ack: false
Fcnt: 1336
Port: 86
Modulation: LORA
Bandwidth: 125
SpreadFactor: 7
Bitrate: 0
CodeRate: 4/5
SNR: 5.0
RSSI: -99
Power: -
Payload(b64): Q1VTVE9NTUVTU0FHRVRFU1RGT1JHUklEQUNUSVZBVElPTg==
Payload(hex): 435553544f4d4d45535341474554455354464f524752494441435449564154494f4e
JSON: {""text"":""CUSTOMMESSAGETESTFORGRIDACTIVATION""}
MIC: 2d6c1120",25-6-r1183(mirror1385).csv,,25-6-r1183(mirror1385),1183,1385,"[1183, 1385]",[1183],['R1183'],2026-06-25,2026-06-25 13:54:02+02:00,-99.0,5.0,06139e8c,24E124FFFEFE11C4,24E124C0002A0001,24E124445E318071,Class C,-,540594135,UpUnc,false,false,false,1336,86,LORA,125,7,0,4/5,5.0,-99,-,Q1VTVE9NTUVTU0FHRVRFU1RGT1JHUklEQUNUSVZBVElPTg==,435553544f4d4d45535341474554455354464f524752494441435449564154494f4e,"{""text"":""CUSTOMMESSAGETESTFORGRIDACTIVATION""}",2d6c1120,86.0,435553544f4d4d45535341474554455354464f524752494441435449564154494f4e,{'text': 'CUSTOMMESSAGETESTFORGRIDACTIVATION'},,CUSTOMMESSAGETESTFORGRIDACTIVATION,['R1183'],R1183,['R1183'],['2026-06-25_R1183_01'],['R1183'],True,2026-06-25,True,True,2026-06-25_R1183_01,2026-06-25,R1183,1,13,assigned_extra_tail,True,-32.0,True,7,-83.816,3.3000000000000003,2026-06-25 13:53:09+02:00,2026-06-25 13:53:09+02:00,,True,True,,30,36,6,0,1324,1359,0.8333333333333334,0.16666666666666666,0.16666666666666666,tail
24E124445E318071,24E124FFFEFE11C4,868300000,SF7BW125, -99/-4.0,34,1338,UpUnc,2026-06-25 11:54:11+00:00,"Dev Addr/Multicast Addr: 06139e8c
GwEUI: 24E124FFFEFE11C4
AppEUI: 24E124C0002A0001
Device EUI/Group Name: 24E124445E318071
Class Type: Class C
Immediately: -
Timestamp: 549753150
Type: UpUnc
Adr: false
AdrAcKReq: false
Ack: false
Fcnt: 1338
Port: 86
Modulation: LORA
Bandwidth: 125
SpreadFactor: 7
Bitrate: 0
CodeRate: 4/5
SNR: -4.0
RSSI: -99
Power: -
Payload(b64): Q1VTVE9NTUVTU0FHRVRFU1RGT1JHUklEQUNUSVZBVElPTg==
Payload(hex): 435553544f4d4d45535341474554455354464f524752494441435449564154494f4e
JSON: {""text"":""CUSTOMMESSAGETESTFORGRIDACTIVATION""}
MIC: 28f88825",25-6-r1183(mirror1385).csv,,25-6-r1183(mirror1385),1183,1385,"[1183, 1385]",[1183],['R1183'],2026-06-25,2026-06-25 13:54:11+02:00,-99.0,-4.0,06139e8c,24E124FFFEFE11C4,24E124C0002A0001,24E124445E318071,Class C,-,549753150,UpUnc,false,false,false,1338,86,LORA,125,7,0,4/5,-4.0,-99,-,Q1VTVE9NTUVTU0FHRVRFU1RGT1JHUklEQUNUSVZBVElPTg==,435553544f4d4d45535341474554455354464f524752494441435449564154494f4e,"{""text"":""CUSTOMMESSAGETESTFORGRIDACTIVATION""}",28f88825,86.0,435553544f4d4d45535341474554455354464f524752494441435449564154494f4e,{'text': 'CUSTOMMESSAGETESTFORGRIDACTIVATION'},,CUSTOMMESSAGETESTFORGRIDACTIVATION,['R1183'],R1183,['R1183'],['2026-06-25_R1183_01'],['R1183'],True,2026-06-25,True,True,2026-06-25_R1183_01,2026-06-25,R1183,1,13,assigned_extra_tail,True,-32.0,True,7,-83.816,3.3000000000000003,2026-06-25 13:53:09+02:00,2026-06-25 13:53:09+02:00,,True,True,,30,36,6,0,1324,1359,0.8333333333333334,0.16666666666666666,0.16666666666666666,tail
24E124445E318071,24E124FFFEFE11C4,868300000,SF7BW125, -100/4.8,34,1339,UpUnc,2026-06-25 11:54:17+00:00,"Dev Addr/Multicast Addr: 06139e8c
GwEUI: 24E124FFFEFE11C4
AppEUI: 24E124C0002A0001
Device EUI/Group Name: 24E124445E318071
Class Type: Class C
Immediately: -
Timestamp: 554889158
Type: UpUnc
Adr: false
AdrAcKReq: false
Ack: false
Fcnt: 1339
Port: 86
Modulation: LORA
Bandwidth: 125
SpreadFactor: 7
Bitrate: 0
CodeRate: 4/5
SNR: 4.8
RSSI: -100
Power: -
Payload(b64): Q1VTVE9NTUVTU0FHRVRFU1RGT1JHUklEQUNUSVZBVElPTg==
Payload(hex): 435553544f4d4d45535341474554455354464f524752494441435449564154494f4e
JSON: {""text"":""CUSTOMMESSAGETESTFORGRIDACTIVATION""}
MIC: ccde0c13",25-6-r1183(mirror1385).csv,,25-6-r1183(mirror1385),1183,1385,"[1183, 1385]",[1183],['R1183'],2026-06-25,2026-06-25 13:54:17+02:00,-100.0,4.8,06139e8c,24E124FFFEFE11C4,24E124C0002A0001,24E124445E318071,Class C,-,554889158,UpUnc,false,false,false,1339,86,LORA,125,7,0,4/5,4.8,-100,-,Q1VTVE9NTUVTU0FHRVRFU1RGT1JHUklEQUNUSVZBVElPTg==,435553544f4d4d45535341474554455354464f524752494441435449564154494f4e,"{""text"":""CUSTOMMESSAGETESTFORGRIDACTIVATION""}",ccde0c13,86.0,435553544f4d4d45535341474554455354464f524752494441435449564154494f4e,{'text': 'CUSTOMMESSAGETESTFORGRIDACTIVATION'},,CUSTOMMESSAGETESTFORGRIDACTIVATION,['R1183'],R1183,['R1183'],['2026-06-25_R1183_01'],['R1183'],True,2026-06-25,True,True,2026-06-25_R1183_01,2026-06-25,R1183,1,13,assigned_extra_tail,True,-32.0,True,7,-83.816,3.3000000000000003,2026-06-25 13:53:09+02:00,2026-06-25 13:53:09+02:00,,True,True,,30,36,6,0,1324,1359,0.8333333333333334,0.16666666666666666,0.16666666666666666,tail
24E124445E318071,24E124FFFEFE11C4,868500000,SF7BW125, -98/-0.2,34,1340,UpUnc,2026-06-25 11:54:22+00:00,"Dev Addr/Multicast Addr: 06139e8c
GwEUI: 24E124FFFEFE11C4
AppEUI: 24E124C0002A0001
Device EUI/Group Name: 24E124445E318071
Class Type: Class C
Immediately: -
Timestamp: 559955173
Type: UpUnc
Adr: false
AdrAcKReq: false
Ack: false
Fcnt: 1340
Port: 86
Modulation: LORA
Bandwidth: 125
SpreadFactor: 7
Bitrate: 0
CodeRate: 4/5
SNR: -0.2
RSSI: -98
Power: -
Payload(b64): Q1VTVE9NTUVTU0FHRVRFU1RGT1JHUklEQUNUSVZBVElPTg==
Payload(hex): 435553544f4d4d45535341474554455354464f524752494441435449564154494f4e
JSON: {""text"":""CUSTOMMESSAGETESTFORGRIDACTIVATION""}
MIC: 717f90d8",25-6-r1183(mirror1385).csv,,25-6-r1183(mirror1385),1183,1385,"[1183, 1385]",[1183],['R1183'],2026-06-25,2026-06-25 13:54:22+02:00,-98.0,-0.2,06139e8c,24E124FFFEFE11C4,24E124C0002A0001,24E124445E318071,Class C,-,559955173,UpUnc,false,false,false,1340,86,LORA,125,7,0,4/5,-0.2,-98,-,Q1VTVE9NTUVTU0FHRVRFU1RGT1JHUklEQUNUSVZBVElPTg==,435553544f4d4d45535341474554455354464f524752494441435449564154494f4e,"{""text"":""CUSTOMMESSAGETESTFORGRIDACTIVATION""}",717f90d8,86.0,435553544f4d4d45535341474554455354464f524752494441435449564154494f4e,{'text': 'CUSTOMMESSAGETESTFORGRIDACTIVATION'},,CUSTOMMESSAGETESTFORGRIDACTIVATION,['R1183'],R1183,['R1183'],['2026-06-25_R1183_01'],['R1183'],True,2026-06-25,True,True,2026-06-25_R1183_01,2026-06-25,R1183,1,13,assigned_extra_tail,True,-32.0,True,7,-83.816,3.3000000000000003,2026-06-25 13:53:09+02:00,2026-06-25 13:53:09+02:00,,True,True,,30,36,6,0,1324,1359,0.8333333333333334,0.16666666666666666,0.16666666666666666,tail
24E124445E318071,24E124FFFEFE11C4,868100000,SF7BW125, -101/4.5,34,1341,UpUnc,2026-06-25 11:54:27+00:00,"Dev Addr/Multicast Addr: 06139e8c
GwEUI: 24E124FFFEFE11C4
AppEUI: 24E124C0002A0001
Device EUI/Group Name: 24E124445E318071
Class Type: Class C
Immediately: -
Timestamp: 565074111
Type: UpUnc
Adr: false
AdrAcKReq: false
Ack: false
Fcnt: 1341
Port: 86
Modulation: LORA
Bandwidth: 125
SpreadFactor: 7
Bitrate: 0
CodeRate: 4/5
SNR: 4.5
RSSI: -101
Power: -
Payload(b64): Q1VTVE9NTUVTU0FHRVRFU1RGT1JHUklEQUNUSVZBVElPTg==
Payload(hex): 435553544f4d4d45535341474554455354464f524752494441435449564154494f4e
JSON: {""text"":""CUSTOMMESSAGETESTFORGRIDACTIVATION""}
MIC: 5feb4d31",25-6-r1183(mirror1385).csv,,25-6-r1183(mirror1385),1183,1385,"[1183, 1385]",[1183],['R1183'],2026-06-25,2026-06-25 13:54:27+02:00,-101.0,4.5,06139e8c,24E124FFFEFE11C4,24E124C0002A0001,24E124445E318071,Class C,-,565074111,UpUnc,false,false,false,1341,86,LORA,125,7,0,4/5,4.5,-101,-,Q1VTVE9NTUVTU0FHRVRFU1RGT1JHUklEQUNUSVZBVElPTg==,435553544f4d4d45535341474554455354464f524752494441435449564154494f4e,"{""text"":""CUSTOMMESSAGETESTFORGRIDACTIVATION""}",5feb4d31,86.0,435553544f4d4d45535341474554455354464f524752494441435449564154494f4e,{'text': 'CUSTOMMESSAGETESTFORGRIDACTIVATION'},,CUSTOMMESSAGETESTFORGRIDACTIVATION,['R1183'],R1183,['R1183'],['2026-06-25_R1183_01'],['R1183'],True,2026-06-25,True,True,2026-06-25_R1183_01,2026-06-25,R1183,1,13,assigned_extra_tail,True,-32.0,True,7,-83.816,3.3000000000000003,2026-06-25 13:53:09+02:00,2026-06-25 13:53:09+02:00,,True,True,,30,36,6,0,1324,1359,0.8333333333333334,0.16666666666666666,0.16666666666666666,tail
24E124445E318071,24E124FFFEFE11C4,868100000,SF7BW125, -91/11.2,34,1343,UpUnc,2026-06-25 11:54:38+00:00,"Dev Addr/Multicast Addr: 06139e8c
GwEUI: 24E124FFFEFE11C4
AppEUI: 24E124C0002A0001
Device EUI/Group Name: 24E124445E318071
Class Type: Class C
Immediately: -
Timestamp: 576422117
Type: UpUnc
Adr: false
AdrAcKReq: false
Ack: false
Fcnt: 1343
Port: 86
Modulation: LORA
Bandwidth: 125
SpreadFactor: 7
Bitrate: 0
CodeRate: 4/5
SNR: 11.2
RSSI: -91
Power: -
Payload(b64): Q1VTVE9NTUVTU0FHRVRFU1RGT1JHUklEQUNUSVZBVElPTg==
Payload(hex): 435553544f4d4d45535341474554455354464f524752494441435449564154494f4e
JSON: {""text"":""CUSTOMMESSAGETESTFORGRIDACTIVATION""}
MIC: 4fc0f0e2",25-6-r1183(mirror1385).csv,,25-6-r1183(mirror1385),1183,1385,"[1183, 1385]",[1183],['R1183'],2026-06-25,2026-06-25 13:54:38+02:00,-91.0,11.2,06139e8c,24E124FFFEFE11C4,24E124C0002A0001,24E124445E318071,Class C,-,576422117,UpUnc,false,false,false,1343,86,LORA,125,7,0,4/5,11.2,-91,-,Q1VTVE9NTUVTU0FHRVRFU1RGT1JHUklEQUNUSVZBVElPTg==,435553544f4d4d45535341474554455354464f524752494441435449564154494f4e,"{""text"":""CUSTOMMESSAGETESTFORGRIDACTIVATION""}",4fc0f0e2,86.0,435553544f4d4d45535341474554455354464f524752494441435449564154494f4e,{'text': 'CUSTOMMESSAGETESTFORGRIDACTIVATION'},,CUSTOMMESSAGETESTFORGRIDACTIVATION,['R1183'],R1183,['R1183'],['2026-06-25_R1183_01'],['R1183'],True,2026-06-25,True,True,2026-06-25_R1183_01,2026-06-25,R1183,1,13,assigned_extra_tail,True,-32.0,True,7,-83.816,3.3000000000000003,2026-06-25 13:53:09+02:00,2026-06-25 13:53:09+02:00,,True,True,,30,36,6,0,1324,1359,0.8333333333333334,0.16666666666666666,0.16666666666666666,tail
24E124445E318071,24E124FFFEFE11C4,868100000,SF7BW125, -97/7.2,34,1344,UpUnc,2026-06-25 11:54:43+00:00,"Dev Addr/Multicast Addr: 06139e8c
GwEUI: 24E124FFFEFE11C4
AppEUI: 24E124C0002A0001
Device EUI/Group Name: 24E124445E318071
Class Type: Class C
Immediately: -
Timestamp: 581230166
Type: UpUnc
Adr: false
AdrAcKReq: false
Ack: false
Fcnt: 1344
Port: 86
Modulation: LORA
Bandwidth: 125
SpreadFactor: 7
Bitrate: 0
CodeRate: 4/5
SNR: 7.2
RSSI: -97
Power: -
Payload(b64): Q1VTVE9NTUVTU0FHRVRFU1RGT1JHUklEQUNUSVZBVElPTg==
Payload(hex): 435553544f4d4d45535341474554455354464f524752494441435449564154494f4e
JSON: {""text"":""CUSTOMMESSAGETESTFORGRIDACTIVATION""}
MIC: 4a4c7a5c",25-6-r1183(mirror1385).csv,,25-6-r1183(mirror1385),1183,1385,"[1183, 1385]",[1183],['R1183'],2026-06-25,2026-06-25 13:54:43+02:00,-97.0,7.2,06139e8c,24E124FFFEFE11C4,24E124C0002A0001,24E124445E318071,Class C,-,581230166,UpUnc,false,false,false,1344,86,LORA,125,7,0,4/5,7.2,-97,-,Q1VTVE9NTUVTU0FHRVRFU1RGT1JHUklEQUNUSVZBVElPTg==,435553544f4d4d45535341474554455354464f524752494441435449564154494f4e,"{""text"":""CUSTOMMESSAGETESTFORGRIDACTIVATION""}",4a4c7a5c,86.0,435553544f4d4d45535341474554455354464f524752494441435449564154494f4e,{'text': 'CUSTOMMESSAGETESTFORGRIDACTIVATION'},,CUSTOMMESSAGETESTFORGRIDACTIVATION,['R1183'],R1183,['R1183'],['2026-06-25_R1183_01'],['R1183'],True,2026-06-25,True,True,2026-06-25_R1183_01,2026-06-25,R1183,1,13,assigned_extra_tail,True,-32.0,True,7,-83.816,3.3000000000000003,2026-06-25 13:53:09+02:00,2026-06-25 13:53:09+02:00,,True,True,,30,36,6,0,1324,1359,0.8333333333333334,0.16666666666666666,0.16666666666666666,tail
24E124445E318071,24E124FFFEFE11C4,868100000,SF7BW125, -89/9.8,34,1345,UpUnc,2026-06-25 11:54:47+00:00,"Dev Addr/Multicast Addr: 06139e8c
GwEUI: 24E124FFFEFE11C4
AppEUI: 24E124C0002A0001
Device EUI/Group Name: 24E124445E318071
Class Type: Class C
Immediately: -
Timestamp: 585601097
Type: UpUnc
Adr: false
AdrAcKReq: false
Ack: false
Fcnt: 1345
Port: 86
Modulation: LORA
Bandwidth: 125
SpreadFactor: 7
Bitrate: 0
CodeRate: 4/5
SNR: 9.8
RSSI: -89
Power: -
Payload(b64): Q1VTVE9NTUVTU0FHRVRFU1RGT1JHUklEQUNUSVZBVElPTg==
Payload(hex): 435553544f4d4d45535341474554455354464f524752494441435449564154494f4e
JSON: {""text"":""CUSTOMMESSAGETESTFORGRIDACTIVATION""}
MIC: e8f75d37",25-6-r1183(mirror1385).csv,,25-6-r1183(mirror1385),1183,1385,"[1183, 1385]",[1183],['R1183'],2026-06-25,2026-06-25 13:54:47+02:00,-89.0,9.8,06139e8c,24E124FFFEFE11C4,24E124C0002A0001,24E124445E318071,Class C,-,585601097,UpUnc,false,false,false,1345,86,LORA,125,7,0,4/5,9.8,-89,-,Q1VTVE9NTUVTU0FHRVRFU1RGT1JHUklEQUNUSVZBVElPTg==,435553544f4d4d45535341474554455354464f524752494441435449564154494f4e,"{""text"":""CUSTOMMESSAGETESTFORGRIDACTIVATION""}",e8f75d37,86.0,435553544f4d4d45535341474554455354464f524752494441435449564154494f4e,{'text': 'CUSTOMMESSAGETESTFORGRIDACTIVATION'},,CUSTOMMESSAGETESTFORGRIDACTIVATION,['R1183'],R1183,['R1183'],['2026-06-25_R1183_01'],['R1183'],True,2026-06-25,True,True,2026-06-25_R1183_01,2026-06-25,R1183,1,13,assigned_extra_tail,True,-32.0,True,7,-83.816,3.3000000000000003,2026-06-25 13:53:09+02:00,2026-06-25 13:53:09+02:00,,True,True,,30,36,6,0,1324,1359,0.8333333333333334,0.16666666666666666,0.16666666666666666,tail
24E124445E318071,24E124FFFEFE11C4,868100000,SF7BW125, -92/10.5,34,1346,UpUnc,2026-06-25 11:54:52+00:00,"Dev Addr/Multicast Addr: 06139e8c
GwEUI: 24E124FFFEFE11C4
AppEUI: 24E124C0002A0001
Device EUI/Group Name: 24E124445E318071
Class Type: Class C
Immediately: -
Timestamp: 590531120
Type: UpUnc
Adr: false
AdrAcKReq: false
Ack: false
Fcnt: 1346
Port: 86
Modulation: LORA
Bandwidth: 125
SpreadFactor: 7
Bitrate: 0
CodeRate: 4/5
SNR: 10.5
RSSI: -92
Power: -
Payload(b64): Q1VTVE9NTUVTU0FHRVRFU1RGT1JHUklEQUNUSVZBVElPTg==
Payload(hex): 435553544f4d4d45535341474554455354464f524752494441435449564154494f4e
JSON: {""text"":""CUSTOMMESSAGETESTFORGRIDACTIVATION""}
MIC: efc7f330",25-6-r1183(mirror1385).csv,,25-6-r1183(mirror1385),1183,1385,"[1183, 1385]",[1183],['R1183'],2026-06-25,2026-06-25 13:54:52+02:00,-92.0,10.5,06139e8c,24E124FFFEFE11C4,24E124C0002A0001,24E124445E318071,Class C,-,590531120,UpUnc,false,false,false,1346,86,LORA,125,7,0,4/5,10.5,-92,-,Q1VTVE9NTUVTU0FHRVRFU1RGT1JHUklEQUNUSVZBVElPTg==,435553544f4d4d45535341474554455354464f524752494441435449564154494f4e,"{""text"":""CUSTOMMESSAGETESTFORGRIDACTIVATION""}",efc7f330,86.0,435553544f4d4d45535341474554455354464f524752494441435449564154494f4e,{'text': 'CUSTOMMESSAGETESTFORGRIDACTIVATION'},,CUSTOMMESSAGETESTFORGRIDACTIVATION,['R1183'],R1183,['R1183'],['2026-06-25_R1183_01'],['R1183'],True,2026-06-25,True,True,2026-06-25_R1183_01,2026-06-25,R1183,1,13,assigned_extra_tail,True,-32.0,True,7,-83.816,3.3000000000000003,2026-06-25 13:53:09+02:00,2026-06-25 13:53:09+02:00,,True,True,,30,36,6,0,1324,1359,0.8333333333333334,0.16666666666666666,0.16666666666666666,tail
24E124445E318071,24E124FFFEFE11C4,868300000,SF7BW125, -83/14.0,34,1348,UpUnc,2026-06-25 11:55:01+00:00,"Dev Addr/Multicast Addr: 06139e8c
GwEUI: 24E124FFFEFE11C4
AppEUI: 24E124C0002A0001
Device EUI/Group Name: 24E124445E318071
Class Type: Class C
Immediately: -
Timestamp: 599181164
Type: UpUnc
Adr: false
AdrAcKReq: false
Ack: false
Fcnt: 1348
Port: 86
Modulation: LORA
Bandwidth: 125
SpreadFactor: 7
Bitrate: 0
CodeRate: 4/5
SNR: 14.0
RSSI: -83
Power: -
Payload(b64): Q1VTVE9NTUVTU0FHRVRFU1RGT1JHUklEQUNUSVZBVElPTg==
Payload(hex): 435553544f4d4d45535341474554455354464f524752494441435449564154494f4e
JSON: {""text"":""CUSTOMMESSAGETESTFORGRIDACTIVATION""}
MIC: 014b7714",25-6-r1183(mirror1385).csv,,25-6-r1183(mirror1385),1183,1385,"[1183, 1385]",[1183],['R1183'],2026-06-25,2026-06-25 13:55:01+02:00,-83.0,14.0,06139e8c,24E124FFFEFE11C4,24E124C0002A0001,24E124445E318071,Class C,-,599181164,UpUnc,false,false,false,1348,86,LORA,125,7,0,4/5,14.0,-83,-,Q1VTVE9NTUVTU0FHRVRFU1RGT1JHUklEQUNUSVZBVElPTg==,435553544f4d4d45535341474554455354464f524752494441435449564154494f4e,"{""text"":""CUSTOMMESSAGETESTFORGRIDACTIVATION""}",014b7714,86.0,435553544f4d4d45535341474554455354464f524752494441435449564154494f4e,{'text': 'CUSTOMMESSAGETESTFORGRIDACTIVATION'},,CUSTOMMESSAGETESTFORGRIDACTIVATION,['R1183'],R1183,['R1183'],['2026-06-25_R1183_01'],['R1183'],True,2026-06-25,True,True,2026-06-25_R1183_01,2026-06-25,R1183,1,13,assigned_extra_tail,True,-32.0,True,7,-83.816,3.3000000000000003,2026-06-25 13:53:09+02:00,2026-06-25 13:53:09+02:00,,True,True,,30,36,6,0,1324,1359,0.8333333333333334,0.16666666666666666,0.16666666666666666,tail
24E124445E318071,24E124FFFEFE11C4,868100000,SF7BW125, -88/10.5,34,1349,UpUnc,2026-06-25 11:55:04+00:00,"Dev Addr/Multicast Addr: 06139e8c
GwEUI: 24E124FFFEFE11C4
AppEUI: 24E124C0002A0001
Device EUI/Group Name: 24E124445E318071
Class Type: Class C
Immediately: -
Timestamp: 601937186
Type: UpUnc
Adr: false
AdrAcKReq: false
Ack: false
Fcnt: 1349
Port: 86
Modulation: LORA
Bandwidth: 125
SpreadFactor: 7
Bitrate: 0
CodeRate: 4/5
SNR: 10.5
RSSI: -88
Power: -
Payload(b64): Q1VTVE9NTUVTU0FHRVRFU1RGT1JHUklEQUNUSVZBVElPTg==
Payload(hex): 435553544f4d4d45535341474554455354464f524752494441435449564154494f4e
JSON: {""text"":""CUSTOMMESSAGETESTFORGRIDACTIVATION""}
MIC: 43f4432c",25-6-r1183(mirror1385).csv,,25-6-r1183(mirror1385),1183,1385,"[1183, 1385]",[1183],['R1183'],2026-06-25,2026-06-25 13:55:04+02:00,-88.0,10.5,06139e8c,24E124FFFEFE11C4,24E124C0002A0001,24E124445E318071,Class C,-,601937186,UpUnc,false,false,false,1349,86,LORA,125,7,0,4/5,10.5,-88,-,Q1VTVE9NTUVTU0FHRVRFU1RGT1JHUklEQUNUSVZBVElPTg==,435553544f4d4d45535341474554455354464f524752494441435449564154494f4e,"{""text"":""CUSTOMMESSAGETESTFORGRIDACTIVATION""}",43f4432c,86.0,435553544f4d4d45535341474554455354464f524752494441435449564154494f4e,{'text': 'CUSTOMMESSAGETESTFORGRIDACTIVATION'},,CUSTOMMESSAGETESTFORGRIDACTIVATION,['R1183'],R1183,['R1183'],['2026-06-25_R1183_01'],['R1183'],True,2026-06-25,True,True,2026-06-25_R1183_01,2026-06-25,R1183,1,13,assigned_extra_tail,True,-32.0,True,7,-83.816,3.3000000000000003,2026-06-25 13:53:09+02:00,2026-06-25 13:53:09+02:00,,True,True,,30,36,6,0,1324,1359,0.8333333333333334,0.16666666666666666,0.16666666666666666,tail
24E124445E318071,24E124FFFEFE11C4,868100000,SF7BW125, -92/10.8,34,1350,UpUnc,2026-06-25 11:55:08+00:00,"Dev Addr/Multicast Addr: 06139e8c
GwEUI: 24E124FFFEFE11C4
AppEUI: 24E124C0002A0001
Device EUI/Group Name: 24E124445E318071
Class Type: Class C
Immediately: -
Timestamp: 606530209
Type: UpUnc
Adr: false
AdrAcKReq: false
Ack: false
Fcnt: 1350
Port: 86
Modulation: LORA
Bandwidth: 125
SpreadFactor: 7
Bitrate: 0
CodeRate: 4/5
SNR: 10.8
RSSI: -92
Power: -
Payload(b64): Q1VTVE9NTUVTU0FHRVRFU1RGT1JHUklEQUNUSVZBVElPTg==
Payload(hex): 435553544f4d4d45535341474554455354464f524752494441435449564154494f4e
JSON: {""text"":""CUSTOMMESSAGETESTFORGRIDACTIVATION""}
MIC: e25eb887",25-6-r1183(mirror1385).csv,,25-6-r1183(mirror1385),1183,1385,"[1183, 1385]",[1183],['R1183'],2026-06-25,2026-06-25 13:55:08+02:00,-92.0,10.8,06139e8c,24E124FFFEFE11C4,24E124C0002A0001,24E124445E318071,Class C,-,606530209,UpUnc,false,false,false,1350,86,LORA,125,7,0,4/5,10.8,-92,-,Q1VTVE9NTUVTU0FHRVRFU1RGT1JHUklEQUNUSVZBVElPTg==,435553544f4d4d45535341474554455354464f524752494441435449564154494f4e,"{""text"":""CUSTOMMESSAGETESTFORGRIDACTIVATION""}",e25eb887,86.0,435553544f4d4d45535341474554455354464f524752494441435449564154494f4e,{'text': 'CUSTOMMESSAGETESTFORGRIDACTIVATION'},,CUSTOMMESSAGETESTFORGRIDACTIVATION,['R1183'],R1183,['R1183'],['2026-06-25_R1183_01'],['R1183'],True,2026-06-25,True,True,2026-06-25_R1183_01,2026-06-25,R1183,1,13,assigned_extra_tail,True,-32.0,True,7,-83.816,3.3000000000000003,2026-06-25 13:53:09+02:00,2026-06-25 13:53:09+02:00,,True,True,,30,36,6,0,1324,1359,0.8333333333333334,0.16666666666666666,0.16666666666666666,tail
24E124445E318071,24E124FFFEFE11C4,868100000,SF7BW125, -85/11.5,34,1351,UpUnc,2026-06-25 11:55:13+00:00,"Dev Addr/Multicast Addr: 06139e8c
GwEUI: 24E124FFFEFE11C4
AppEUI: 24E124C0002A0001
Device EUI/Group Name: 24E124445E318071
Class Type: Class C
Immediately: -
Timestamp: 610961162
Type: UpUnc
Adr: false
AdrAcKReq: false
Ack: false
Fcnt: 1351
Port: 86
Modulation: LORA
Bandwidth: 125
SpreadFactor: 7
Bitrate: 0
CodeRate: 4/5
SNR: 11.5
RSSI: -85
Power: -
Payload(b64): Q1VTVE9NTUVTU0FHRVRFU1RGT1JHUklEQUNUSVZBVElPTg==
Payload(hex): 435553544f4d4d45535341474554455354464f524752494441435449564154494f4e
JSON: {""text"":""CUSTOMMESSAGETESTFORGRIDACTIVATION""}
MIC: 9198f4d6",25-6-r1183(mirror1385).csv,,25-6-r1183(mirror1385),1183,1385,"[1183, 1385]",[1183],['R1183'],2026-06-25,2026-06-25 13:55:13+02:00,-85.0,11.5,06139e8c,24E124FFFEFE11C4,24E124C0002A0001,24E124445E318071,Class C,-,610961162,UpUnc,false,false,false,1351,86,LORA,125,7,0,4/5,11.5,-85,-,Q1VTVE9NTUVTU0FHRVRFU1RGT1JHUklEQUNUSVZBVElPTg==,435553544f4d4d45535341474554455354464f524752494441435449564154494f4e,"{""text"":""CUSTOMMESSAGETESTFORGRIDACTIVATION""}",9198f4d6,86.0,435553544f4d4d45535341474554455354464f524752494441435449564154494f4e,{'text': 'CUSTOMMESSAGETESTFORGRIDACTIVATION'},,CUSTOMMESSAGETESTFORGRIDACTIVATION,['R1183'],R1183,['R1183'],['2026-06-25_R1183_01'],['R1183'],True,2026-06-25,True,True,2026-06-25_R1183_01,2026-06-25,R1183,1,13,assigned_extra_tail,True,-32.0,True,7,-83.816,3.3000000000000003,2026-06-25 13:53:09+02:00,2026-06-25 13:53:09+02:00,,True,True,,30,36,6,0,1324,1359,0.8333333333333334,0.16666666666666666,0.16666666666666666,tail
24E124445E318071,24E124FFFEFE11C4,868100000,SF7BW125, -83/12.2,34,1352,UpUnc,2026-06-25 11:55:17+00:00,"Dev Addr/Multicast Addr: 06139e8c
GwEUI: 24E124FFFEFE11C4
AppEUI: 24E124C0002A0001
Device EUI/Group Name: 24E124445E318071
Class Type: Class C
Immediately: -
Timestamp: 615292172
Type: UpUnc
Adr: false
AdrAcKReq: false
Ack: false
Fcnt: 1352
Port: 86
Modulation: LORA
Bandwidth: 125
SpreadFactor: 7
Bitrate: 0
CodeRate: 4/5
SNR: 12.2
RSSI: -83
Power: -
Payload(b64): Q1VTVE9NTUVTU0FHRVRFU1RGT1JHUklEQUNUSVZBVElPTg==
Payload(hex): 435553544f4d4d45535341474554455354464f524752494441435449564154494f4e
JSON: {""text"":""CUSTOMMESSAGETESTFORGRIDACTIVATION""}
MIC: 44b42e3c",25-6-r1183(mirror1385).csv,,25-6-r1183(mirror1385),1183,1385,"[1183, 1385]",[1183],['R1183'],2026-06-25,2026-06-25 13:55:17+02:00,-83.0,12.2,06139e8c,24E124FFFEFE11C4,24E124C0002A0001,24E124445E318071,Class C,-,615292172,UpUnc,false,false,false,1352,86,LORA,125,7,0,4/5,12.2,-83,-,Q1VTVE9NTUVTU0FHRVRFU1RGT1JHUklEQUNUSVZBVElPTg==,435553544f4d4d45535341474554455354464f524752494441435449564154494f4e,"{""text"":""CUSTOMMESSAGETESTFORGRIDACTIVATION""}",44b42e3c,86.0,435553544f4d4d45535341474554455354464f524752494441435449564154494f4e,{'text': 'CUSTOMMESSAGETESTFORGRIDACTIVATION'},,CUSTOMMESSAGETESTFORGRIDACTIVATION,['R1183'],R1183,['R1183'],['2026-06-25_R1183_01'],['R1183'],True,2026-06-25,True,True,2026-06-25_R1183_01,2026-06-25,R1183,1,13,assigned_extra_tail,True,-32.0,True,7,-83.816,3.3000000000000003,2026-06-25 13:53:09+02:00,2026-06-25 13:53:09+02:00,,True,True,,30,36,6,0,1324,1359,0.8333333333333334,0.16666666666666666,0.16666666666666666,tail
24E124445E318071,24E124FFFEFE11C4,868300000,SF7BW125, -82/13.8,34,1353,UpUnc,2026-06-25 11:55:21+00:00,"Dev Addr/Multicast Addr: 06139e8c
GwEUI: 24E124FFFEFE11C4
AppEUI: 24E124C0002A0001
Device EUI/Group Name: 24E124445E318071
Class Type: Class C
Immediately: -
Timestamp: 619572155
Type: UpUnc
Adr: false
AdrAcKReq: false
Ack: false
Fcnt: 1353
Port: 86
Modulation: LORA
Bandwidth: 125
SpreadFactor: 7
Bitrate: 0
CodeRate: 4/5
SNR: 13.8
RSSI: -82
Power: -
Payload(b64): Q1VTVE9NTUVTU0FHRVRFU1RGT1JHUklEQUNUSVZBVElPTg==
Payload(hex): 435553544f4d4d45535341474554455354464f524752494441435449564154494f4e
JSON: {""text"":""CUSTOMMESSAGETESTFORGRIDACTIVATION""}
MIC: a013bbeb",25-6-r1183(mirror1385).csv,,25-6-r1183(mirror1385),1183,1385,"[1183, 1385]",[1183],['R1183'],2026-06-25,2026-06-25 13:55:21+02:00,-82.0,13.8,06139e8c,24E124FFFEFE11C4,24E124C0002A0001,24E124445E318071,Class C,-,619572155,UpUnc,false,false,false,1353,86,LORA,125,7,0,4/5,13.8,-82,-,Q1VTVE9NTUVTU0FHRVRFU1RGT1JHUklEQUNUSVZBVElPTg==,435553544f4d4d45535341474554455354464f524752494441435449564154494f4e,"{""text"":""CUSTOMMESSAGETESTFORGRIDACTIVATION""}",a013bbeb,86.0,435553544f4d4d45535341474554455354464f524752494441435449564154494f4e,{'text': 'CUSTOMMESSAGETESTFORGRIDACTIVATION'},,CUSTOMMESSAGETESTFORGRIDACTIVATION,['R1183'],R1183,['R1183'],['2026-06-25_R1183_01'],['R1183'],True,2026-06-25,True,True,2026-06-25_R1183_01,2026-06-25,R1183,1,13,assigned_extra_tail,True,-32.0,True,7,-83.816,3.3000000000000003,2026-06-25 13:53:09+02:00,2026-06-25 13:53:09+02:00,,True,True,,30,36,6,0,1324,1359,0.8333333333333334,0.16666666666666666,0.16666666666666666,tail
24E124445E318071,24E124FFFEFE11C4,868300000,SF7BW125, -79/12.0,34,1354,UpUnc,2026-06-25 11:55:27+00:00,"Dev Addr/Multicast Addr: 06139e8c
GwEUI: 24E124FFFEFE11C4
AppEUI: 24E124C0002A0001
Device EUI/Group Name: 24E124445E318071
Class Type: Class C
Immediately: -
Timestamp: 625099177
Type: UpUnc
Adr: false
AdrAcKReq: false
Ack: false
Fcnt: 1354
Port: 86
Modulation: LORA
Bandwidth: 125
SpreadFactor: 7
Bitrate: 0
CodeRate: 4/5
SNR: 12.0
RSSI: -79
Power: -
Payload(b64): Q1VTVE9NTUVTU0FHRVRFU1RGT1JHUklEQUNUSVZBVElPTg==
Payload(hex): 435553544f4d4d45535341474554455354464f524752494441435449564154494f4e
JSON: {""text"":""CUSTOMMESSAGETESTFORGRIDACTIVATION""}
MIC: 02ee9f9d",25-6-r1183(mirror1385).csv,,25-6-r1183(mirror1385),1183,1385,"[1183, 1385]",[1183],['R1183'],2026-06-25,2026-06-25 13:55:27+02:00,-79.0,12.0,06139e8c,24E124FFFEFE11C4,24E124C0002A0001,24E124445E318071,Class C,-,625099177,UpUnc,false,false,false,1354,86,LORA,125,7,0,4/5,12.0,-79,-,Q1VTVE9NTUVTU0FHRVRFU1RGT1JHUklEQUNUSVZBVElPTg==,435553544f4d4d45535341474554455354464f524752494441435449564154494f4e,"{""text"":""CUSTOMMESSAGETESTFORGRIDACTIVATION""}",02ee9f9d,86.0,435553544f4d4d45535341474554455354464f524752494441435449564154494f4e,{'text': 'CUSTOMMESSAGETESTFORGRIDACTIVATION'},,CUSTOMMESSAGETESTFORGRIDACTIVATION,['R1183'],R1183,['R1183'],['2026-06-25_R1183_01'],['R1183'],True,2026-06-25,True,True,2026-06-25_R1183_01,2026-06-25,R1183,1,13,assigned_extra_tail,True,-32.0,True,7,-83.816,3.3000000000000003,2026-06-25 13:53:09+02:00,2026-06-25 13:53:09+02:00,,True,True,,30,36,6,0,1324,1359,0.8333333333333334,0.16666666666666666,0.16666666666666666,tail
24E124445E318071,24E124FFFEFE11C4,868100000,SF7BW125, -86/9.0,34,1355,UpUnc,2026-06-25 11:55:32+00:00,"Dev Addr/Multicast Addr: 06139e8c
GwEUI: 24E124FFFEFE11C4
AppEUI: 24E124C0002A0001
Device EUI/Group Name: 24E124445E318071
Class Type: Class C
Immediately: -
Timestamp: 630722189
Type: UpUnc
Adr: false
AdrAcKReq: false
Ack: false
Fcnt: 1355
Port: 86
Modulation: LORA
Bandwidth: 125
SpreadFactor: 7
Bitrate: 0
CodeRate: 4/5
SNR: 9.0
RSSI: -86
Power: -
Payload(b64): Q1VTVE9NTUVTU0FHRVRFU1RGT1JHUklEQUNUSVZBVElPTg==
Payload(hex): 435553544f4d4d45535341474554455354464f524752494441435449564154494f4e
JSON: {""text"":""CUSTOMMESSAGETESTFORGRIDACTIVATION""}
MIC: 56b9d5e9",25-6-r1183(mirror1385).csv,,25-6-r1183(mirror1385),1183,1385,"[1183, 1385]",[1183],['R1183'],2026-06-25,2026-06-25 13:55:32+02:00,-86.0,9.0,06139e8c,24E124FFFEFE11C4,24E124C0002A0001,24E124445E318071,Class C,-,630722189,UpUnc,false,false,false,1355,86,LORA,125,7,0,4/5,9.0,-86,-,Q1VTVE9NTUVTU0FHRVRFU1RGT1JHUklEQUNUSVZBVElPTg==,435553544f4d4d45535341474554455354464f524752494441435449564154494f4e,"{""text"":""CUSTOMMESSAGETESTFORGRIDACTIVATION""}",56b9d5e9,86.0,435553544f4d4d45535341474554455354464f524752494441435449564154494f4e,{'text': 'CUSTOMMESSAGETESTFORGRIDACTIVATION'},,CUSTOMMESSAGETESTFORGRIDACTIVATION,['R1183'],R1183,['R1183'],['2026-06-25_R1183_01'],['R1183'],True,2026-06-25,True,True,2026-06-25_R1183_01,2026-06-25,R1183,1,13,assigned_extra_tail,True,-32.0,True,7,-83.816,3.3000000000000003,2026-06-25 13:53:09+02:00,2026-06-25 13:53:09+02:00,,True,True,,30,36,6,0,1324,1359,0.8333333333333334,0.16666666666666666,0.16666666666666666,tail
24E124445E318071,24E124FFFEFE11C4,868300000,SF7BW125, -87/12.8,34,1356,UpUnc,2026-06-25 11:55:37+00:00,"Dev Addr/Multicast Addr: 06139e8c
GwEUI: 24E124FFFEFE11C4
AppEUI: 24E124C0002A0001
Device EUI/Group Name: 24E124445E318071
Class Type: Class C
Immediately: -
Timestamp: 635207194
Type: UpUnc
Adr: false
AdrAcKReq: false
Ack: false
Fcnt: 1356
Port: 86
Modulation: LORA
Bandwidth: 125
SpreadFactor: 7
Bitrate: 0
CodeRate: 4/5
SNR: 12.8
RSSI: -87
Power: -
Payload(b64): Q1VTVE9NTUVTU0FHRVRFU1RGT1JHUklEQUNUSVZBVElPTg==
Payload(hex): 435553544f4d4d45535341474554455354464f524752494441435449564154494f4e
JSON: {""text"":""CUSTOMMESSAGETESTFORGRIDACTIVATION""}
MIC: c7c9a34f",25-6-r1183(mirror1385).csv,,25-6-r1183(mirror1385),1183,1385,"[1183, 1385]",[1183],['R1183'],2026-06-25,2026-06-25 13:55:37+02:00,-87.0,12.8,06139e8c,24E124FFFEFE11C4,24E124C0002A0001,24E124445E318071,Class C,-,635207194,UpUnc,false,false,false,1356,86,LORA,125,7,0,4/5,12.8,-87,-,Q1VTVE9NTUVTU0FHRVRFU1RGT1JHUklEQUNUSVZBVElPTg==,435553544f4d4d45535341474554455354464f524752494441435449564154494f4e,"{""text"":""CUSTOMMESSAGETESTFORGRIDACTIVATION""}",c7c9a34f,86.0,435553544f4d4d45535341474554455354464f524752494441435449564154494f4e,{'text': 'CUSTOMMESSAGETESTFORGRIDACTIVATION'},,CUSTOMMESSAGETESTFORGRIDACTIVATION,['R1183'],R1183,['R1183'],['2026-06-25_R1183_01'],['R1183'],True,2026-06-25,True,True,2026-06-25_R1183_01,2026-06-25,R1183,1,13,assigned_extra_tail,True,-32.0,True,7,-83.816,3.3000000000000003,2026-06-25 13:53:09+02:00,2026-06-25 13:53:09+02:00,,True,True,,30,36,6,0,1324,1359,0.8333333333333334,0.16666666666666666,0.16666666666666666,tail
24E124445E318071,24E124FFFEFE11C4,868100000,SF7BW125, -80/13.8,34,1357,UpUnc,2026-06-25 11:55:42+00:00,"Dev Addr/Multicast Addr: 06139e8c
GwEUI: 24E124FFFEFE11C4
AppEUI: 24E124C0002A0001
Device EUI/Group Name: 24E124445E318071
Class Type: Class C
Immediately: -
Timestamp: 640505191
Type: UpUnc
Adr: false
AdrAcKReq: false
Ack: false
Fcnt: 1357
Port: 86
Modulation: LORA
Bandwidth: 125
SpreadFactor: 7
Bitrate: 0
CodeRate: 4/5
SNR: 13.8
RSSI: -80
Power: -
Payload(b64): Q1VTVE9NTUVTU0FHRVRFU1RGT1JHUklEQUNUSVZBVElPTg==
Payload(hex): 435553544f4d4d45535341474554455354464f524752494441435449564154494f4e
JSON: {""text"":""CUSTOMMESSAGETESTFORGRIDACTIVATION""}
MIC: b4143f16",25-6-r1183(mirror1385).csv,,25-6-r1183(mirror1385),1183,1385,"[1183, 1385]",[1183],['R1183'],2026-06-25,2026-06-25 13:55:42+02:00,-80.0,13.8,06139e8c,24E124FFFEFE11C4,24E124C0002A0001,24E124445E318071,Class C,-,640505191,UpUnc,false,false,false,1357,86,LORA,125,7,0,4/5,13.8,-80,-,Q1VTVE9NTUVTU0FHRVRFU1RGT1JHUklEQUNUSVZBVElPTg==,435553544f4d4d45535341474554455354464f524752494441435449564154494f4e,"{""text"":""CUSTOMMESSAGETESTFORGRIDACTIVATION""}",b4143f16,86.0,435553544f4d4d45535341474554455354464f524752494441435449564154494f4e,{'text': 'CUSTOMMESSAGETESTFORGRIDACTIVATION'},,CUSTOMMESSAGETESTFORGRIDACTIVATION,['R1183'],R1183,['R1183'],['2026-06-25_R1183_01'],['R1183'],True,2026-06-25,True,True,2026-06-25_R1183_01,2026-06-25,R1183,1,13,assigned_extra_tail,True,-32.0,True,7,-83.816,3.3000000000000003,2026-06-25 13:53:09+02:00,2026-06-25 13:53:09+02:00,,True,True,,30,36,6,0,1324,1359,0.8333333333333334,0.16666666666666666,0.16666666666666666,tail
24E124445E318071,24E124FFFEFE11C4,868100000,SF7BW125, -79/12.8,34,1358,UpUnc,2026-06-25 11:55:47+00:00,"Dev Addr/Multicast Addr: 06139e8c
GwEUI: 24E124FFFEFE11C4
AppEUI: 24E124C0002A0001
Device EUI/Group Name: 24E124445E318071
Class Type: Class C
Immediately: -
Timestamp: 645231183
Type: UpUnc
Adr: false
AdrAcKReq: false
Ack: false
Fcnt: 1358
Port: 86
Modulation: LORA
Bandwidth: 125
SpreadFactor: 7
Bitrate: 0
CodeRate: 4/5
SNR: 12.8
RSSI: -79
Power: -
Payload(b64): Q1VTVE9NTUVTU0FHRVRFU1RGT1JHUklEQUNUSVZBVElPTg==
Payload(hex): 435553544f4d4d45535341474554455354464f524752494441435449564154494f4e
JSON: {""text"":""CUSTOMMESSAGETESTFORGRIDACTIVATION""}
MIC: b07b5d83",25-6-r1183(mirror1385).csv,,25-6-r1183(mirror1385),1183,1385,"[1183, 1385]",[1183],['R1183'],2026-06-25,2026-06-25 13:55:47+02:00,-79.0,12.8,06139e8c,24E124FFFEFE11C4,24E124C0002A0001,24E124445E318071,Class C,-,645231183,UpUnc,false,false,false,1358,86,LORA,125,7,0,4/5,12.8,-79,-,Q1VTVE9NTUVTU0FHRVRFU1RGT1JHUklEQUNUSVZBVElPTg==,435553544f4d4d45535341474554455354464f524752494441435449564154494f4e,"{""text"":""CUSTOMMESSAGETESTFORGRIDACTIVATION""}",b07b5d83,86.0,435553544f4d4d45535341474554455354464f524752494441435449564154494f4e,{'text': 'CUSTOMMESSAGETESTFORGRIDACTIVATION'},,CUSTOMMESSAGETESTFORGRIDACTIVATION,['R1183'],R1183,['R1183'],['2026-06-25_R1183_01'],['R1183'],True,2026-06-25,True,True,2026-06-25_R1183_01,2026-06-25,R1183,1,13,assigned_extra_tail,True,-32.0,True,7,-83.816,3.3000000000000003,2026-06-25 13:53:09+02:00,2026-06-25 13:53:09+02:00,,True,True,,30,36,6,0,1324,1359,0.8333333333333334,0.16666666666666666,0.16666666666666666,tail
24E124445E318071,24E124FFFEFE11C4,868500000,SF7BW125, -74/10.8,34,1359,UpUnc,2026-06-25 11:55:51+00:00,"Dev Addr/Multicast Addr: 06139e8c
GwEUI: 24E124FFFEFE11C4
AppEUI: 24E124C0002A0001
Device EUI/Group Name: 24E124445E318071
Class Type: Class C
Immediately: -
Timestamp: 649638226
Type: UpUnc
Adr: false
AdrAcKReq: false
Ack: false
Fcnt: 1359
Port: 86
Modulation: LORA
Bandwidth: 125
SpreadFactor: 7
Bitrate: 0
CodeRate: 4/5
SNR: 10.8
RSSI: -74
Power: -
Payload(b64): Q1VTVE9NTUVTU0FHRVRFU1RGT1JHUklEQUNUSVZBVElPTg==
Payload(hex): 435553544f4d4d45535341474554455354464f524752494441435449564154494f4e
JSON: {""text"":""CUSTOMMESSAGETESTFORGRIDACTIVATION""}
MIC: 69a4463b",25-6-r1183(mirror1385).csv,,25-6-r1183(mirror1385),1183,1385,"[1183, 1385]",[1183],['R1183'],2026-06-25,2026-06-25 13:55:51+02:00,-74.0,10.8,06139e8c,24E124FFFEFE11C4,24E124C0002A0001,24E124445E318071,Class C,-,649638226,UpUnc,false,false,false,1359,86,LORA,125,7,0,4/5,10.8,-74,-,Q1VTVE9NTUVTU0FHRVRFU1RGT1JHUklEQUNUSVZBVElPTg==,435553544f4d4d45535341474554455354464f524752494441435449564154494f4e,"{""text"":""CUSTOMMESSAGETESTFORGRIDACTIVATION""}",69a4463b,86.0,435553544f4d4d45535341474554455354464f524752494441435449564154494f4e,{'text': 'CUSTOMMESSAGETESTFORGRIDACTIVATION'},,CUSTOMMESSAGETESTFORGRIDACTIVATION,['R1183'],R1183,['R1183'],['2026-06-25_R1183_01'],['R1183'],True,2026-06-25,True,True,2026-06-25_R1183_01,2026-06-25,R1183,1,13,assigned_extra_tail,True,-32.0,True,7,-83.816,3.3000000000000003,2026-06-25 13:53:09+02:00,2026-06-25 13:53:09+02:00,,True,True,,30,36,6,0,1324,1359,0.8333333333333334,0.16666666666666666,0.16666666666666666,tail
24E124445E318071,24E124FFFEFE11C4,868100000,SF7BW125, -89/7.5,34,1493,UpUnc,2026-06-25 12:19:22+00:00,"Dev Addr/Multicast Addr: 06139e8c
GwEUI: 24E124FFFEFE11C4
AppEUI: 24E124C0002A0001
Device EUI/Group Name: 24E124445E318071
Class Type: Class C
Immediately: -
Timestamp: 2060196027
Type: UpUnc
Adr: false
AdrAcKReq: false
Ack: false
Fcnt: 1493
Port: 86
Modulation: LORA
Bandwidth: 125
SpreadFactor: 7
Bitrate: 0
CodeRate: 4/5
SNR: 7.5
RSSI: -89
Power: -
Payload(b64): Q1VTVE9NTUVTU0FHRVRFU1RGT1JHUklEQUNUSVZBVElPTg==
Payload(hex): 435553544f4d4d45535341474554455354464f524752494441435449564154494f4e
JSON: {""text"":""CUSTOMMESSAGETESTFORGRIDACTIVATION""}
MIC: 5a0271f6",25-06-r1360.csv,,25-06-r1360,1360,,[1360],[1360],['R1360'],2026-06-25,2026-06-25 14:19:22+02:00,-89.0,7.5,06139e8c,24E124FFFEFE11C4,24E124C0002A0001,24E124445E318071,Class C,-,2060196027,UpUnc,false,false,false,1493,86,LORA,125,7,0,4/5,7.5,-89,-,Q1VTVE9NTUVTU0FHRVRFU1RGT1JHUklEQUNUSVZBVElPTg==,435553544f4d4d45535341474554455354464f524752494441435449564154494f4e,"{""text"":""CUSTOMMESSAGETESTFORGRIDACTIVATION""}",5a0271f6,86.0,435553544f4d4d45535341474554455354464f524752494441435449564154494f4e,{'text': 'CUSTOMMESSAGETESTFORGRIDACTIVATION'},,CUSTOMMESSAGETESTFORGRIDACTIVATION,['R1360'],R1360,['R1360'],['2026-06-25_R1360_01'],['R1360'],True,2026-06-25,True,True,2026-06-25_R1360_01,2026-06-25,R1360,1,13,assigned_extra_tail,True,-32.0,True,7,83.816,9.5,2026-06-25 14:19:22+02:00,2026-06-25 14:19:22+02:00,,True,True,,37,68,31,0,1493,1560,0.5441176470588235,0.45588235294117646,0.45588235294117646,tail
24E124445E318071,24E124FFFEFE11C4,868100000,SF7BW125, -88/12.0,34,1495,UpUnc,2026-06-25 12:19:31+00:00,"Dev Addr/Multicast Addr: 06139e8c
GwEUI: 24E124FFFEFE11C4
AppEUI: 24E124C0002A0001
Device EUI/Group Name: 24E124445E318071
Class Type: Class C
Immediately: -
Timestamp: 2069355567
Type: UpUnc
Adr: false
AdrAcKReq: false
Ack: false
Fcnt: 1495
Port: 86
Modulation: LORA
Bandwidth: 125
SpreadFactor: 7
Bitrate: 0
CodeRate: 4/5
SNR: 12.0
RSSI: -88
Power: -
Payload(b64): Q1VTVE9NTUVTU0FHRVRFU1RGT1JHUklEQUNUSVZBVElPTg==
Payload(hex): 435553544f4d4d45535341474554455354464f524752494441435449564154494f4e
JSON: {""text"":""CUSTOMMESSAGETESTFORGRIDACTIVATION""}
MIC: 8171ad79",25-06-r1360.csv,,25-06-r1360,1360,,[1360],[1360],['R1360'],2026-06-25,2026-06-25 14:19:31+02:00,-88.0,12.0,06139e8c,24E124FFFEFE11C4,24E124C0002A0001,24E124445E318071,Class C,-,2069355567,UpUnc,false,false,false,1495,86,LORA,125,7,0,4/5,12.0,-88,-,Q1VTVE9NTUVTU0FHRVRFU1RGT1JHUklEQUNUSVZBVElPTg==,435553544f4d4d45535341474554455354464f524752494441435449564154494f4e,"{""text"":""CUSTOMMESSAGETESTFORGRIDACTIVATION""}",8171ad79,86.0,435553544f4d4d45535341474554455354464f524752494441435449564154494f4e,{'text': 'CUSTOMMESSAGETESTFORGRIDACTIVATION'},,CUSTOMMESSAGETESTFORGRIDACTIVATION,['R1360'],R1360,['R1360'],['2026-06-25_R1360_01'],['R1360'],True,2026-06-25,True,True,2026-06-25_R1360_01,2026-06-25,R1360,1,13,assigned_extra_tail,True,-32.0,True,7,83.816,9.5,2026-06-25 14:19:22+02:00,2026-06-25 14:19:22+02:00,,True,True,,37,68,31,0,1493,1560,0.5441176470588235,0.45588235294117646,0.45588235294117646,tail
24E124445E318071,24E124FFFEFE11C4,868300000,SF7BW125, -88/12.5,34,1497,UpUnc,2026-06-25 12:19:39+00:00,"Dev Addr/Multicast Addr: 06139e8c
GwEUI: 24E124FFFEFE11C4
AppEUI: 24E124C0002A0001
Device EUI/Group Name: 24E124445E318071
Class Type: Class C
Immediately: -
Timestamp: 2077303992
Type: UpUnc
Adr: false
AdrAcKReq: false
Ack: false
Fcnt: 1497
Port: 86
Modulation: LORA
Bandwidth: 125
SpreadFactor: 7
Bitrate: 0
CodeRate: 4/5
SNR: 12.5
RSSI: -88
Power: -
Payload(b64): Q1VTVE9NTUVTU0FHRVRFU1RGT1JHUklEQUNUSVZBVElPTg==
Payload(hex): 435553544f4d4d45535341474554455354464f524752494441435449564154494f4e
JSON: {""text"":""CUSTOMMESSAGETESTFORGRIDACTIVATION""}
MIC: 9328ead5",25-06-r1360.csv,,25-06-r1360,1360,,[1360],[1360],['R1360'],2026-06-25,2026-06-25 14:19:39+02:00,-88.0,12.5,06139e8c,24E124FFFEFE11C4,24E124C0002A0001,24E124445E318071,Class C,-,2077303992,UpUnc,false,false,false,1497,86,LORA,125,7,0,4/5,12.5,-88,-,Q1VTVE9NTUVTU0FHRVRFU1RGT1JHUklEQUNUSVZBVElPTg==,435553544f4d4d45535341474554455354464f524752494441435449564154494f4e,"{""text"":""CUSTOMMESSAGETESTFORGRIDACTIVATION""}",9328ead5,86.0,435553544f4d4d45535341474554455354464f524752494441435449564154494f4e,{'text': 'CUSTOMMESSAGETESTFORGRIDACTIVATION'},,CUSTOMMESSAGETESTFORGRIDACTIVATION,['R1360'],R1360,['R1360'],['2026-06-25_R1360_01'],['R1360'],True,2026-06-25,True,True,2026-06-25_R1360_01,2026-06-25,R1360,1,13,assigned_extra_tail,True,-32.0,True,7,83.816,9.5,2026-06-25 14:19:22+02:00,2026-06-25 14:19:22+02:00,,True,True,,37,68,31,0,1493,1560,0.5441176470588235,0.45588235294117646,0.45588235294117646,tail
24E124445E318071,24E124FFFEFE11C4,868300000,SF7BW125, -89/12.2,34,1499,UpUnc,2026-06-25 12:19:48+00:00,"Dev Addr/Multicast Addr: 06139e8c
GwEUI: 24E124FFFEFE11C4
AppEUI: 24E124C0002A0001
Device EUI/Group Name: 24E124445E318071
Class Type: Class C
Immediately: -
Timestamp: 2086382073
Type: UpUnc
Adr: false
AdrAcKReq: false
Ack: false
Fcnt: 1499
Port: 86
Modulation: LORA
Bandwidth: 125
SpreadFactor: 7
Bitrate: 0
CodeRate: 4/5
SNR: 12.2
RSSI: -89
Power: -
Payload(b64): Q1VTVE9NTUVTU0FHRVRFU1RGT1JHUklEQUNUSVZBVElPTg==
Payload(hex): 435553544f4d4d45535341474554455354464f524752494441435449564154494f4e
JSON: {""text"":""CUSTOMMESSAGETESTFORGRIDACTIVATION""}
MIC: 2cce13c4",25-06-r1360.csv,,25-06-r1360,1360,,[1360],[1360],['R1360'],2026-06-25,2026-06-25 14:19:48+02:00,-89.0,12.2,06139e8c,24E124FFFEFE11C4,24E124C0002A0001,24E124445E318071,Class C,-,2086382073,UpUnc,false,false,false,1499,86,LORA,125,7,0,4/5,12.2,-89,-,Q1VTVE9NTUVTU0FHRVRFU1RGT1JHUklEQUNUSVZBVElPTg==,435553544f4d4d45535341474554455354464f524752494441435449564154494f4e,"{""text"":""CUSTOMMESSAGETESTFORGRIDACTIVATION""}",2cce13c4,86.0,435553544f4d4d45535341474554455354464f524752494441435449564154494f4e,{'text': 'CUSTOMMESSAGETESTFORGRIDACTIVATION'},,CUSTOMMESSAGETESTFORGRIDACTIVATION,['R1360'],R1360,['R1360'],['2026-06-25_R1360_01'],['R1360'],True,2026-06-25,True,True,2026-06-25_R1360_01,2026-06-25,R1360,1,13,assigned_extra_tail,True,-32.0,True,7,83.816,9.5,2026-06-25 14:19:22+02:00,2026-06-25 14:19:22+02:00,,True,True,,37,68,31,0,1493,1560,0.5441176470588235,0.45588235294117646,0.45588235294117646,tail
24E124445E318071,24E124FFFEFE11C4,868300000,SF7BW125, -88/12.2,34,1501,UpUnc,2026-06-25 12:19:56+00:00,"Dev Addr/Multicast Addr: 06139e8c
GwEUI: 24E124FFFEFE11C4
AppEUI: 24E124C0002A0001
Device EUI/Group Name: 24E124445E318071
Class Type: Class C
Immediately: -
Timestamp: 2093885063
Type: UpUnc
Adr: false
AdrAcKReq: false
Ack: false
Fcnt: 1501
Port: 86
Modulation: LORA
Bandwidth: 125
SpreadFactor: 7
Bitrate: 0
CodeRate: 4/5
SNR: 12.2
RSSI: -88
Power: -
Payload(b64): Q1VTVE9NTUVTU0FHRVRFU1RGT1JHUklEQUNUSVZBVElPTg==
Payload(hex): 435553544f4d4d45535341474554455354464f524752494441435449564154494f4e
JSON: {""text"":""CUSTOMMESSAGETESTFORGRIDACTIVATION""}
MIC: 2cf9f7a3",25-06-r1360.csv,,25-06-r1360,1360,,[1360],[1360],['R1360'],2026-06-25,2026-06-25 14:19:56+02:00,-88.0,12.2,06139e8c,24E124FFFEFE11C4,24E124C0002A0001,24E124445E318071,Class C,-,2093885063,UpUnc,false,false,false,1501,86,LORA,125,7,0,4/5,12.2,-88,-,Q1VTVE9NTUVTU0FHRVRFU1RGT1JHUklEQUNUSVZBVElPTg==,435553544f4d4d45535341474554455354464f524752494441435449564154494f4e,"{""text"":""CUSTOMMESSAGETESTFORGRIDACTIVATION""}",2cf9f7a3,86.0,435553544f4d4d45535341474554455354464f524752494441435449564154494f4e,{'text': 'CUSTOMMESSAGETESTFORGRIDACTIVATION'},,CUSTOMMESSAGETESTFORGRIDACTIVATION,['R1360'],R1360,['R1360'],['2026-06-25_R1360_01'],['R1360'],True,2026-06-25,True,True,2026-06-25_R1360_01,2026-06-25,R1360,1,13,assigned_extra_tail,True,-32.0,True,7,83.816,9.5,2026-06-25 14:19:22+02:00,2026-06-25 14:19:22+02:00,,True,True,,37,68,31,0,1493,1560,0.5441176470588235,0.45588235294117646,0.45588235294117646,tail
24E124445E318071,24E124FFFEFE11C4,868300000,SF7BW125, -89/12.5,34,1503,UpUnc,2026-06-25 12:20:06+00:00,"Dev Addr/Multicast Addr: 06139e8c
GwEUI: 24E124FFFEFE11C4
AppEUI: 24E124C0002A0001
Device EUI/Group Name: 24E124445E318071
Class Type: Class C
Immediately: -
Timestamp: 2103767008
Type: UpUnc
Adr: false
AdrAcKReq: false
Ack: false
Fcnt: 1503
Port: 86
Modulation: LORA
Bandwidth: 125
SpreadFactor: 7
Bitrate: 0
CodeRate: 4/5
SNR: 12.5
RSSI: -89
Power: -
Payload(b64): Q1VTVE9NTUVTU0FHRVRFU1RGT1JHUklEQUNUSVZBVElPTg==
Payload(hex): 435553544f4d4d45535341474554455354464f524752494441435449564154494f4e
JSON: {""text"":""CUSTOMMESSAGETESTFORGRIDACTIVATION""}
MIC: 0b671400",25-06-r1360.csv,,25-06-r1360,1360,,[1360],[1360],['R1360'],2026-06-25,2026-06-25 14:20:06+02:00,-89.0,12.5,06139e8c,24E124FFFEFE11C4,24E124C0002A0001,24E124445E318071,Class C,-,2103767008,UpUnc,false,false,false,1503,86,LORA,125,7,0,4/5,12.5,-89,-,Q1VTVE9NTUVTU0FHRVRFU1RGT1JHUklEQUNUSVZBVElPTg==,435553544f4d4d45535341474554455354464f524752494441435449564154494f4e,"{""text"":""CUSTOMMESSAGETESTFORGRIDACTIVATION""}",0b671400,86.0,435553544f4d4d45535341474554455354464f524752494441435449564154494f4e,{'text': 'CUSTOMMESSAGETESTFORGRIDACTIVATION'},,CUSTOMMESSAGETESTFORGRIDACTIVATION,['R1360'],R1360,['R1360'],['2026-06-25_R1360_01'],['R1360'],True,2026-06-25,True,True,2026-06-25_R1360_01,2026-06-25,R1360,1,13,assigned_extra_tail,True,-32.0,True,7,83.816,9.5,2026-06-25 14:19:22+02:00,2026-06-25 14:19:22+02:00,,True,True,,37,68,31,0,1493,1560,0.5441176470588235,0.45588235294117646,0.45588235294117646,tail
24E124445E318071,24E124FFFEFE11C4,868300000,SF7BW125, -97/7.2,34,1505,UpUnc,2026-06-25 12:20:14+00:00,"Dev Addr/Multicast Addr: 06139e8c
GwEUI: 24E124FFFEFE11C4
AppEUI: 24E124C0002A0001
Device EUI/Group Name: 24E124445E318071
Class Type: Class C
Immediately: -
Timestamp: 2111978010
Type: UpUnc
Adr: false
AdrAcKReq: false
Ack: false
Fcnt: 1505
Port: 86
Modulation: LORA
Bandwidth: 125
SpreadFactor: 7
Bitrate: 0
CodeRate: 4/5
SNR: 7.2
RSSI: -97
Power: -
Payload(b64): Q1VTVE9NTUVTU0FHRVRFU1RGT1JHUklEQUNUSVZBVElPTg==
Payload(hex): 435553544f4d4d45535341474554455354464f524752494441435449564154494f4e
JSON: {""text"":""CUSTOMMESSAGETESTFORGRIDACTIVATION""}
MIC: fcc830bf",25-06-r1360.csv,,25-06-r1360,1360,,[1360],[1360],['R1360'],2026-06-25,2026-06-25 14:20:14+02:00,-97.0,7.2,06139e8c,24E124FFFEFE11C4,24E124C0002A0001,24E124445E318071,Class C,-,2111978010,UpUnc,false,false,false,1505,86,LORA,125,7,0,4/5,7.2,-97,-,Q1VTVE9NTUVTU0FHRVRFU1RGT1JHUklEQUNUSVZBVElPTg==,435553544f4d4d45535341474554455354464f524752494441435449564154494f4e,"{""text"":""CUSTOMMESSAGETESTFORGRIDACTIVATION""}",fcc830bf,86.0,435553544f4d4d45535341474554455354464f524752494441435449564154494f4e,{'text': 'CUSTOMMESSAGETESTFORGRIDACTIVATION'},,CUSTOMMESSAGETESTFORGRIDACTIVATION,['R1360'],R1360,['R1360'],['2026-06-25_R1360_01'],['R1360'],True,2026-06-25,True,True,2026-06-25_R1360_01,2026-06-25,R1360,1,13,assigned_extra_tail,True,-32.0,True,7,83.816,9.5,2026-06-25 14:19:22+02:00,2026-06-25 14:19:22+02:00,,True,True,,37,68,31,0,1493,1560,0.5441176470588235,0.45588235294117646,0.45588235294117646,tail
24E124445E318071,24E124FFFEFE11C4,868500000,SF7BW125, -96/7.8,34,1507,UpUnc,2026-06-25 12:20:24+00:00,"Dev Addr/Multicast Addr: 06139e8c
GwEUI: 24E124FFFEFE11C4
AppEUI: 24E124C0002A0001
Device EUI/Group Name: 24E124445E318071
Class Type: Class C
Immediately: -
Timestamp: 2122050061
Type: UpUnc
Adr: false
AdrAcKReq: false
Ack: false
Fcnt: 1507
Port: 86
Modulation: LORA
Bandwidth: 125
SpreadFactor: 7
Bitrate: 0
CodeRate: 4/5
SNR: 7.8
RSSI: -96
Power: -
Payload(b64): Q1VTVE9NTUVTU0FHRVRFU1RGT1JHUklEQUNUSVZBVElPTg==
Payload(hex): 435553544f4d4d45535341474554455354464f524752494441435449564154494f4e
JSON: {""text"":""CUSTOMMESSAGETESTFORGRIDACTIVATION""}
MIC: 2efed610",25-06-r1360.csv,,25-06-r1360,1360,,[1360],[1360],['R1360'],2026-06-25,2026-06-25 14:20:24+02:00,-96.0,7.8,06139e8c,24E124FFFEFE11C4,24E124C0002A0001,24E124445E318071,Class C,-,2122050061,UpUnc,false,false,false,1507,86,LORA,125,7,0,4/5,7.8,-96,-,Q1VTVE9NTUVTU0FHRVRFU1RGT1JHUklEQUNUSVZBVElPTg==,435553544f4d4d45535341474554455354464f524752494441435449564154494f4e,"{""text"":""CUSTOMMESSAGETESTFORGRIDACTIVATION""}",2efed610,86.0,435553544f4d4d45535341474554455354464f524752494441435449564154494f4e,{'text': 'CUSTOMMESSAGETESTFORGRIDACTIVATION'},,CUSTOMMESSAGETESTFORGRIDACTIVATION,['R1360'],R1360,['R1360'],['2026-06-25_R1360_01'],['R1360'],True,2026-06-25,True,True,2026-06-25_R1360_01,2026-06-25,R1360,1,13,assigned_extra_tail,True,-32.0,True,7,83.816,9.5,2026-06-25 14:19:22+02:00,2026-06-25 14:19:22+02:00,,True,True,,37,68,31,0,1493,1560,0.5441176470588235,0.45588235294117646,0.45588235294117646,tail
24E124445E318071,24E124FFFEFE11C4,868300000,SF7BW125, -95/8.8,34,1509,UpUnc,2026-06-25 12:20:34+00:00,"Dev Addr/Multicast Addr: 06139e8c
GwEUI: 24E124FFFEFE11C4
AppEUI: 24E124C0002A0001
Device EUI/Group Name: 24E124445E318071
Class Type: Class C
Immediately: -
Timestamp: 2131833058
Type: UpUnc
Adr: false
AdrAcKReq: false
Ack: false
Fcnt: 1509
Port: 86
Modulation: LORA
Bandwidth: 125
SpreadFactor: 7
Bitrate: 0
CodeRate: 4/5
SNR: 8.8
RSSI: -95
Power: -
Payload(b64): Q1VTVE9NTUVTU0FHRVRFU1RGT1JHUklEQUNUSVZBVElPTg==
Payload(hex): 435553544f4d4d45535341474554455354464f524752494441435449564154494f4e
JSON: {""text"":""CUSTOMMESSAGETESTFORGRIDACTIVATION""}
MIC: fc0c9fda",25-06-r1360.csv,,25-06-r1360,1360,,[1360],[1360],['R1360'],2026-06-25,2026-06-25 14:20:34+02:00,-95.0,8.8,06139e8c,24E124FFFEFE11C4,24E124C0002A0001,24E124445E318071,Class C,-,2131833058,UpUnc,false,false,false,1509,86,LORA,125,7,0,4/5,8.8,-95,-,Q1VTVE9NTUVTU0FHRVRFU1RGT1JHUklEQUNUSVZBVElPTg==,435553544f4d4d45535341474554455354464f524752494441435449564154494f4e,"{""text"":""CUSTOMMESSAGETESTFORGRIDACTIVATION""}",fc0c9fda,86.0,435553544f4d4d45535341474554455354464f524752494441435449564154494f4e,{'text': 'CUSTOMMESSAGETESTFORGRIDACTIVATION'},,CUSTOMMESSAGETESTFORGRIDACTIVATION,['R1360'],R1360,['R1360'],['2026-06-25_R1360_01'],['R1360'],True,2026-06-25,True,True,2026-06-25_R1360_01,2026-06-25,R1360,1,13,assigned_extra_tail,True,-32.0,True,7,83.816,9.5,2026-06-25 14:19:22+02:00,2026-06-25 14:19:22+02:00,,True,True,,37,68,31,0,1493,1560,0.5441176470588235,0.45588235294117646,0.45588235294117646,tail
24E124445E318071,24E124FFFEFE11C4,868300000,SF7BW125, -96/3.0,34,1511,UpUnc,2026-06-25 12:20:43+00:00,"Dev Addr/Multicast Addr: 06139e8c
GwEUI: 24E124FFFEFE11C4
AppEUI: 24E124C0002A0001
Device EUI/Group Name: 24E124445E318071
Class Type: Class C
Immediately: -
Timestamp: 2140811059
Type: UpUnc
Adr: false
AdrAcKReq: false
Ack: false
Fcnt: 1511
Port: 86
Modulation: LORA
Bandwidth: 125
SpreadFactor: 7
Bitrate: 0
CodeRate: 4/5
SNR: 3.0
RSSI: -96
Power: -
Payload(b64): Q1VTVE9NTUVTU0FHRVRFU1RGT1JHUklEQUNUSVZBVElPTg==
Payload(hex): 435553544f4d4d45535341474554455354464f524752494441435449564154494f4e
JSON: {""text"":""CUSTOMMESSAGETESTFORGRIDACTIVATION""}
MIC: 147cd008",25-06-r1360.csv,,25-06-r1360,1360,,[1360],[1360],['R1360'],2026-06-25,2026-06-25 14:20:43+02:00,-96.0,3.0,06139e8c,24E124FFFEFE11C4,24E124C0002A0001,24E124445E318071,Class C,-,2140811059,UpUnc,false,false,false,1511,86,LORA,125,7,0,4/5,3.0,-96,-,Q1VTVE9NTUVTU0FHRVRFU1RGT1JHUklEQUNUSVZBVElPTg==,435553544f4d4d45535341474554455354464f524752494441435449564154494f4e,"{""text"":""CUSTOMMESSAGETESTFORGRIDACTIVATION""}",147cd008,86.0,435553544f4d4d45535341474554455354464f524752494441435449564154494f4e,{'text': 'CUSTOMMESSAGETESTFORGRIDACTIVATION'},,CUSTOMMESSAGETESTFORGRIDACTIVATION,['R1360'],R1360,['R1360'],['2026-06-25_R1360_01'],['R1360'],True,2026-06-25,True,True,2026-06-25_R1360_01,2026-06-25,R1360,1,13,assigned_extra_tail,True,-32.0,True,7,83.816,9.5,2026-06-25 14:19:22+02:00,2026-06-25 14:19:22+02:00,,True,True,,37,68,31,0,1493,1560,0.5441176470588235,0.45588235294117646,0.45588235294117646,tail
24E124445E318071,24E124FFFEFE11C4,868300000,SF7BW125, -96/8.5,34,1513,UpUnc,2026-06-25 12:20:51+00:00,"Dev Addr/Multicast Addr: 06139e8c
GwEUI: 24E124FFFEFE11C4
AppEUI: 24E124C0002A0001
Device EUI/Group Name: 24E124445E318071
Class Type: Class C
Immediately: -
Timestamp: 2149697047
Type: UpUnc
Adr: false
AdrAcKReq: false
Ack: false
Fcnt: 1513
Port: 86
Modulation: LORA
Bandwidth: 125
SpreadFactor: 7
Bitrate: 0
CodeRate: 4/5
SNR: 8.5
RSSI: -96
Power: -
Payload(b64): Q1VTVE9NTUVTU0FHRVRFU1RGT1JHUklEQUNUSVZBVElPTg==
Payload(hex): 435553544f4d4d45535341474554455354464f524752494441435449564154494f4e
JSON: {""text"":""CUSTOMMESSAGETESTFORGRIDACTIVATION""}
MIC: 165e8913",25-06-r1360.csv,,25-06-r1360,1360,,[1360],[1360],['R1360'],2026-06-25,2026-06-25 14:20:51+02:00,-96.0,8.5,06139e8c,24E124FFFEFE11C4,24E124C0002A0001,24E124445E318071,Class C,-,2149697047,UpUnc,false,false,false,1513,86,LORA,125,7,0,4/5,8.5,-96,-,Q1VTVE9NTUVTU0FHRVRFU1RGT1JHUklEQUNUSVZBVElPTg==,435553544f4d4d45535341474554455354464f524752494441435449564154494f4e,"{""text"":""CUSTOMMESSAGETESTFORGRIDACTIVATION""}",165e8913,86.0,435553544f4d4d45535341474554455354464f524752494441435449564154494f4e,{'text': 'CUSTOMMESSAGETESTFORGRIDACTIVATION'},,CUSTOMMESSAGETESTFORGRIDACTIVATION,['R1360'],R1360,['R1360'],['2026-06-25_R1360_01'],['R1360'],True,2026-06-25,True,True,2026-06-25_R1360_01,2026-06-25,R1360,1,13,assigned_extra_tail,True,-32.0,True,7,83.816,9.5,2026-06-25 14:19:22+02:00,2026-06-25 14:19:22+02:00,,True,True,,37,68,31,0,1493,1560,0.5441176470588235,0.45588235294117646,0.45588235294117646,tail
24E124445E318071,24E124FFFEFE11C4,868100000,SF7BW125, -96/4.0,34,1515,UpUnc,2026-06-25 12:21:01+00:00,"Dev Addr/Multicast Addr: 06139e8c
GwEUI: 24E124FFFEFE11C4
AppEUI: 24E124C0002A0001
Device EUI/Group Name: 24E124445E318071
Class Type: Class C
Immediately: -
Timestamp: 2159554028
Type: UpUnc
Adr: false
AdrAcKReq: false
Ack: false
Fcnt: 1515
Port: 86
Modulation: LORA
Bandwidth: 125
SpreadFactor: 7
Bitrate: 0
CodeRate: 4/5
SNR: 4.0
RSSI: -96
Power: -
Payload(b64): Q1VTVE9NTUVTU0FHRVRFU1RGT1JHUklEQUNUSVZBVElPTg==
Payload(hex): 435553544f4d4d45535341474554455354464f524752494441435449564154494f4e
JSON: {""text"":""CUSTOMMESSAGETESTFORGRIDACTIVATION""}
MIC: 8d309935",25-06-r1360.csv,,25-06-r1360,1360,,[1360],[1360],['R1360'],2026-06-25,2026-06-25 14:21:01+02:00,-96.0,4.0,06139e8c,24E124FFFEFE11C4,24E124C0002A0001,24E124445E318071,Class C,-,2159554028,UpUnc,false,false,false,1515,86,LORA,125,7,0,4/5,4.0,-96,-,Q1VTVE9NTUVTU0FHRVRFU1RGT1JHUklEQUNUSVZBVElPTg==,435553544f4d4d45535341474554455354464f524752494441435449564154494f4e,"{""text"":""CUSTOMMESSAGETESTFORGRIDACTIVATION""}",8d309935,86.0,435553544f4d4d45535341474554455354464f524752494441435449564154494f4e,{'text': 'CUSTOMMESSAGETESTFORGRIDACTIVATION'},,CUSTOMMESSAGETESTFORGRIDACTIVATION,['R1360'],R1360,['R1360'],['2026-06-25_R1360_01'],['R1360'],True,2026-06-25,True,True,2026-06-25_R1360_01,2026-06-25,R1360,1,13,assigned_extra_tail,True,-32.0,True,7,83.816,9.5,2026-06-25 14:19:22+02:00,2026-06-25 14:19:22+02:00,,True,True,,37,68,31,0,1493,1560,0.5441176470588235,0.45588235294117646,0.45588235294117646,tail
24E124445E318071,24E124FFFEFE11C4,868100000,SF7BW125, -93/7.0,34,1517,UpUnc,2026-06-25 12:21:11+00:00,"Dev Addr/Multicast Addr: 06139e8c
GwEUI: 24E124FFFEFE11C4
AppEUI: 24E124C0002A0001
Device EUI/Group Name: 24E124445E318071
Class Type: Class C
Immediately: -
Timestamp: 2168805078
Type: UpUnc
Adr: false
AdrAcKReq: false
Ack: false
Fcnt: 1517
Port: 86
Modulation: LORA
Bandwidth: 125
SpreadFactor: 7
Bitrate: 0
CodeRate: 4/5
SNR: 7.0
RSSI: -93
Power: -
Payload(b64): Q1VTVE9NTUVTU0FHRVRFU1RGT1JHUklEQUNUSVZBVElPTg==
Payload(hex): 435553544f4d4d45535341474554455354464f524752494441435449564154494f4e
JSON: {""text"":""CUSTOMMESSAGETESTFORGRIDACTIVATION""}
MIC: 62a1196f",25-06-r1360.csv,,25-06-r1360,1360,,[1360],[1360],['R1360'],2026-06-25,2026-06-25 14:21:11+02:00,-93.0,7.0,06139e8c,24E124FFFEFE11C4,24E124C0002A0001,24E124445E318071,Class C,-,2168805078,UpUnc,false,false,false,1517,86,LORA,125,7,0,4/5,7.0,-93,-,Q1VTVE9NTUVTU0FHRVRFU1RGT1JHUklEQUNUSVZBVElPTg==,435553544f4d4d45535341474554455354464f524752494441435449564154494f4e,"{""text"":""CUSTOMMESSAGETESTFORGRIDACTIVATION""}",62a1196f,86.0,435553544f4d4d45535341474554455354464f524752494441435449564154494f4e,{'text': 'CUSTOMMESSAGETESTFORGRIDACTIVATION'},,CUSTOMMESSAGETESTFORGRIDACTIVATION,['R1360'],R1360,['R1360'],['2026-06-25_R1360_01'],['R1360'],True,2026-06-25,True,True,2026-06-25_R1360_01,2026-06-25,R1360,1,13,assigned_extra_tail,True,-32.0,True,7,83.816,9.5,2026-06-25 14:19:22+02:00,2026-06-25 14:19:22+02:00,,True,True,,37,68,31,0,1493,1560,0.5441176470588235,0.45588235294117646,0.45588235294117646,tail
24E124445E318071,24E124FFFEFE11C4,868300000,SF7BW125, -94/6.8,34,1519,UpUnc,2026-06-25 12:21:19+00:00,"Dev Addr/Multicast Addr: 06139e8c
GwEUI: 24E124FFFEFE11C4
AppEUI: 24E124C0002A0001
Device EUI/Group Name: 24E124445E318071
Class Type: Class C
Immediately: -
Timestamp: 2177325085
Type: UpUnc
Adr: false
AdrAcKReq: false
Ack: false
Fcnt: 1519
Port: 86
Modulation: LORA
Bandwidth: 125
SpreadFactor: 7
Bitrate: 0
CodeRate: 4/5
SNR: 6.8
RSSI: -94
Power: -
Payload(b64): Q1VTVE9NTUVTU0FHRVRFU1RGT1JHUklEQUNUSVZBVElPTg==
Payload(hex): 435553544f4d4d45535341474554455354464f524752494441435449564154494f4e
JSON: {""text"":""CUSTOMMESSAGETESTFORGRIDACTIVATION""}
MIC: 978717c6",25-06-r1360.csv,,25-06-r1360,1360,,[1360],[1360],['R1360'],2026-06-25,2026-06-25 14:21:19+02:00,-94.0,6.8,06139e8c,24E124FFFEFE11C4,24E124C0002A0001,24E124445E318071,Class C,-,2177325085,UpUnc,false,false,false,1519,86,LORA,125,7,0,4/5,6.8,-94,-,Q1VTVE9NTUVTU0FHRVRFU1RGT1JHUklEQUNUSVZBVElPTg==,435553544f4d4d45535341474554455354464f524752494441435449564154494f4e,"{""text"":""CUSTOMMESSAGETESTFORGRIDACTIVATION""}",978717c6,86.0,435553544f4d4d45535341474554455354464f524752494441435449564154494f4e,{'text': 'CUSTOMMESSAGETESTFORGRIDACTIVATION'},,CUSTOMMESSAGETESTFORGRIDACTIVATION,['R1360'],R1360,['R1360'],['2026-06-25_R1360_01'],['R1360'],True,2026-06-25,True,True,2026-06-25_R1360_01,2026-06-25,R1360,1,13,assigned_extra_tail,True,-32.0,True,7,83.816,9.5,2026-06-25 14:19:22+02:00,2026-06-25 14:19:22+02:00,,True,True,,37,68,31,0,1493,1560,0.5441176470588235,0.45588235294117646,0.45588235294117646,tail
24E124445E318071,24E124FFFEFE11C4,868300000,SF7BW125, -96/8.5,34,1521,UpUnc,2026-06-25 12:21:30+00:00,"Dev Addr/Multicast Addr: 06139e8c
GwEUI: 24E124FFFEFE11C4
AppEUI: 24E124C0002A0001
Device EUI/Group Name: 24E124445E318071
Class Type: Class C
Immediately: -
Timestamp: 2187901091
Type: UpUnc
Adr: false
AdrAcKReq: false
Ack: false
Fcnt: 1521
Port: 86
Modulation: LORA
Bandwidth: 125
SpreadFactor: 7
Bitrate: 0
CodeRate: 4/5
SNR: 8.5
RSSI: -96
Power: -
Payload(b64): Q1VTVE9NTUVTU0FHRVRFU1RGT1JHUklEQUNUSVZBVElPTg==
Payload(hex): 435553544f4d4d45535341474554455354464f524752494441435449564154494f4e
JSON: {""text"":""CUSTOMMESSAGETESTFORGRIDACTIVATION""}
MIC: e765f96f",25-06-r1360.csv,,25-06-r1360,1360,,[1360],[1360],['R1360'],2026-06-25,2026-06-25 14:21:30+02:00,-96.0,8.5,06139e8c,24E124FFFEFE11C4,24E124C0002A0001,24E124445E318071,Class C,-,2187901091,UpUnc,false,false,false,1521,86,LORA,125,7,0,4/5,8.5,-96,-,Q1VTVE9NTUVTU0FHRVRFU1RGT1JHUklEQUNUSVZBVElPTg==,435553544f4d4d45535341474554455354464f524752494441435449564154494f4e,"{""text"":""CUSTOMMESSAGETESTFORGRIDACTIVATION""}",e765f96f,86.0,435553544f4d4d45535341474554455354464f524752494441435449564154494f4e,{'text': 'CUSTOMMESSAGETESTFORGRIDACTIVATION'},,CUSTOMMESSAGETESTFORGRIDACTIVATION,['R1360'],R1360,['R1360'],['2026-06-25_R1360_01'],['R1360'],True,2026-06-25,True,True,2026-06-25_R1360_01,2026-06-25,R1360,1,13,assigned_extra_tail,True,-32.0,True,7,83.816,9.5,2026-06-25 14:19:22+02:00,2026-06-25 14:19:22+02:00,,True,True,,37,68,31,0,1493,1560,0.5441176470588235,0.45588235294117646,0.45588235294117646,tail
24E124445E318071,24E124FFFEFE11C4,868100000,SF7BW125, -96/9.0,34,1523,UpUnc,2026-06-25 12:21:38+00:00,"Dev Addr/Multicast Addr: 06139e8c
GwEUI: 24E124FFFEFE11C4
AppEUI: 24E124C0002A0001
Device EUI/Group Name: 24E124445E318071
Class Type: Class C
Immediately: -
Timestamp: 2195866110
Type: UpUnc
Adr: false
AdrAcKReq: false
Ack: false
Fcnt: 1523
Port: 86
Modulation: LORA
Bandwidth: 125
SpreadFactor: 7
Bitrate: 0
CodeRate: 4/5
SNR: 9.0
RSSI: -96
Power: -
Payload(b64): Q1VTVE9NTUVTU0FHRVRFU1RGT1JHUklEQUNUSVZBVElPTg==
Payload(hex): 435553544f4d4d45535341474554455354464f524752494441435449564154494f4e
JSON: {""text"":""CUSTOMMESSAGETESTFORGRIDACTIVATION""}
MIC: c9db09be",25-06-r1360.csv,,25-06-r1360,1360,,[1360],[1360],['R1360'],2026-06-25,2026-06-25 14:21:38+02:00,-96.0,9.0,06139e8c,24E124FFFEFE11C4,24E124C0002A0001,24E124445E318071,Class C,-,2195866110,UpUnc,false,false,false,1523,86,LORA,125,7,0,4/5,9.0,-96,-,Q1VTVE9NTUVTU0FHRVRFU1RGT1JHUklEQUNUSVZBVElPTg==,435553544f4d4d45535341474554455354464f524752494441435449564154494f4e,"{""text"":""CUSTOMMESSAGETESTFORGRIDACTIVATION""}",c9db09be,86.0,435553544f4d4d45535341474554455354464f524752494441435449564154494f4e,{'text': 'CUSTOMMESSAGETESTFORGRIDACTIVATION'},,CUSTOMMESSAGETESTFORGRIDACTIVATION,['R1360'],R1360,['R1360'],['2026-06-25_R1360_01'],['R1360'],True,2026-06-25,True,True,2026-06-25_R1360_01,2026-06-25,R1360,1,13,assigned_extra_tail,True,-32.0,True,7,83.816,9.5,2026-06-25 14:19:22+02:00,2026-06-25 14:19:22+02:00,,True,True,,37,68,31,0,1493,1560,0.5441176470588235,0.45588235294117646,0.45588235294117646,tail
24E124445E318071,24E124FFFEFE11C4,868300000,SF7BW125, -97/7.2,34,1525,UpUnc,2026-06-25 12:21:48+00:00,"Dev Addr/Multicast Addr: 06139e8c
GwEUI: 24E124FFFEFE11C4
AppEUI: 24E124C0002A0001
Device EUI/Group Name: 24E124445E318071
Class Type: Class C
Immediately: -
Timestamp: 2205926622
Type: UpUnc
Adr: false
AdrAcKReq: false
Ack: false
Fcnt: 1525
Port: 86
Modulation: LORA
Bandwidth: 125
SpreadFactor: 7
Bitrate: 0
CodeRate: 4/5
SNR: 7.2
RSSI: -97
Power: -
Payload(b64): Q1VTVE9NTUVTU0FHRVRFU1RGT1JHUklEQUNUSVZBVElPTg==
Payload(hex): 435553544f4d4d45535341474554455354464f524752494441435449564154494f4e
JSON: {""text"":""CUSTOMMESSAGETESTFORGRIDACTIVATION""}
MIC: 468f6f45",25-06-r1360.csv,,25-06-r1360,1360,,[1360],[1360],['R1360'],2026-06-25,2026-06-25 14:21:48+02:00,-97.0,7.2,06139e8c,24E124FFFEFE11C4,24E124C0002A0001,24E124445E318071,Class C,-,2205926622,UpUnc,false,false,false,1525,86,LORA,125,7,0,4/5,7.2,-97,-,Q1VTVE9NTUVTU0FHRVRFU1RGT1JHUklEQUNUSVZBVElPTg==,435553544f4d4d45535341474554455354464f524752494441435449564154494f4e,"{""text"":""CUSTOMMESSAGETESTFORGRIDACTIVATION""}",468f6f45,86.0,435553544f4d4d45535341474554455354464f524752494441435449564154494f4e,{'text': 'CUSTOMMESSAGETESTFORGRIDACTIVATION'},,CUSTOMMESSAGETESTFORGRIDACTIVATION,['R1360'],R1360,['R1360'],['2026-06-25_R1360_01'],['R1360'],True,2026-06-25,True,True,2026-06-25_R1360_01,2026-06-25,R1360,1,13,assigned_extra_tail,True,-32.0,True,7,83.816,9.5,2026-06-25 14:19:22+02:00,2026-06-25 14:19:22+02:00,,True,True,,37,68,31,0,1493,1560,0.5441176470588235,0.45588235294117646,0.45588235294117646,tail
24E124445E318071,24E124FFFEFE11C4,868300000,SF7BW125, -95/9.5,34,1527,UpUnc,2026-06-25 12:21:58+00:00,"Dev Addr/Multicast Addr: 06139e8c
GwEUI: 24E124FFFEFE11C4
AppEUI: 24E124C0002A0001
Device EUI/Group Name: 24E124445E318071
Class Type: Class C
Immediately: -
Timestamp: 2216144116
Type: UpUnc
Adr: false
AdrAcKReq: false
Ack: false
Fcnt: 1527
Port: 86
Modulation: LORA
Bandwidth: 125
SpreadFactor: 7
Bitrate: 0
CodeRate: 4/5
SNR: 9.5
RSSI: -95
Power: -
Payload(b64): Q1VTVE9NTUVTU0FHRVRFU1RGT1JHUklEQUNUSVZBVElPTg==
Payload(hex): 435553544f4d4d45535341474554455354464f524752494441435449564154494f4e
JSON: {""text"":""CUSTOMMESSAGETESTFORGRIDACTIVATION""}
MIC: 54e64c6a",25-06-r1360.csv,,25-06-r1360,1360,,[1360],[1360],['R1360'],2026-06-25,2026-06-25 14:21:58+02:00,-95.0,9.5,06139e8c,24E124FFFEFE11C4,24E124C0002A0001,24E124445E318071,Class C,-,2216144116,UpUnc,false,false,false,1527,86,LORA,125,7,0,4/5,9.5,-95,-,Q1VTVE9NTUVTU0FHRVRFU1RGT1JHUklEQUNUSVZBVElPTg==,435553544f4d4d45535341474554455354464f524752494441435449564154494f4e,"{""text"":""CUSTOMMESSAGETESTFORGRIDACTIVATION""}",54e64c6a,86.0,435553544f4d4d45535341474554455354464f524752494441435449564154494f4e,{'text': 'CUSTOMMESSAGETESTFORGRIDACTIVATION'},,CUSTOMMESSAGETESTFORGRIDACTIVATION,['R1360'],R1360,['R1360'],['2026-06-25_R1360_01'],['R1360'],True,2026-06-25,True,True,2026-06-25_R1360_01,2026-06-25,R1360,1,13,assigned_extra_tail,True,-32.0,True,7,83.816,9.5,2026-06-25 14:19:22+02:00,2026-06-25 14:19:22+02:00,,True,True,,37,68,31,0,1493,1560,0.5441176470588235,0.45588235294117646,0.45588235294117646,tail
24E124445E318071,24E124FFFEFE11C4,868300000,SF7BW125, -97/4.0,34,1529,UpUnc,2026-06-25 12:22:07+00:00,"Dev Addr/Multicast Addr: 06139e8c
GwEUI: 24E124FFFEFE11C4
AppEUI: 24E124C0002A0001
Device EUI/Group Name: 24E124445E318071
Class Type: Class C
Immediately: -
Timestamp: 2225562123
Type: UpUnc
Adr: false
AdrAcKReq: false
Ack: false
Fcnt: 1529
Port: 86
Modulation: LORA
Bandwidth: 125
SpreadFactor: 7
Bitrate: 0
CodeRate: 4/5
SNR: 4.0
RSSI: -97
Power: -
Payload(b64): Q1VTVE9NTUVTU0FHRVRFU1RGT1JHUklEQUNUSVZBVElPTg==
Payload(hex): 435553544f4d4d45535341474554455354464f524752494441435449564154494f4e
JSON: {""text"":""CUSTOMMESSAGETESTFORGRIDACTIVATION""}
MIC: f7676117",25-06-r1360.csv,,25-06-r1360,1360,,[1360],[1360],['R1360'],2026-06-25,2026-06-25 14:22:07+02:00,-97.0,4.0,06139e8c,24E124FFFEFE11C4,24E124C0002A0001,24E124445E318071,Class C,-,2225562123,UpUnc,false,false,false,1529,86,LORA,125,7,0,4/5,4.0,-97,-,Q1VTVE9NTUVTU0FHRVRFU1RGT1JHUklEQUNUSVZBVElPTg==,435553544f4d4d45535341474554455354464f524752494441435449564154494f4e,"{""text"":""CUSTOMMESSAGETESTFORGRIDACTIVATION""}",f7676117,86.0,435553544f4d4d45535341474554455354464f524752494441435449564154494f4e,{'text': 'CUSTOMMESSAGETESTFORGRIDACTIVATION'},,CUSTOMMESSAGETESTFORGRIDACTIVATION,['R1360'],R1360,['R1360'],['2026-06-25_R1360_01'],['R1360'],True,2026-06-25,True,True,2026-06-25_R1360_01,2026-06-25,R1360,1,13,assigned_extra_tail,True,-32.0,True,7,83.816,9.5,2026-06-25 14:19:22+02:00,2026-06-25 14:19:22+02:00,,True,True,,37,68,31,0,1493,1560,0.5441176470588235,0.45588235294117646,0.45588235294117646,tail
24E124445E318071,24E124FFFEFE11C4,868500000,SF7BW125, -95/8.5,34,1531,UpUnc,2026-06-25 12:22:17+00:00,"Dev Addr/Multicast Addr: 06139e8c
GwEUI: 24E124FFFEFE11C4
AppEUI: 24E124C0002A0001
Device EUI/Group Name: 24E124445E318071
Class Type: Class C
Immediately: -
Timestamp: 2235178110
Type: UpUnc
Adr: false
AdrAcKReq: false
Ack: false
Fcnt: 1531
Port: 86
Modulation: LORA
Bandwidth: 125
SpreadFactor: 7
Bitrate: 0
CodeRate: 4/5
SNR: 8.5
RSSI: -95
Power: -
Payload(b64): Q1VTVE9NTUVTU0FHRVRFU1RGT1JHUklEQUNUSVZBVElPTg==
Payload(hex): 435553544f4d4d45535341474554455354464f524752494441435449564154494f4e
JSON: {""text"":""CUSTOMMESSAGETESTFORGRIDACTIVATION""}
MIC: 5bf42109",25-06-r1360.csv,,25-06-r1360,1360,,[1360],[1360],['R1360'],2026-06-25,2026-06-25 14:22:17+02:00,-95.0,8.5,06139e8c,24E124FFFEFE11C4,24E124C0002A0001,24E124445E318071,Class C,-,2235178110,UpUnc,false,false,false,1531,86,LORA,125,7,0,4/5,8.5,-95,-,Q1VTVE9NTUVTU0FHRVRFU1RGT1JHUklEQUNUSVZBVElPTg==,435553544f4d4d45535341474554455354464f524752494441435449564154494f4e,"{""text"":""CUSTOMMESSAGETESTFORGRIDACTIVATION""}",5bf42109,86.0,435553544f4d4d45535341474554455354464f524752494441435449564154494f4e,{'text': 'CUSTOMMESSAGETESTFORGRIDACTIVATION'},,CUSTOMMESSAGETESTFORGRIDACTIVATION,['R1360'],R1360,['R1360'],['2026-06-25_R1360_01'],['R1360'],True,2026-06-25,True,True,2026-06-25_R1360_01,2026-06-25,R1360,1,13,assigned_extra_tail,True,-32.0,True,7,83.816,9.5,2026-06-25 14:19:22+02:00,2026-06-25 14:19:22+02:00,,True,True,,37,68,31,0,1493,1560,0.5441176470588235,0.45588235294117646,0.45588235294117646,tail
24E124445E318071,24E124FFFEFE11C4,868500000,SF7BW125, -101/4.0,34,1533,UpUnc,2026-06-25 12:22:26+00:00,"Dev Addr/Multicast Addr: 06139e8c
GwEUI: 24E124FFFEFE11C4
AppEUI: 24E124C0002A0001
Device EUI/Group Name: 24E124445E318071
Class Type: Class C
Immediately: -
Timestamp: 2244487622
Type: UpUnc
Adr: false
AdrAcKReq: false
Ack: false
Fcnt: 1533
Port: 86
Modulation: LORA
Bandwidth: 125
SpreadFactor: 7
Bitrate: 0
CodeRate: 4/5
SNR: 4.0
RSSI: -101
Power: -
Payload(b64): Q1VTVE9NTUVTU0FHRVRFU1RGT1JHUklEQUNUSVZBVElPTg==
Payload(hex): 435553544f4d4d45535341474554455354464f524752494441435449564154494f4e
JSON: {""text"":""CUSTOMMESSAGETESTFORGRIDACTIVATION""}
MIC: fa89fef0",25-06-r1360.csv,,25-06-r1360,1360,,[1360],[1360],['R1360'],2026-06-25,2026-06-25 14:22:26+02:00,-101.0,4.0,06139e8c,24E124FFFEFE11C4,24E124C0002A0001,24E124445E318071,Class C,-,2244487622,UpUnc,false,false,false,1533,86,LORA,125,7,0,4/5,4.0,-101,-,Q1VTVE9NTUVTU0FHRVRFU1RGT1JHUklEQUNUSVZBVElPTg==,435553544f4d4d45535341474554455354464f524752494441435449564154494f4e,"{""text"":""CUSTOMMESSAGETESTFORGRIDACTIVATION""}",fa89fef0,86.0,435553544f4d4d45535341474554455354464f524752494441435449564154494f4e,{'text': 'CUSTOMMESSAGETESTFORGRIDACTIVATION'},,CUSTOMMESSAGETESTFORGRIDACTIVATION,['R1360'],R1360,['R1360'],['2026-06-25_R1360_01'],['R1360'],True,2026-06-25,True,True,2026-06-25_R1360_01,2026-06-25,R1360,1,13,assigned_extra_tail,True,-32.0,True,7,83.816,9.5,2026-06-25 14:19:22+02:00,2026-06-25 14:19:22+02:00,,True,True,,37,68,31,0,1493,1560,0.5441176470588235,0.45588235294117646,0.45588235294117646,tail
24E124445E318071,24E124FFFEFE11C4,868100000,SF7BW125, -84/11.2,34,1534,UpUnc,2026-06-25 12:22:32+00:00,"Dev Addr/Multicast Addr: 06139e8c
GwEUI: 24E124FFFEFE11C4
AppEUI: 24E124C0002A0001
Device EUI/Group Name: 24E124445E318071
Class Type: Class C
Immediately: -
Timestamp: 2250125123
Type: UpUnc
Adr: false
AdrAcKReq: false
Ack: false
Fcnt: 1534
Port: 86
Modulation: LORA
Bandwidth: 125
SpreadFactor: 7
Bitrate: 0
CodeRate: 4/5
SNR: 11.2
RSSI: -84
Power: -
Payload(b64): Q1VTVE9NTUVTU0FHRVRFU1RGT1JHUklEQUNUSVZBVElPTg==
Payload(hex): 435553544f4d4d45535341474554455354464f524752494441435449564154494f4e
JSON: {""text"":""CUSTOMMESSAGETESTFORGRIDACTIVATION""}
MIC: e6cccd97",25-06-r1360.csv,,25-06-r1360,1360,,[1360],[1360],['R1360'],2026-06-25,2026-06-25 14:22:32+02:00,-84.0,11.2,06139e8c,24E124FFFEFE11C4,24E124C0002A0001,24E124445E318071,Class C,-,2250125123,UpUnc,false,false,false,1534,86,LORA,125,7,0,4/5,11.2,-84,-,Q1VTVE9NTUVTU0FHRVRFU1RGT1JHUklEQUNUSVZBVElPTg==,435553544f4d4d45535341474554455354464f524752494441435449564154494f4e,"{""text"":""CUSTOMMESSAGETESTFORGRIDACTIVATION""}",e6cccd97,86.0,435553544f4d4d45535341474554455354464f524752494441435449564154494f4e,{'text': 'CUSTOMMESSAGETESTFORGRIDACTIVATION'},,CUSTOMMESSAGETESTFORGRIDACTIVATION,['R1360'],R1360,['R1360'],['2026-06-25_R1360_01'],['R1360'],True,2026-06-25,True,True,2026-06-25_R1360_01,2026-06-25,R1360,1,13,assigned_extra_tail,True,-32.0,True,7,83.816,9.5,2026-06-25 14:19:22+02:00,2026-06-25 14:19:22+02:00,,True,True,,37,68,31,0,1493,1560,0.5441176470588235,0.45588235294117646,0.45588235294117646,tail
24E124445E318071,24E124FFFEFE11C4,868500000,SF7BW125, -93/9.5,34,1536,UpUnc,2026-06-25 12:22:41+00:00,"Dev Addr/Multicast Addr: 06139e8c
GwEUI: 24E124FFFEFE11C4
AppEUI: 24E124C0002A0001
Device EUI/Group Name: 24E124445E318071
Class Type: Class C
Immediately: -
Timestamp: 2259133070
Type: UpUnc
Adr: false
AdrAcKReq: false
Ack: false
Fcnt: 1536
Port: 86
Modulation: LORA
Bandwidth: 125
SpreadFactor: 7
Bitrate: 0
CodeRate: 4/5
SNR: 9.5
RSSI: -93
Power: -
Payload(b64): Q1VTVE9NTUVTU0FHRVRFU1RGT1JHUklEQUNUSVZBVElPTg==
Payload(hex): 435553544f4d4d45535341474554455354464f524752494441435449564154494f4e
JSON: {""text"":""CUSTOMMESSAGETESTFORGRIDACTIVATION""}
MIC: 51b9ead0",25-06-r1360.csv,,25-06-r1360,1360,,[1360],[1360],['R1360'],2026-06-25,2026-06-25 14:22:41+02:00,-93.0,9.5,06139e8c,24E124FFFEFE11C4,24E124C0002A0001,24E124445E318071,Class C,-,2259133070,UpUnc,false,false,false,1536,86,LORA,125,7,0,4/5,9.5,-93,-,Q1VTVE9NTUVTU0FHRVRFU1RGT1JHUklEQUNUSVZBVElPTg==,435553544f4d4d45535341474554455354464f524752494441435449564154494f4e,"{""text"":""CUSTOMMESSAGETESTFORGRIDACTIVATION""}",51b9ead0,86.0,435553544f4d4d45535341474554455354464f524752494441435449564154494f4e,{'text': 'CUSTOMMESSAGETESTFORGRIDACTIVATION'},,CUSTOMMESSAGETESTFORGRIDACTIVATION,['R1360'],R1360,['R1360'],['2026-06-25_R1360_01'],['R1360'],True,2026-06-25,True,True,2026-06-25_R1360_01,2026-06-25,R1360,1,13,assigned_extra_tail,True,-32.0,True,7,83.816,9.5,2026-06-25 14:19:22+02:00,2026-06-25 14:19:22+02:00,,True,True,,37,68,31,0,1493,1560,0.5441176470588235,0.45588235294117646,0.45588235294117646,tail
24E124445E318071,24E124FFFEFE11C4,868500000,SF7BW125, -88/11.0,34,1537,UpUnc,2026-06-25 12:22:45+00:00,"Dev Addr/Multicast Addr: 06139e8c
GwEUI: 24E124FFFEFE11C4
AppEUI: 24E124C0002A0001
Device EUI/Group Name: 24E124445E318071
Class Type: Class C
Immediately: -
Timestamp: 2263515110
Type: UpUnc
Adr: false
AdrAcKReq: false
Ack: false
Fcnt: 1537
Port: 86
Modulation: LORA
Bandwidth: 125
SpreadFactor: 7
Bitrate: 0
CodeRate: 4/5
SNR: 11.0
RSSI: -88
Power: -
Payload(b64): Q1VTVE9NTUVTU0FHRVRFU1RGT1JHUklEQUNUSVZBVElPTg==
Payload(hex): 435553544f4d4d45535341474554455354464f524752494441435449564154494f4e
JSON: {""text"":""CUSTOMMESSAGETESTFORGRIDACTIVATION""}
MIC: 2bc0694f",25-06-r1360.csv,,25-06-r1360,1360,,[1360],[1360],['R1360'],2026-06-25,2026-06-25 14:22:45+02:00,-88.0,11.0,06139e8c,24E124FFFEFE11C4,24E124C0002A0001,24E124445E318071,Class C,-,2263515110,UpUnc,false,false,false,1537,86,LORA,125,7,0,4/5,11.0,-88,-,Q1VTVE9NTUVTU0FHRVRFU1RGT1JHUklEQUNUSVZBVElPTg==,435553544f4d4d45535341474554455354464f524752494441435449564154494f4e,"{""text"":""CUSTOMMESSAGETESTFORGRIDACTIVATION""}",2bc0694f,86.0,435553544f4d4d45535341474554455354464f524752494441435449564154494f4e,{'text': 'CUSTOMMESSAGETESTFORGRIDACTIVATION'},,CUSTOMMESSAGETESTFORGRIDACTIVATION,['R1360'],R1360,['R1360'],['2026-06-25_R1360_01'],['R1360'],True,2026-06-25,True,True,2026-06-25_R1360_01,2026-06-25,R1360,1,13,assigned_extra_tail,True,-32.0,True,7,83.816,9.5,2026-06-25 14:19:22+02:00,2026-06-25 14:19:22+02:00,,True,True,,37,68,31,0,1493,1560,0.5441176470588235,0.45588235294117646,0.45588235294117646,tail
24E124445E318071,24E124FFFEFE11C4,868100000,SF7BW125, -83/13.2,34,1539,UpUnc,2026-06-25 12:22:55+00:00,"Dev Addr/Multicast Addr: 06139e8c
GwEUI: 24E124FFFEFE11C4
AppEUI: 24E124C0002A0001
Device EUI/Group Name: 24E124445E318071
Class Type: Class C
Immediately: -
Timestamp: 2273165174
Type: UpUnc
Adr: false
AdrAcKReq: false
Ack: false
Fcnt: 1539
Port: 86
Modulation: LORA
Bandwidth: 125
SpreadFactor: 7
Bitrate: 0
CodeRate: 4/5
SNR: 13.2
RSSI: -83
Power: -
Payload(b64): Q1VTVE9NTUVTU0FHRVRFU1RGT1JHUklEQUNUSVZBVElPTg==
Payload(hex): 435553544f4d4d45535341474554455354464f524752494441435449564154494f4e
JSON: {""text"":""CUSTOMMESSAGETESTFORGRIDACTIVATION""}
MIC: 973cc191",25-06-r1360.csv,,25-06-r1360,1360,,[1360],[1360],['R1360'],2026-06-25,2026-06-25 14:22:55+02:00,-83.0,13.2,06139e8c,24E124FFFEFE11C4,24E124C0002A0001,24E124445E318071,Class C,-,2273165174,UpUnc,false,false,false,1539,86,LORA,125,7,0,4/5,13.2,-83,-,Q1VTVE9NTUVTU0FHRVRFU1RGT1JHUklEQUNUSVZBVElPTg==,435553544f4d4d45535341474554455354464f524752494441435449564154494f4e,"{""text"":""CUSTOMMESSAGETESTFORGRIDACTIVATION""}",973cc191,86.0,435553544f4d4d45535341474554455354464f524752494441435449564154494f4e,{'text': 'CUSTOMMESSAGETESTFORGRIDACTIVATION'},,CUSTOMMESSAGETESTFORGRIDACTIVATION,['R1360'],R1360,['R1360'],['2026-06-25_R1360_01'],['R1360'],True,2026-06-25,True,True,2026-06-25_R1360_01,2026-06-25,R1360,1,13,assigned_extra_tail,True,-32.0,True,7,83.816,9.5,2026-06-25 14:19:22+02:00,2026-06-25 14:19:22+02:00,,True,True,,37,68,31,0,1493,1560,0.5441176470588235,0.45588235294117646,0.45588235294117646,tail
24E124445E318071,24E124FFFEFE11C4,868500000,SF7BW125, -88/10.8,34,1541,UpUnc,2026-06-25 12:23:03+00:00,"Dev Addr/Multicast Addr: 06139e8c
GwEUI: 24E124FFFEFE11C4
AppEUI: 24E124C0002A0001
Device EUI/Group Name: 24E124445E318071
Class Type: Class C
Immediately: -
Timestamp: 2281686134
Type: UpUnc
Adr: false
AdrAcKReq: false
Ack: false
Fcnt: 1541
Port: 86
Modulation: LORA
Bandwidth: 125
SpreadFactor: 7
Bitrate: 0
CodeRate: 4/5
SNR: 10.8
RSSI: -88
Power: -
Payload(b64): Q1VTVE9NTUVTU0FHRVRFU1RGT1JHUklEQUNUSVZBVElPTg==
Payload(hex): 435553544f4d4d45535341474554455354464f524752494441435449564154494f4e
JSON: {""text"":""CUSTOMMESSAGETESTFORGRIDACTIVATION""}
MIC: 7a780585",25-06-r1360.csv,,25-06-r1360,1360,,[1360],[1360],['R1360'],2026-06-25,2026-06-25 14:23:03+02:00,-88.0,10.8,06139e8c,24E124FFFEFE11C4,24E124C0002A0001,24E124445E318071,Class C,-,2281686134,UpUnc,false,false,false,1541,86,LORA,125,7,0,4/5,10.8,-88,-,Q1VTVE9NTUVTU0FHRVRFU1RGT1JHUklEQUNUSVZBVElPTg==,435553544f4d4d45535341474554455354464f524752494441435449564154494f4e,"{""text"":""CUSTOMMESSAGETESTFORGRIDACTIVATION""}",7a780585,86.0,435553544f4d4d45535341474554455354464f524752494441435449564154494f4e,{'text': 'CUSTOMMESSAGETESTFORGRIDACTIVATION'},,CUSTOMMESSAGETESTFORGRIDACTIVATION,['R1360'],R1360,['R1360'],['2026-06-25_R1360_01'],['R1360'],True,2026-06-25,True,True,2026-06-25_R1360_01,2026-06-25,R1360,1,13,assigned_extra_tail,True,-32.0,True,7,83.816,9.5,2026-06-25 14:19:22+02:00,2026-06-25 14:19:22+02:00,,True,True,,37,68,31,0,1493,1560,0.5441176470588235,0.45588235294117646,0.45588235294117646,tail
24E124445E318071,24E124FFFEFE11C4,868500000,SF7BW125, -82/11.8,34,1543,UpUnc,2026-06-25 12:23:13+00:00,"Dev Addr/Multicast Addr: 06139e8c
GwEUI: 24E124FFFEFE11C4
AppEUI: 24E124C0002A0001
Device EUI/Group Name: 24E124445E318071
Class Type: Class C
Immediately: -
Timestamp: 2291333156
Type: UpUnc
Adr: false
AdrAcKReq: false
Ack: false
Fcnt: 1543
Port: 86
Modulation: LORA
Bandwidth: 125
SpreadFactor: 7
Bitrate: 0
CodeRate: 4/5
SNR: 11.8
RSSI: -82
Power: -
Payload(b64): Q1VTVE9NTUVTU0FHRVRFU1RGT1JHUklEQUNUSVZBVElPTg==
Payload(hex): 435553544f4d4d45535341474554455354464f524752494441435449564154494f4e
JSON: {""text"":""CUSTOMMESSAGETESTFORGRIDACTIVATION""}
MIC: 19a937c4",25-06-r1360.csv,,25-06-r1360,1360,,[1360],[1360],['R1360'],2026-06-25,2026-06-25 14:23:13+02:00,-82.0,11.8,06139e8c,24E124FFFEFE11C4,24E124C0002A0001,24E124445E318071,Class C,-,2291333156,UpUnc,false,false,false,1543,86,LORA,125,7,0,4/5,11.8,-82,-,Q1VTVE9NTUVTU0FHRVRFU1RGT1JHUklEQUNUSVZBVElPTg==,435553544f4d4d45535341474554455354464f524752494441435449564154494f4e,"{""text"":""CUSTOMMESSAGETESTFORGRIDACTIVATION""}",19a937c4,86.0,435553544f4d4d45535341474554455354464f524752494441435449564154494f4e,{'text': 'CUSTOMMESSAGETESTFORGRIDACTIVATION'},,CUSTOMMESSAGETESTFORGRIDACTIVATION,['R1360'],R1360,['R1360'],['2026-06-25_R1360_01'],['R1360'],True,2026-06-25,True,True,2026-06-25_R1360_01,2026-06-25,R1360,1,13,assigned_extra_tail,True,-32.0,True,7,83.816,9.5,2026-06-25 14:19:22+02:00,2026-06-25 14:19:22+02:00,,True,True,,37,68,31,0,1493,1560,0.5441176470588235,0.45588235294117646,0.45588235294117646,tail
24E124445E318071,24E124FFFEFE11C4,868300000,SF7BW125, -88/13.0,34,1545,UpUnc,2026-06-25 12:23:23+00:00,"Dev Addr/Multicast Addr: 06139e8c
GwEUI: 24E124FFFEFE11C4
AppEUI: 24E124C0002A0001
Device EUI/Group Name: 24E124445E318071
Class Type: Class C
Immediately: -
Timestamp: 2301636156
Type: UpUnc
Adr: false
AdrAcKReq: false
Ack: false
Fcnt: 1545
Port: 86
Modulation: LORA
Bandwidth: 125
SpreadFactor: 7
Bitrate: 0
CodeRate: 4/5
SNR: 13.0
RSSI: -88
Power: -
Payload(b64): Q1VTVE9NTUVTU0FHRVRFU1RGT1JHUklEQUNUSVZBVElPTg==
Payload(hex): 435553544f4d4d45535341474554455354464f524752494441435449564154494f4e
JSON: {""text"":""CUSTOMMESSAGETESTFORGRIDACTIVATION""}
MIC: 1ae38cfc",25-06-r1360.csv,,25-06-r1360,1360,,[1360],[1360],['R1360'],2026-06-25,2026-06-25 14:23:23+02:00,-88.0,13.0,06139e8c,24E124FFFEFE11C4,24E124C0002A0001,24E124445E318071,Class C,-,2301636156,UpUnc,false,false,false,1545,86,LORA,125,7,0,4/5,13.0,-88,-,Q1VTVE9NTUVTU0FHRVRFU1RGT1JHUklEQUNUSVZBVElPTg==,435553544f4d4d45535341474554455354464f524752494441435449564154494f4e,"{""text"":""CUSTOMMESSAGETESTFORGRIDACTIVATION""}",1ae38cfc,86.0,435553544f4d4d45535341474554455354464f524752494441435449564154494f4e,{'text': 'CUSTOMMESSAGETESTFORGRIDACTIVATION'},,CUSTOMMESSAGETESTFORGRIDACTIVATION,['R1360'],R1360,['R1360'],['2026-06-25_R1360_01'],['R1360'],True,2026-06-25,True,True,2026-06-25_R1360_01,2026-06-25,R1360,1,13,assigned_extra_tail,True,-32.0,True,7,83.816,9.5,2026-06-25 14:19:22+02:00,2026-06-25 14:19:22+02:00,,True,True,,37,68,31,0,1493,1560,0.5441176470588235,0.45588235294117646,0.45588235294117646,tail
24E124445E318071,24E124FFFEFE11C4,868100000,SF7BW125, -80/13.0,34,1547,UpUnc,2026-06-25 12:23:32+00:00,"Dev Addr/Multicast Addr: 06139e8c
GwEUI: 24E124FFFEFE11C4
AppEUI: 24E124C0002A0001
Device EUI/Group Name: 24E124445E318071
Class Type: Class C
Immediately: -
Timestamp: 2310439147
Type: UpUnc
Adr: false
AdrAcKReq: false
Ack: false
Fcnt: 1547
Port: 86
Modulation: LORA
Bandwidth: 125
SpreadFactor: 7
Bitrate: 0
CodeRate: 4/5
SNR: 13.0
RSSI: -80
Power: -
Payload(b64): Q1VTVE9NTUVTU0FHRVRFU1RGT1JHUklEQUNUSVZBVElPTg==
Payload(hex): 435553544f4d4d45535341474554455354464f524752494441435449564154494f4e
JSON: {""text"":""CUSTOMMESSAGETESTFORGRIDACTIVATION""}
MIC: bc8bf683",25-06-r1360.csv,,25-06-r1360,1360,,[1360],[1360],['R1360'],2026-06-25,2026-06-25 14:23:32+02:00,-80.0,13.0,06139e8c,24E124FFFEFE11C4,24E124C0002A0001,24E124445E318071,Class C,-,2310439147,UpUnc,false,false,false,1547,86,LORA,125,7,0,4/5,13.0,-80,-,Q1VTVE9NTUVTU0FHRVRFU1RGT1JHUklEQUNUSVZBVElPTg==,435553544f4d4d45535341474554455354464f524752494441435449564154494f4e,"{""text"":""CUSTOMMESSAGETESTFORGRIDACTIVATION""}",bc8bf683,86.0,435553544f4d4d45535341474554455354464f524752494441435449564154494f4e,{'text': 'CUSTOMMESSAGETESTFORGRIDACTIVATION'},,CUSTOMMESSAGETESTFORGRIDACTIVATION,['R1360'],R1360,['R1360'],['2026-06-25_R1360_01'],['R1360'],True,2026-06-25,True,True,2026-06-25_R1360_01,2026-06-25,R1360,1,13,assigned_extra_tail,True,-32.0,True,7,83.816,9.5,2026-06-25 14:19:22+02:00,2026-06-25 14:19:22+02:00,,True,True,,37,68,31,0,1493,1560,0.5441176470588235,0.45588235294117646,0.45588235294117646,tail
24E124445E318071,24E124FFFEFE11C4,868500000,SF7BW125, -75/11.8,34,1549,UpUnc,2026-06-25 12:23:41+00:00,"Dev Addr/Multicast Addr: 06139e8c
GwEUI: 24E124FFFEFE11C4
AppEUI: 24E124C0002A0001
Device EUI/Group Name: 24E124445E318071
Class Type: Class C
Immediately: -
Timestamp: 2318775153
Type: UpUnc
Adr: false
AdrAcKReq: false
Ack: false
Fcnt: 1549
Port: 86
Modulation: LORA
Bandwidth: 125
SpreadFactor: 7
Bitrate: 0
CodeRate: 4/5
SNR: 11.8
RSSI: -75
Power: -
Payload(b64): Q1VTVE9NTUVTU0FHRVRFU1RGT1JHUklEQUNUSVZBVElPTg==
Payload(hex): 435553544f4d4d45535341474554455354464f524752494441435449564154494f4e
JSON: {""text"":""CUSTOMMESSAGETESTFORGRIDACTIVATION""}
MIC: ad4dbfef",25-06-r1360.csv,,25-06-r1360,1360,,[1360],[1360],['R1360'],2026-06-25,2026-06-25 14:23:41+02:00,-75.0,11.8,06139e8c,24E124FFFEFE11C4,24E124C0002A0001,24E124445E318071,Class C,-,2318775153,UpUnc,false,false,false,1549,86,LORA,125,7,0,4/5,11.8,-75,-,Q1VTVE9NTUVTU0FHRVRFU1RGT1JHUklEQUNUSVZBVElPTg==,435553544f4d4d45535341474554455354464f524752494441435449564154494f4e,"{""text"":""CUSTOMMESSAGETESTFORGRIDACTIVATION""}",ad4dbfef,86.0,435553544f4d4d45535341474554455354464f524752494441435449564154494f4e,{'text': 'CUSTOMMESSAGETESTFORGRIDACTIVATION'},,CUSTOMMESSAGETESTFORGRIDACTIVATION,['R1360'],R1360,['R1360'],['2026-06-25_R1360_01'],['R1360'],True,2026-06-25,True,True,2026-06-25_R1360_01,2026-06-25,R1360,1,13,assigned_extra_tail,True,-32.0,True,7,83.816,9.5,2026-06-25 14:19:22+02:00,2026-06-25 14:19:22+02:00,,True,True,,37,68,31,0,1493,1560,0.5441176470588235,0.45588235294117646,0.45588235294117646,tail
24E124445E318071,24E124FFFEFE11C4,868300000,SF7BW125, -73/14.0,34,1550,UpUnc,2026-06-25 12:23:46+00:00,"Dev Addr/Multicast Addr: 06139e8c
GwEUI: 24E124FFFEFE11C4
AppEUI: 24E124C0002A0001
Device EUI/Group Name: 24E124445E318071
Class Type: Class C
Immediately: -
Timestamp: 2323844196
Type: UpUnc
Adr: false
AdrAcKReq: false
Ack: false
Fcnt: 1550
Port: 86
Modulation: LORA
Bandwidth: 125
SpreadFactor: 7
Bitrate: 0
CodeRate: 4/5
SNR: 14.0
RSSI: -73
Power: -
Payload(b64): Q1VTVE9NTUVTU0FHRVRFU1RGT1JHUklEQUNUSVZBVElPTg==
Payload(hex): 435553544f4d4d45535341474554455354464f524752494441435449564154494f4e
JSON: {""text"":""CUSTOMMESSAGETESTFORGRIDACTIVATION""}
MIC: 44ef527e",25-06-r1360.csv,,25-06-r1360,1360,,[1360],[1360],['R1360'],2026-06-25,2026-06-25 14:23:46+02:00,-73.0,14.0,06139e8c,24E124FFFEFE11C4,24E124C0002A0001,24E124445E318071,Class C,-,2323844196,UpUnc,false,false,false,1550,86,LORA,125,7,0,4/5,14.0,-73,-,Q1VTVE9NTUVTU0FHRVRFU1RGT1JHUklEQUNUSVZBVElPTg==,435553544f4d4d45535341474554455354464f524752494441435449564154494f4e,"{""text"":""CUSTOMMESSAGETESTFORGRIDACTIVATION""}",44ef527e,86.0,435553544f4d4d45535341474554455354464f524752494441435449564154494f4e,{'text': 'CUSTOMMESSAGETESTFORGRIDACTIVATION'},,CUSTOMMESSAGETESTFORGRIDACTIVATION,['R1360'],R1360,['R1360'],['2026-06-25_R1360_01'],['R1360'],True,2026-06-25,True,True,2026-06-25_R1360_01,2026-06-25,R1360,1,13,assigned_extra_tail,True,-32.0,True,7,83.816,9.5,2026-06-25 14:19:22+02:00,2026-06-25 14:19:22+02:00,,True,True,,37,68,31,0,1493,1560,0.5441176470588235,0.45588235294117646,0.45588235294117646,tail
24E124445E318071,24E124FFFEFE11C4,868300000,SF7BW125, -75/14.0,34,1552,UpUnc,2026-06-25 12:23:53+00:00,"Dev Addr/Multicast Addr: 06139e8c
GwEUI: 24E124FFFEFE11C4
AppEUI: 24E124C0002A0001
Device EUI/Group Name: 24E124445E318071
Class Type: Class C
Immediately: -
Timestamp: 2331699167
Type: UpUnc
Adr: false
AdrAcKReq: false
Ack: false
Fcnt: 1552
Port: 86
Modulation: LORA
Bandwidth: 125
SpreadFactor: 7
Bitrate: 0
CodeRate: 4/5
SNR: 14.0
RSSI: -75
Power: -
Payload(b64): Q1VTVE9NTUVTU0FHRVRFU1RGT1JHUklEQUNUSVZBVElPTg==
Payload(hex): 435553544f4d4d45535341474554455354464f524752494441435449564154494f4e
JSON: {""text"":""CUSTOMMESSAGETESTFORGRIDACTIVATION""}
MIC: a16324ac",25-06-r1360.csv,,25-06-r1360,1360,,[1360],[1360],['R1360'],2026-06-25,2026-06-25 14:23:53+02:00,-75.0,14.0,06139e8c,24E124FFFEFE11C4,24E124C0002A0001,24E124445E318071,Class C,-,2331699167,UpUnc,false,false,false,1552,86,LORA,125,7,0,4/5,14.0,-75,-,Q1VTVE9NTUVTU0FHRVRFU1RGT1JHUklEQUNUSVZBVElPTg==,435553544f4d4d45535341474554455354464f524752494441435449564154494f4e,"{""text"":""CUSTOMMESSAGETESTFORGRIDACTIVATION""}",a16324ac,86.0,435553544f4d4d45535341474554455354464f524752494441435449564154494f4e,{'text': 'CUSTOMMESSAGETESTFORGRIDACTIVATION'},,CUSTOMMESSAGETESTFORGRIDACTIVATION,['R1360'],R1360,['R1360'],['2026-06-25_R1360_01'],['R1360'],True,2026-06-25,True,True,2026-06-25_R1360_01,2026-06-25,R1360,1,13,assigned_extra_tail,True,-32.0,True,7,83.816,9.5,2026-06-25 14:19:22+02:00,2026-06-25 14:19:22+02:00,,True,True,,37,68,31,0,1493,1560,0.5441176470588235,0.45588235294117646,0.45588235294117646,tail
24E124445E318071,24E124FFFEFE11C4,868300000,SF7BW125, -78/13.5,34,1554,UpUnc,2026-06-25 12:24:01+00:00,"Dev Addr/Multicast Addr: 06139e8c
GwEUI: 24E124FFFEFE11C4
AppEUI: 24E124C0002A0001
Device EUI/Group Name: 24E124445E318071
Class Type: Class C
Immediately: -
Timestamp: 2339324110
Type: UpUnc
Adr: false
AdrAcKReq: false
Ack: false
Fcnt: 1554
Port: 86
Modulation: LORA
Bandwidth: 125
SpreadFactor: 7
Bitrate: 0
CodeRate: 4/5
SNR: 13.5
RSSI: -78
Power: -
Payload(b64): Q1VTVE9NTUVTU0FHRVRFU1RGT1JHUklEQUNUSVZBVElPTg==
Payload(hex): 435553544f4d4d45535341474554455354464f524752494441435449564154494f4e
JSON: {""text"":""CUSTOMMESSAGETESTFORGRIDACTIVATION""}
MIC: 455a8603",25-06-r1360.csv,,25-06-r1360,1360,,[1360],[1360],['R1360'],2026-06-25,2026-06-25 14:24:01+02:00,-78.0,13.5,06139e8c,24E124FFFEFE11C4,24E124C0002A0001,24E124445E318071,Class C,-,2339324110,UpUnc,false,false,false,1554,86,LORA,125,7,0,4/5,13.5,-78,-,Q1VTVE9NTUVTU0FHRVRFU1RGT1JHUklEQUNUSVZBVElPTg==,435553544f4d4d45535341474554455354464f524752494441435449564154494f4e,"{""text"":""CUSTOMMESSAGETESTFORGRIDACTIVATION""}",455a8603,86.0,435553544f4d4d45535341474554455354464f524752494441435449564154494f4e,{'text': 'CUSTOMMESSAGETESTFORGRIDACTIVATION'},,CUSTOMMESSAGETESTFORGRIDACTIVATION,['R1360'],R1360,['R1360'],['2026-06-25_R1360_01'],['R1360'],True,2026-06-25,True,True,2026-06-25_R1360_01,2026-06-25,R1360,1,13,assigned_extra_tail,True,-32.0,True,7,83.816,9.5,2026-06-25 14:19:22+02:00,2026-06-25 14:19:22+02:00,,True,True,,37,68,31,0,1493,1560,0.5441176470588235,0.45588235294117646,0.45588235294117646,tail
24E124445E318071,24E124FFFEFE11C4,868300000,SF7BW125, -64/14.5,34,1556,UpUnc,2026-06-25 12:24:10+00:00,"Dev Addr/Multicast Addr: 06139e8c
GwEUI: 24E124FFFEFE11C4
AppEUI: 24E124C0002A0001
Device EUI/Group Name: 24E124445E318071
Class Type: Class C
Immediately: -
Timestamp: 2348562177
Type: UpUnc
Adr: false
AdrAcKReq: false
Ack: false
Fcnt: 1556
Port: 86
Modulation: LORA
Bandwidth: 125
SpreadFactor: 7
Bitrate: 0
CodeRate: 4/5
SNR: 14.5
RSSI: -64
Power: -
Payload(b64): Q1VTVE9NTUVTU0FHRVRFU1RGT1JHUklEQUNUSVZBVElPTg==
Payload(hex): 435553544f4d4d45535341474554455354464f524752494441435449564154494f4e
JSON: {""text"":""CUSTOMMESSAGETESTFORGRIDACTIVATION""}
MIC: 1572c3e6",25-06-r1360.csv,,25-06-r1360,1360,,[1360],[1360],['R1360'],2026-06-25,2026-06-25 14:24:10+02:00,-64.0,14.5,06139e8c,24E124FFFEFE11C4,24E124C0002A0001,24E124445E318071,Class C,-,2348562177,UpUnc,false,false,false,1556,86,LORA,125,7,0,4/5,14.5,-64,-,Q1VTVE9NTUVTU0FHRVRFU1RGT1JHUklEQUNUSVZBVElPTg==,435553544f4d4d45535341474554455354464f524752494441435449564154494f4e,"{""text"":""CUSTOMMESSAGETESTFORGRIDACTIVATION""}",1572c3e6,86.0,435553544f4d4d45535341474554455354464f524752494441435449564154494f4e,{'text': 'CUSTOMMESSAGETESTFORGRIDACTIVATION'},,CUSTOMMESSAGETESTFORGRIDACTIVATION,['R1360'],R1360,['R1360'],['2026-06-25_R1360_01'],['R1360'],True,2026-06-25,True,True,2026-06-25_R1360_01,2026-06-25,R1360,1,13,assigned_extra_tail,True,-32.0,True,7,83.816,9.5,2026-06-25 14:19:22+02:00,2026-06-25 14:19:22+02:00,,True,True,,37,68,31,0,1493,1560,0.5441176470588235,0.45588235294117646,0.45588235294117646,tail
24E124445E318071,24E124FFFEFE11C4,868500000,SF7BW125, -65/8.8,34,1558,UpUnc,2026-06-25 12:24:21+00:00,"Dev Addr/Multicast Addr: 06139e8c
GwEUI: 24E124FFFEFE11C4
AppEUI: 24E124C0002A0001
Device EUI/Group Name: 24E124445E318071
Class Type: Class C
Immediately: -
Timestamp: 2359709165
Type: UpUnc
Adr: false
AdrAcKReq: false
Ack: false
Fcnt: 1558
Port: 86
Modulation: LORA
Bandwidth: 125
SpreadFactor: 7
Bitrate: 0
CodeRate: 4/5
SNR: 8.8
RSSI: -65
Power: -
Payload(b64): Q1VTVE9NTUVTU0FHRVRFU1RGT1JHUklEQUNUSVZBVElPTg==
Payload(hex): 435553544f4d4d45535341474554455354464f524752494441435449564154494f4e
JSON: {""text"":""CUSTOMMESSAGETESTFORGRIDACTIVATION""}
MIC: 54b2b83e",25-06-r1360.csv,,25-06-r1360,1360,,[1360],[1360],['R1360'],2026-06-25,2026-06-25 14:24:21+02:00,-65.0,8.8,06139e8c,24E124FFFEFE11C4,24E124C0002A0001,24E124445E318071,Class C,-,2359709165,UpUnc,false,false,false,1558,86,LORA,125,7,0,4/5,8.8,-65,-,Q1VTVE9NTUVTU0FHRVRFU1RGT1JHUklEQUNUSVZBVElPTg==,435553544f4d4d45535341474554455354464f524752494441435449564154494f4e,"{""text"":""CUSTOMMESSAGETESTFORGRIDACTIVATION""}",54b2b83e,86.0,435553544f4d4d45535341474554455354464f524752494441435449564154494f4e,{'text': 'CUSTOMMESSAGETESTFORGRIDACTIVATION'},,CUSTOMMESSAGETESTFORGRIDACTIVATION,['R1360'],R1360,['R1360'],['2026-06-25_R1360_01'],['R1360'],True,2026-06-25,True,True,2026-06-25_R1360_01,2026-06-25,R1360,1,13,assigned_extra_tail,True,-32.0,True,7,83.816,9.5,2026-06-25 14:19:22+02:00,2026-06-25 14:19:22+02:00,,True,True,,37,68,31,0,1493,1560,0.5441176470588235,0.45588235294117646,0.45588235294117646,tail
24E124445E318071,24E124FFFEFE11C4,868300000,SF7BW125, -67/13.5,34,1559,UpUnc,2026-06-25 12:24:28+00:00,"Dev Addr/Multicast Addr: 06139e8c
GwEUI: 24E124FFFEFE11C4
AppEUI: 24E124C0002A0001
Device EUI/Group Name: 24E124445E318071
Class Type: Class C
Immediately: -
Timestamp: 2365771177
Type: UpUnc
Adr: false
AdrAcKReq: false
Ack: false
Fcnt: 1559
Port: 86
Modulation: LORA
Bandwidth: 125
SpreadFactor: 7
Bitrate: 0
CodeRate: 4/5
SNR: 13.5
RSSI: -67
Power: -
Payload(b64): Q1VTVE9NTUVTU0FHRVRFU1RGT1JHUklEQUNUSVZBVElPTg==
Payload(hex): 435553544f4d4d45535341474554455354464f524752494441435449564154494f4e
JSON: {""text"":""CUSTOMMESSAGETESTFORGRIDACTIVATION""}
MIC: 27db0e76",25-06-r1360.csv,,25-06-r1360,1360,,[1360],[1360],['R1360'],2026-06-25,2026-06-25 14:24:28+02:00,-67.0,13.5,06139e8c,24E124FFFEFE11C4,24E124C0002A0001,24E124445E318071,Class C,-,2365771177,UpUnc,false,false,false,1559,86,LORA,125,7,0,4/5,13.5,-67,-,Q1VTVE9NTUVTU0FHRVRFU1RGT1JHUklEQUNUSVZBVElPTg==,435553544f4d4d45535341474554455354464f524752494441435449564154494f4e,"{""text"":""CUSTOMMESSAGETESTFORGRIDACTIVATION""}",27db0e76,86.0,435553544f4d4d45535341474554455354464f524752494441435449564154494f4e,{'text': 'CUSTOMMESSAGETESTFORGRIDACTIVATION'},,CUSTOMMESSAGETESTFORGRIDACTIVATION,['R1360'],R1360,['R1360'],['2026-06-25_R1360_01'],['R1360'],True,2026-06-25,True,True,2026-06-25_R1360_01,2026-06-25,R1360,1,13,assigned_extra_tail,True,-32.0,True,7,83.816,9.5,2026-06-25 14:19:22+02:00,2026-06-25 14:19:22+02:00,,True,True,,37,68,31,0,1493,1560,0.5441176470588235,0.45588235294117646,0.45588235294117646,tail
24E124445E318071,24E124FFFEFE11C4,868100000,SF7BW125, -82/13.0,34,1560,UpUnc,2026-06-25 12:24:32+00:00,"Dev Addr/Multicast Addr: 06139e8c
GwEUI: 24E124FFFEFE11C4
AppEUI: 24E124C0002A0001
Device EUI/Group Name: 24E124445E318071
Class Type: Class C
Immediately: -
Timestamp: 2370144197
Type: UpUnc
Adr: false
AdrAcKReq: false
Ack: false
Fcnt: 1560
Port: 86
Modulation: LORA
Bandwidth: 125
SpreadFactor: 7
Bitrate: 0
CodeRate: 4/5
SNR: 13.0
RSSI: -82
Power: -
Payload(b64): Q1VTVE9NTUVTU0FHRVRFU1RGT1JHUklEQUNUSVZBVElPTg==
Payload(hex): 435553544f4d4d45535341474554455354464f524752494441435449564154494f4e
JSON: {""text"":""CUSTOMMESSAGETESTFORGRIDACTIVATION""}
MIC: ac0d77c8",25-06-r1360.csv,,25-06-r1360,1360,,[1360],[1360],['R1360'],2026-06-25,2026-06-25 14:24:32+02:00,-82.0,13.0,06139e8c,24E124FFFEFE11C4,24E124C0002A0001,24E124445E318071,Class C,-,2370144197,UpUnc,false,false,false,1560,86,LORA,125,7,0,4/5,13.0,-82,-,Q1VTVE9NTUVTU0FHRVRFU1RGT1JHUklEQUNUSVZBVElPTg==,435553544f4d4d45535341474554455354464f524752494441435449564154494f4e,"{""text"":""CUSTOMMESSAGETESTFORGRIDACTIVATION""}",ac0d77c8,86.0,435553544f4d4d45535341474554455354464f524752494441435449564154494f4e,{'text': 'CUSTOMMESSAGETESTFORGRIDACTIVATION'},,CUSTOMMESSAGETESTFORGRIDACTIVATION,['R1360'],R1360,['R1360'],['2026-06-25_R1360_01'],['R1360'],True,2026-06-25,True,True,2026-06-25_R1360_01,2026-06-25,R1360,1,13,assigned_extra_tail,True,-32.0,True,7,83.816,9.5,2026-06-25 14:19:22+02:00,2026-06-25 14:19:22+02:00,,True,True,,37,68,31,0,1493,1560,0.5441176470588235,0.45588235294117646,0.45588235294117646,tail
24E124445E318071,24E124FFFEFE11C4,868500000,SF7BW125, -85/9.2,34,202,UpCnf,2026-06-29 10:23:13+00:00,"Dev Addr/Multicast Addr: 0770d40a
GwEUI: 24E124FFFEFE11C4
AppEUI: 24E124C0002A0001
Device EUI/Group Name: 24E124445E318071
Class Type: Class C
Immediately: -
Timestamp: 4066325654
Type: UpCnf
Adr: false
AdrAcKReq: false
Ack: false
Fcnt: 202
Port: 86
Modulation: LORA
Bandwidth: 125
SpreadFactor: 7
Bitrate: 0
CodeRate: 4/5
SNR: 9.2
RSSI: -85
Power: -
Payload(b64): Q1VTVE9NTUVTU0FHRVRFU1RGT1JHUklEQUNUSVZBVElPTg==
Payload(hex): 435553544f4d4d45535341474554455354464f524752494441435449564154494f4e
JSON: {""text"":""CUSTOMMESSAGETESTFORGRIDACTIVATION""}
MIC: dfadf78b",29-06-1348.csv,,29-06-1348,1348,,[1348],[1348],['R1348'],2026-06-29,2026-06-29 12:23:13+02:00,-85.0,9.2,0770d40a,24E124FFFEFE11C4,24E124C0002A0001,24E124445E318071,Class C,-,4066325654,UpCnf,false,false,false,202,86,LORA,125,7,0,4/5,9.2,-85,-,Q1VTVE9NTUVTU0FHRVRFU1RGT1JHUklEQUNUSVZBVElPTg==,435553544f4d4d45535341474554455354464f524752494441435449564154494f4e,"{""text"":""CUSTOMMESSAGETESTFORGRIDACTIVATION""}",dfadf78b,86.0,435553544f4d4d45535341474554455354464f524752494441435449564154494f4e,{'text': 'CUSTOMMESSAGETESTFORGRIDACTIVATION'},,CUSTOMMESSAGETESTFORGRIDACTIVATION,['R1348'],R1348,['R1348'],['2026-06-29_R1348_01'],['R1348'],True,2026-06-29,True,True,2026-06-29_R1348_01,2026-06-29,R1348,1,13,assigned_extra_tail,True,0.0,True,7,83.816,-3.700000000000001,2026-06-29 12:23:13+02:00,2026-06-29 12:23:13+02:00,,True,True,,17,40,23,0,202,241,0.425,0.575,0.575,tail
24E124445E318071,24E124FFFEFE11C4,868100000,SF7BW125, -87/13.8,34,205,UpCnf,2026-06-29 10:23:19+00:00,"Dev Addr/Multicast Addr: 0770d40a
GwEUI: 24E124FFFEFE11C4
AppEUI: 24E124C0002A0001
Device EUI/Group Name: 24E124445E318071
Class Type: Class C
Immediately: -
Timestamp: 4072412731
Type: UpCnf
Adr: false
AdrAcKReq: false
Ack: false
Fcnt: 205
Port: 86
Modulation: LORA
Bandwidth: 125
SpreadFactor: 7
Bitrate: 0
CodeRate: 4/5
SNR: 13.8
RSSI: -87
Power: -
Payload(b64): Q1VTVE9NTUVTU0FHRVRFU1RGT1JHUklEQUNUSVZBVElPTg==
Payload(hex): 435553544f4d4d45535341474554455354464f524752494441435449564154494f4e
JSON: {""text"":""CUSTOMMESSAGETESTFORGRIDACTIVATION""}
MIC: 8a14a7fa",29-06-1348.csv,,29-06-1348,1348,,[1348],[1348],['R1348'],2026-06-29,2026-06-29 12:23:19+02:00,-87.0,13.8,0770d40a,24E124FFFEFE11C4,24E124C0002A0001,24E124445E318071,Class C,-,4072412731,UpCnf,false,false,false,205,86,LORA,125,7,0,4/5,13.8,-87,-,Q1VTVE9NTUVTU0FHRVRFU1RGT1JHUklEQUNUSVZBVElPTg==,435553544f4d4d45535341474554455354464f524752494441435449564154494f4e,"{""text"":""CUSTOMMESSAGETESTFORGRIDACTIVATION""}",8a14a7fa,86.0,435553544f4d4d45535341474554455354464f524752494441435449564154494f4e,{'text': 'CUSTOMMESSAGETESTFORGRIDACTIVATION'},,CUSTOMMESSAGETESTFORGRIDACTIVATION,['R1348'],R1348,['R1348'],['2026-06-29_R1348_01'],['R1348'],True,2026-06-29,True,True,2026-06-29_R1348_01,2026-06-29,R1348,1,13,assigned_extra_tail,True,0.0,True,7,83.816,-3.700000000000001,2026-06-29 12:23:13+02:00,2026-06-29 12:23:13+02:00,,True,True,,17,40,23,0,202,241,0.425,0.575,0.575,tail
24E124445E318071,24E124FFFEFE11C4,868100000,SF7BW125, -87/13.5,34,208,UpCnf,2026-06-29 10:23:24+00:00,"Dev Addr/Multicast Addr: 0770d40a
GwEUI: 24E124FFFEFE11C4
AppEUI: 24E124C0002A0001
Device EUI/Group Name: 24E124445E318071
Class Type: Class C
Immediately: -
Timestamp: 4077640704
Type: UpCnf
Adr: false
AdrAcKReq: false
Ack: false
Fcnt: 208
Port: 86
Modulation: LORA
Bandwidth: 125
SpreadFactor: 7
Bitrate: 0
CodeRate: 4/5
SNR: 13.5
RSSI: -87
Power: -
Payload(b64): Q1VTVE9NTUVTU0FHRVRFU1RGT1JHUklEQUNUSVZBVElPTg==
Payload(hex): 435553544f4d4d45535341474554455354464f524752494441435449564154494f4e
JSON: {""text"":""CUSTOMMESSAGETESTFORGRIDACTIVATION""}
MIC: b3bc1f16",29-06-1348.csv,,29-06-1348,1348,,[1348],[1348],['R1348'],2026-06-29,2026-06-29 12:23:24+02:00,-87.0,13.5,0770d40a,24E124FFFEFE11C4,24E124C0002A0001,24E124445E318071,Class C,-,4077640704,UpCnf,false,false,false,208,86,LORA,125,7,0,4/5,13.5,-87,-,Q1VTVE9NTUVTU0FHRVRFU1RGT1JHUklEQUNUSVZBVElPTg==,435553544f4d4d45535341474554455354464f524752494441435449564154494f4e,"{""text"":""CUSTOMMESSAGETESTFORGRIDACTIVATION""}",b3bc1f16,86.0,435553544f4d4d45535341474554455354464f524752494441435449564154494f4e,{'text': 'CUSTOMMESSAGETESTFORGRIDACTIVATION'},,CUSTOMMESSAGETESTFORGRIDACTIVATION,['R1348'],R1348,['R1348'],['2026-06-29_R1348_01'],['R1348'],True,2026-06-29,True,True,2026-06-29_R1348_01,2026-06-29,R1348,1,13,assigned_extra_tail,True,0.0,True,7,83.816,-3.700000000000001,2026-06-29 12:23:13+02:00,2026-06-29 12:23:13+02:00,,True,True,,17,40,23,0,202,241,0.425,0.575,0.575,tail
24E124445E318071,24E124FFFEFE11C4,868500000,SF7BW125, -86/11.0,34,211,UpCnf,2026-06-29 10:23:34+00:00,"Dev Addr/Multicast Addr: 0770d40a
GwEUI: 24E124FFFEFE11C4
AppEUI: 24E124C0002A0001
Device EUI/Group Name: 24E124445E318071
Class Type: Class C
Immediately: -
Timestamp: 4087292668
Type: UpCnf
Adr: false
AdrAcKReq: false
Ack: false
Fcnt: 211
Port: 86
Modulation: LORA
Bandwidth: 125
SpreadFactor: 7
Bitrate: 0
CodeRate: 4/5
SNR: 11.0
RSSI: -86
Power: -
Payload(b64): Q1VTVE9NTUVTU0FHRVRFU1RGT1JHUklEQUNUSVZBVElPTg==
Payload(hex): 435553544f4d4d45535341474554455354464f524752494441435449564154494f4e
JSON: {""text"":""CUSTOMMESSAGETESTFORGRIDACTIVATION""}
MIC: e3cf0802",29-06-1348.csv,,29-06-1348,1348,,[1348],[1348],['R1348'],2026-06-29,2026-06-29 12:23:34+02:00,-86.0,11.0,0770d40a,24E124FFFEFE11C4,24E124C0002A0001,24E124445E318071,Class C,-,4087292668,UpCnf,false,false,false,211,86,LORA,125,7,0,4/5,11.0,-86,-,Q1VTVE9NTUVTU0FHRVRFU1RGT1JHUklEQUNUSVZBVElPTg==,435553544f4d4d45535341474554455354464f524752494441435449564154494f4e,"{""text"":""CUSTOMMESSAGETESTFORGRIDACTIVATION""}",e3cf0802,86.0,435553544f4d4d45535341474554455354464f524752494441435449564154494f4e,{'text': 'CUSTOMMESSAGETESTFORGRIDACTIVATION'},,CUSTOMMESSAGETESTFORGRIDACTIVATION,['R1348'],R1348,['R1348'],['2026-06-29_R1348_01'],['R1348'],True,2026-06-29,True,True,2026-06-29_R1348_01,2026-06-29,R1348,1,13,assigned_extra_tail,True,0.0,True,7,83.816,-3.700000000000001,2026-06-29 12:23:13+02:00,2026-06-29 12:23:13+02:00,,True,True,,17,40,23,0,202,241,0.425,0.575,0.575,tail
24E124445E318071,24E124FFFEFE11C4,868100000,SF7BW125, -87/13.5,34,214,UpCnf,2026-06-29 10:23:39+00:00,"Dev Addr/Multicast Addr: 0770d40a
GwEUI: 24E124FFFEFE11C4
AppEUI: 24E124C0002A0001
Device EUI/Group Name: 24E124445E318071
Class Type: Class C
Immediately: -
Timestamp: 4092216673
Type: UpCnf
Adr: false
AdrAcKReq: false
Ack: false
Fcnt: 214
Port: 86
Modulation: LORA
Bandwidth: 125
SpreadFactor: 7
Bitrate: 0
CodeRate: 4/5
SNR: 13.5
RSSI: -87
Power: -
Payload(b64): Q1VTVE9NTUVTU0FHRVRFU1RGT1JHUklEQUNUSVZBVElPTg==
Payload(hex): 435553544f4d4d45535341474554455354464f524752494441435449564154494f4e
JSON: {""text"":""CUSTOMMESSAGETESTFORGRIDACTIVATION""}
MIC: 2d54fe43",29-06-1348.csv,,29-06-1348,1348,,[1348],[1348],['R1348'],2026-06-29,2026-06-29 12:23:39+02:00,-87.0,13.5,0770d40a,24E124FFFEFE11C4,24E124C0002A0001,24E124445E318071,Class C,-,4092216673,UpCnf,false,false,false,214,86,LORA,125,7,0,4/5,13.5,-87,-,Q1VTVE9NTUVTU0FHRVRFU1RGT1JHUklEQUNUSVZBVElPTg==,435553544f4d4d45535341474554455354464f524752494441435449564154494f4e,"{""text"":""CUSTOMMESSAGETESTFORGRIDACTIVATION""}",2d54fe43,86.0,435553544f4d4d45535341474554455354464f524752494441435449564154494f4e,{'text': 'CUSTOMMESSAGETESTFORGRIDACTIVATION'},,CUSTOMMESSAGETESTFORGRIDACTIVATION,['R1348'],R1348,['R1348'],['2026-06-29_R1348_01'],['R1348'],True,2026-06-29,True,True,2026-06-29_R1348_01,2026-06-29,R1348,1,13,assigned_extra_tail,True,0.0,True,7,83.816,-3.700000000000001,2026-06-29 12:23:13+02:00,2026-06-29 12:23:13+02:00,,True,True,,17,40,23,0,202,241,0.425,0.575,0.575,tail
24E124445E318071,24E124FFFEFE11C4,868300000,SF7BW125, -85/13.0,34,217,UpCnf,2026-06-29 10:23:44+00:00,"Dev Addr/Multicast Addr: 0770d40a
GwEUI: 24E124FFFEFE11C4
AppEUI: 24E124C0002A0001
Device EUI/Group Name: 24E124445E318071
Class Type: Class C
Immediately: -
Timestamp: 4097406675
Type: UpCnf
Adr: false
AdrAcKReq: false
Ack: false
Fcnt: 217
Port: 86
Modulation: LORA
Bandwidth: 125
SpreadFactor: 7
Bitrate: 0
CodeRate: 4/5
SNR: 13.0
RSSI: -85
Power: -
Payload(b64): Q1VTVE9NTUVTU0FHRVRFU1RGT1JHUklEQUNUSVZBVElPTg==
Payload(hex): 435553544f4d4d45535341474554455354464f524752494441435449564154494f4e
JSON: {""text"":""CUSTOMMESSAGETESTFORGRIDACTIVATION""}
MIC: b7a21c08",29-06-1348.csv,,29-06-1348,1348,,[1348],[1348],['R1348'],2026-06-29,2026-06-29 12:23:44+02:00,-85.0,13.0,0770d40a,24E124FFFEFE11C4,24E124C0002A0001,24E124445E318071,Class C,-,4097406675,UpCnf,false,false,false,217,86,LORA,125,7,0,4/5,13.0,-85,-,Q1VTVE9NTUVTU0FHRVRFU1RGT1JHUklEQUNUSVZBVElPTg==,435553544f4d4d45535341474554455354464f524752494441435449564154494f4e,"{""text"":""CUSTOMMESSAGETESTFORGRIDACTIVATION""}",b7a21c08,86.0,435553544f4d4d45535341474554455354464f524752494441435449564154494f4e,{'text': 'CUSTOMMESSAGETESTFORGRIDACTIVATION'},,CUSTOMMESSAGETESTFORGRIDACTIVATION,['R1348'],R1348,['R1348'],['2026-06-29_R1348_01'],['R1348'],True,2026-06-29,True,True,2026-06-29_R1348_01,2026-06-29,R1348,1,13,assigned_extra_tail,True,0.0,True,7,83.816,-3.700000000000001,2026-06-29 12:23:13+02:00,2026-06-29 12:23:13+02:00,,True,True,,17,40,23,0,202,241,0.425,0.575,0.575,tail
24E124445E318071,24E124FFFEFE11C4,868500000,SF7BW125, -85/9.8,34,220,UpCnf,2026-06-29 10:23:50+00:00,"Dev Addr/Multicast Addr: 0770d40a
GwEUI: 24E124FFFEFE11C4
AppEUI: 24E124C0002A0001
Device EUI/Group Name: 24E124445E318071
Class Type: Class C
Immediately: -
Timestamp: 4103129617
Type: UpCnf
Adr: false
AdrAcKReq: false
Ack: false
Fcnt: 220
Port: 86
Modulation: LORA
Bandwidth: 125
SpreadFactor: 7
Bitrate: 0
CodeRate: 4/5
SNR: 9.8
RSSI: -85
Power: -
Payload(b64): Q1VTVE9NTUVTU0FHRVRFU1RGT1JHUklEQUNUSVZBVElPTg==
Payload(hex): 435553544f4d4d45535341474554455354464f524752494441435449564154494f4e
JSON: {""text"":""CUSTOMMESSAGETESTFORGRIDACTIVATION""}
MIC: e95c5353",29-06-1348.csv,,29-06-1348,1348,,[1348],[1348],['R1348'],2026-06-29,2026-06-29 12:23:50+02:00,-85.0,9.8,0770d40a,24E124FFFEFE11C4,24E124C0002A0001,24E124445E318071,Class C,-,4103129617,UpCnf,false,false,false,220,86,LORA,125,7,0,4/5,9.8,-85,-,Q1VTVE9NTUVTU0FHRVRFU1RGT1JHUklEQUNUSVZBVElPTg==,435553544f4d4d45535341474554455354464f524752494441435449564154494f4e,"{""text"":""CUSTOMMESSAGETESTFORGRIDACTIVATION""}",e95c5353,86.0,435553544f4d4d45535341474554455354464f524752494441435449564154494f4e,{'text': 'CUSTOMMESSAGETESTFORGRIDACTIVATION'},,CUSTOMMESSAGETESTFORGRIDACTIVATION,['R1348'],R1348,['R1348'],['2026-06-29_R1348_01'],['R1348'],True,2026-06-29,True,True,2026-06-29_R1348_01,2026-06-29,R1348,1,13,assigned_extra_tail,True,0.0,True,7,83.816,-3.700000000000001,2026-06-29 12:23:13+02:00,2026-06-29 12:23:13+02:00,,True,True,,17,40,23,0,202,241,0.425,0.575,0.575,tail
24E124445E318071,24E124FFFEFE11C4,868300000,SF7BW125, -86/13.2,34,221,UpCnf,2026-06-29 10:23:51+00:00,"Dev Addr/Multicast Addr: 0770d40a
GwEUI: 24E124FFFEFE11C4
AppEUI: 24E124C0002A0001
Device EUI/Group Name: 24E124445E318071
Class Type: Class C
Immediately: -
Timestamp: 4104554644
Type: UpCnf
Adr: false
AdrAcKReq: false
Ack: false
Fcnt: 221
Port: 86
Modulation: LORA
Bandwidth: 125
SpreadFactor: 7
Bitrate: 0
CodeRate: 4/5
SNR: 13.2
RSSI: -86
Power: -
Payload(b64): Q1VTVE9NTUVTU0FHRVRFU1RGT1JHUklEQUNUSVZBVElPTg==
Payload(hex): 435553544f4d4d45535341474554455354464f524752494441435449564154494f4e
JSON: {""text"":""CUSTOMMESSAGETESTFORGRIDACTIVATION""}
MIC: 8427b38f",29-06-1348.csv,,29-06-1348,1348,,[1348],[1348],['R1348'],2026-06-29,2026-06-29 12:23:51+02:00,-86.0,13.2,0770d40a,24E124FFFEFE11C4,24E124C0002A0001,24E124445E318071,Class C,-,4104554644,UpCnf,false,false,false,221,86,LORA,125,7,0,4/5,13.2,-86,-,Q1VTVE9NTUVTU0FHRVRFU1RGT1JHUklEQUNUSVZBVElPTg==,435553544f4d4d45535341474554455354464f524752494441435449564154494f4e,"{""text"":""CUSTOMMESSAGETESTFORGRIDACTIVATION""}",8427b38f,86.0,435553544f4d4d45535341474554455354464f524752494441435449564154494f4e,{'text': 'CUSTOMMESSAGETESTFORGRIDACTIVATION'},,CUSTOMMESSAGETESTFORGRIDACTIVATION,['R1348'],R1348,['R1348'],['2026-06-29_R1348_01'],['R1348'],True,2026-06-29,True,True,2026-06-29_R1348_01,2026-06-29,R1348,1,13,assigned_extra_tail,True,0.0,True,7,83.816,-3.700000000000001,2026-06-29 12:23:13+02:00,2026-06-29 12:23:13+02:00,,True,True,,17,40,23,0,202,241,0.425,0.575,0.575,tail
24E124445E318071,24E124FFFEFE11C4,868500000,SF7BW125, -86/11.0,34,223,UpCnf,2026-06-29 10:23:54+00:00,"Dev Addr/Multicast Addr: 0770d40a
GwEUI: 24E124FFFEFE11C4
AppEUI: 24E124C0002A0001
Device EUI/Group Name: 24E124445E318071
Class Type: Class C
Immediately: -
Timestamp: 4107683639
Type: UpCnf
Adr: false
AdrAcKReq: false
Ack: false
Fcnt: 223
Port: 86
Modulation: LORA
Bandwidth: 125
SpreadFactor: 7
Bitrate: 0
CodeRate: 4/5
SNR: 11.0
RSSI: -86
Power: -
Payload(b64): Q1VTVE9NTUVTU0FHRVRFU1RGT1JHUklEQUNUSVZBVElPTg==
Payload(hex): 435553544f4d4d45535341474554455354464f524752494441435449564154494f4e
JSON: {""text"":""CUSTOMMESSAGETESTFORGRIDACTIVATION""}
MIC: d87d37e1",29-06-1348.csv,,29-06-1348,1348,,[1348],[1348],['R1348'],2026-06-29,2026-06-29 12:23:54+02:00,-86.0,11.0,0770d40a,24E124FFFEFE11C4,24E124C0002A0001,24E124445E318071,Class C,-,4107683639,UpCnf,false,false,false,223,86,LORA,125,7,0,4/5,11.0,-86,-,Q1VTVE9NTUVTU0FHRVRFU1RGT1JHUklEQUNUSVZBVElPTg==,435553544f4d4d45535341474554455354464f524752494441435449564154494f4e,"{""text"":""CUSTOMMESSAGETESTFORGRIDACTIVATION""}",d87d37e1,86.0,435553544f4d4d45535341474554455354464f524752494441435449564154494f4e,{'text': 'CUSTOMMESSAGETESTFORGRIDACTIVATION'},,CUSTOMMESSAGETESTFORGRIDACTIVATION,['R1348'],R1348,['R1348'],['2026-06-29_R1348_01'],['R1348'],True,2026-06-29,True,True,2026-06-29_R1348_01,2026-06-29,R1348,1,13,assigned_extra_tail,True,0.0,True,7,83.816,-3.700000000000001,2026-06-29 12:23:13+02:00,2026-06-29 12:23:13+02:00,,True,True,,17,40,23,0,202,241,0.425,0.575,0.575,tail
24E124445E318071,24E124FFFEFE11C4,868100000,SF7BW125, -87/13.5,34,225,UpCnf,2026-06-29 10:23:58+00:00,"Dev Addr/Multicast Addr: 0770d40a
GwEUI: 24E124FFFEFE11C4
AppEUI: 24E124C0002A0001
Device EUI/Group Name: 24E124445E318071
Class Type: Class C
Immediately: -
Timestamp: 4111937582
Type: UpCnf
Adr: false
AdrAcKReq: false
Ack: false
Fcnt: 225
Port: 86
Modulation: LORA
Bandwidth: 125
SpreadFactor: 7
Bitrate: 0
CodeRate: 4/5
SNR: 13.5
RSSI: -87
Power: -
Payload(b64): Q1VTVE9NTUVTU0FHRVRFU1RGT1JHUklEQUNUSVZBVElPTg==
Payload(hex): 435553544f4d4d45535341474554455354464f524752494441435449564154494f4e
JSON: {""text"":""CUSTOMMESSAGETESTFORGRIDACTIVATION""}
MIC: 3e63c022",29-06-1348.csv,,29-06-1348,1348,,[1348],[1348],['R1348'],2026-06-29,2026-06-29 12:23:58+02:00,-87.0,13.5,0770d40a,24E124FFFEFE11C4,24E124C0002A0001,24E124445E318071,Class C,-,4111937582,UpCnf,false,false,false,225,86,LORA,125,7,0,4/5,13.5,-87,-,Q1VTVE9NTUVTU0FHRVRFU1RGT1JHUklEQUNUSVZBVElPTg==,435553544f4d4d45535341474554455354464f524752494441435449564154494f4e,"{""text"":""CUSTOMMESSAGETESTFORGRIDACTIVATION""}",3e63c022,86.0,435553544f4d4d45535341474554455354464f524752494441435449564154494f4e,{'text': 'CUSTOMMESSAGETESTFORGRIDACTIVATION'},,CUSTOMMESSAGETESTFORGRIDACTIVATION,['R1348'],R1348,['R1348'],['2026-06-29_R1348_01'],['R1348'],True,2026-06-29,True,True,2026-06-29_R1348_01,2026-06-29,R1348,1,13,assigned_extra_tail,True,0.0,True,7,83.816,-3.700000000000001,2026-06-29 12:23:13+02:00,2026-06-29 12:23:13+02:00,,True,True,,17,40,23,0,202,241,0.425,0.575,0.575,tail
24E124445E318071,24E124FFFEFE11C4,868500000,SF7BW125, -86/10.5,34,228,UpCnf,2026-06-29 10:24:03+00:00,"Dev Addr/Multicast Addr: 0770d40a
GwEUI: 24E124FFFEFE11C4
AppEUI: 24E124C0002A0001
Device EUI/Group Name: 24E124445E318071
Class Type: Class C
Immediately: -
Timestamp: 4116427621
Type: UpCnf
Adr: false
AdrAcKReq: false
Ack: false
Fcnt: 228
Port: 86
Modulation: LORA
Bandwidth: 125
SpreadFactor: 7
Bitrate: 0
CodeRate: 4/5
SNR: 10.5
RSSI: -86
Power: -
Payload(b64): Q1VTVE9NTUVTU0FHRVRFU1RGT1JHUklEQUNUSVZBVElPTg==
Payload(hex): 435553544f4d4d45535341474554455354464f524752494441435449564154494f4e
JSON: {""text"":""CUSTOMMESSAGETESTFORGRIDACTIVATION""}
MIC: c37ca04e",29-06-1348.csv,,29-06-1348,1348,,[1348],[1348],['R1348'],2026-06-29,2026-06-29 12:24:03+02:00,-86.0,10.5,0770d40a,24E124FFFEFE11C4,24E124C0002A0001,24E124445E318071,Class C,-,4116427621,UpCnf,false,false,false,228,86,LORA,125,7,0,4/5,10.5,-86,-,Q1VTVE9NTUVTU0FHRVRFU1RGT1JHUklEQUNUSVZBVElPTg==,435553544f4d4d45535341474554455354464f524752494441435449564154494f4e,"{""text"":""CUSTOMMESSAGETESTFORGRIDACTIVATION""}",c37ca04e,86.0,435553544f4d4d45535341474554455354464f524752494441435449564154494f4e,{'text': 'CUSTOMMESSAGETESTFORGRIDACTIVATION'},,CUSTOMMESSAGETESTFORGRIDACTIVATION,['R1348'],R1348,['R1348'],['2026-06-29_R1348_01'],['R1348'],True,2026-06-29,True,True,2026-06-29_R1348_01,2026-06-29,R1348,1,13,assigned_extra_tail,True,0.0,True,7,83.816,-3.700000000000001,2026-06-29 12:23:13+02:00,2026-06-29 12:23:13+02:00,,True,True,,17,40,23,0,202,241,0.425,0.575,0.575,tail
24E124445E318071,24E124FFFEFE11C4,868500000,SF7BW125, -86/9.8,34,230,UpCnf,2026-06-29 10:24:06+00:00,"Dev Addr/Multicast Addr: 0770d40a
GwEUI: 24E124FFFEFE11C4
AppEUI: 24E124C0002A0001
Device EUI/Group Name: 24E124445E318071
Class Type: Class C
Immediately: -
Timestamp: 4119725641
Type: UpCnf
Adr: false
AdrAcKReq: false
Ack: false
Fcnt: 230
Port: 86
Modulation: LORA
Bandwidth: 125
SpreadFactor: 7
Bitrate: 0
CodeRate: 4/5
SNR: 9.8
RSSI: -86
Power: -
Payload(b64): Q1VTVE9NTUVTU0FHRVRFU1RGT1JHUklEQUNUSVZBVElPTg==
Payload(hex): 435553544f4d4d45535341474554455354464f524752494441435449564154494f4e
JSON: {""text"":""CUSTOMMESSAGETESTFORGRIDACTIVATION""}
MIC: 0a2def9c",29-06-1348.csv,,29-06-1348,1348,,[1348],[1348],['R1348'],2026-06-29,2026-06-29 12:24:06+02:00,-86.0,9.8,0770d40a,24E124FFFEFE11C4,24E124C0002A0001,24E124445E318071,Class C,-,4119725641,UpCnf,false,false,false,230,86,LORA,125,7,0,4/5,9.8,-86,-,Q1VTVE9NTUVTU0FHRVRFU1RGT1JHUklEQUNUSVZBVElPTg==,435553544f4d4d45535341474554455354464f524752494441435449564154494f4e,"{""text"":""CUSTOMMESSAGETESTFORGRIDACTIVATION""}",0a2def9c,86.0,435553544f4d4d45535341474554455354464f524752494441435449564154494f4e,{'text': 'CUSTOMMESSAGETESTFORGRIDACTIVATION'},,CUSTOMMESSAGETESTFORGRIDACTIVATION,['R1348'],R1348,['R1348'],['2026-06-29_R1348_01'],['R1348'],True,2026-06-29,True,True,2026-06-29_R1348_01,2026-06-29,R1348,1,13,assigned_extra_tail,True,0.0,True,7,83.816,-3.700000000000001,2026-06-29 12:23:13+02:00,2026-06-29 12:23:13+02:00,,True,True,,17,40,23,0,202,241,0.425,0.575,0.575,tail
24E124445E318071,24E124FFFEFE11C4,868500000,SF7BW125, -87/11.2,34,233,UpCnf,2026-06-29 10:24:13+00:00,"Dev Addr/Multicast Addr: 0770d40a
GwEUI: 24E124FFFEFE11C4
AppEUI: 24E124C0002A0001
Device EUI/Group Name: 24E124445E318071
Class Type: Class C
Immediately: -
Timestamp: 4127037582
Type: UpCnf
Adr: false
AdrAcKReq: false
Ack: false
Fcnt: 233
Port: 86
Modulation: LORA
Bandwidth: 125
SpreadFactor: 7
Bitrate: 0
CodeRate: 4/5
SNR: 11.2
RSSI: -87
Power: -
Payload(b64): Q1VTVE9NTUVTU0FHRVRFU1RGT1JHUklEQUNUSVZBVElPTg==
Payload(hex): 435553544f4d4d45535341474554455354464f524752494441435449564154494f4e
JSON: {""text"":""CUSTOMMESSAGETESTFORGRIDACTIVATION""}
MIC: 1ef92a1d",29-06-1348.csv,,29-06-1348,1348,,[1348],[1348],['R1348'],2026-06-29,2026-06-29 12:24:13+02:00,-87.0,11.2,0770d40a,24E124FFFEFE11C4,24E124C0002A0001,24E124445E318071,Class C,-,4127037582,UpCnf,false,false,false,233,86,LORA,125,7,0,4/5,11.2,-87,-,Q1VTVE9NTUVTU0FHRVRFU1RGT1JHUklEQUNUSVZBVElPTg==,435553544f4d4d45535341474554455354464f524752494441435449564154494f4e,"{""text"":""CUSTOMMESSAGETESTFORGRIDACTIVATION""}",1ef92a1d,86.0,435553544f4d4d45535341474554455354464f524752494441435449564154494f4e,{'text': 'CUSTOMMESSAGETESTFORGRIDACTIVATION'},,CUSTOMMESSAGETESTFORGRIDACTIVATION,['R1348'],R1348,['R1348'],['2026-06-29_R1348_01'],['R1348'],True,2026-06-29,True,True,2026-06-29_R1348_01,2026-06-29,R1348,1,13,assigned_extra_tail,True,0.0,True,7,83.816,-3.700000000000001,2026-06-29 12:23:13+02:00,2026-06-29 12:23:13+02:00,,True,True,,17,40,23,0,202,241,0.425,0.575,0.575,tail
24E124445E318071,24E124FFFEFE11C4,868300000,SF7BW125, -94/11.2,34,234,UpCnf,2026-06-29 10:24:15+00:00,"Dev Addr/Multicast Addr: 0770d40a
GwEUI: 24E124FFFEFE11C4
AppEUI: 24E124C0002A0001
Device EUI/Group Name: 24E124445E318071
Class Type: Class C
Immediately: -
Timestamp: 4128397584
Type: UpCnf
Adr: false
AdrAcKReq: false
Ack: false
Fcnt: 234
Port: 86
Modulation: LORA
Bandwidth: 125
SpreadFactor: 7
Bitrate: 0
CodeRate: 4/5
SNR: 11.2
RSSI: -94
Power: -
Payload(b64): Q1VTVE9NTUVTU0FHRVRFU1RGT1JHUklEQUNUSVZBVElPTg==
Payload(hex): 435553544f4d4d45535341474554455354464f524752494441435449564154494f4e
JSON: {""text"":""CUSTOMMESSAGETESTFORGRIDACTIVATION""}
MIC: 195353ed",29-06-1348.csv,,29-06-1348,1348,,[1348],[1348],['R1348'],2026-06-29,2026-06-29 12:24:15+02:00,-94.0,11.2,0770d40a,24E124FFFEFE11C4,24E124C0002A0001,24E124445E318071,Class C,-,4128397584,UpCnf,false,false,false,234,86,LORA,125,7,0,4/5,11.2,-94,-,Q1VTVE9NTUVTU0FHRVRFU1RGT1JHUklEQUNUSVZBVElPTg==,435553544f4d4d45535341474554455354464f524752494441435449564154494f4e,"{""text"":""CUSTOMMESSAGETESTFORGRIDACTIVATION""}",195353ed,86.0,435553544f4d4d45535341474554455354464f524752494441435449564154494f4e,{'text': 'CUSTOMMESSAGETESTFORGRIDACTIVATION'},,CUSTOMMESSAGETESTFORGRIDACTIVATION,['R1348'],R1348,['R1348'],['2026-06-29_R1348_01'],['R1348'],True,2026-06-29,True,True,2026-06-29_R1348_01,2026-06-29,R1348,1,13,assigned_extra_tail,True,0.0,True,7,83.816,-3.700000000000001,2026-06-29 12:23:13+02:00,2026-06-29 12:23:13+02:00,,True,True,,17,40,23,0,202,241,0.425,0.575,0.575,tail
24E124445E318071,24E124FFFEFE11C4,868300000,SF7BW125, -93/12.0,34,235,UpCnf,2026-06-29 10:24:17+00:00,"Dev Addr/Multicast Addr: 0770d40a
GwEUI: 24E124FFFEFE11C4
AppEUI: 24E124C0002A0001
Device EUI/Group Name: 24E124445E318071
Class Type: Class C
Immediately: -
Timestamp: 4130173644
Type: UpCnf
Adr: false
AdrAcKReq: false
Ack: false
Fcnt: 235
Port: 86
Modulation: LORA
Bandwidth: 125
SpreadFactor: 7
Bitrate: 0
CodeRate: 4/5
SNR: 12.0
RSSI: -93
Power: -
Payload(b64): Q1VTVE9NTUVTU0FHRVRFU1RGT1JHUklEQUNUSVZBVElPTg==
Payload(hex): 435553544f4d4d45535341474554455354464f524752494441435449564154494f4e
JSON: {""text"":""CUSTOMMESSAGETESTFORGRIDACTIVATION""}
MIC: 63106a9c",29-06-1348.csv,,29-06-1348,1348,,[1348],[1348],['R1348'],2026-06-29,2026-06-29 12:24:17+02:00,-93.0,12.0,0770d40a,24E124FFFEFE11C4,24E124C0002A0001,24E124445E318071,Class C,-,4130173644,UpCnf,false,false,false,235,86,LORA,125,7,0,4/5,12.0,-93,-,Q1VTVE9NTUVTU0FHRVRFU1RGT1JHUklEQUNUSVZBVElPTg==,435553544f4d4d45535341474554455354464f524752494441435449564154494f4e,"{""text"":""CUSTOMMESSAGETESTFORGRIDACTIVATION""}",63106a9c,86.0,435553544f4d4d45535341474554455354464f524752494441435449564154494f4e,{'text': 'CUSTOMMESSAGETESTFORGRIDACTIVATION'},,CUSTOMMESSAGETESTFORGRIDACTIVATION,['R1348'],R1348,['R1348'],['2026-06-29_R1348_01'],['R1348'],True,2026-06-29,True,True,2026-06-29_R1348_01,2026-06-29,R1348,1,13,assigned_extra_tail,True,0.0,True,7,83.816,-3.700000000000001,2026-06-29 12:23:13+02:00,2026-06-29 12:23:13+02:00,,True,True,,17,40,23,0,202,241,0.425,0.575,0.575,tail
24E124445E318071,24E124FFFEFE11C4,868500000,SF7BW125, -88/11.5,34,238,UpCnf,2026-06-29 10:24:22+00:00,"Dev Addr/Multicast Addr: 0770d40a
GwEUI: 24E124FFFEFE11C4
AppEUI: 24E124C0002A0001
Device EUI/Group Name: 24E124445E318071
Class Type: Class C
Immediately: -
Timestamp: 4135797624
Type: UpCnf
Adr: false
AdrAcKReq: false
Ack: false
Fcnt: 238
Port: 86
Modulation: LORA
Bandwidth: 125
SpreadFactor: 7
Bitrate: 0
CodeRate: 4/5
SNR: 11.5
RSSI: -88
Power: -
Payload(b64): Q1VTVE9NTUVTU0FHRVRFU1RGT1JHUklEQUNUSVZBVElPTg==
Payload(hex): 435553544f4d4d45535341474554455354464f524752494441435449564154494f4e
JSON: {""text"":""CUSTOMMESSAGETESTFORGRIDACTIVATION""}
MIC: 4b2b5f09",29-06-1348.csv,,29-06-1348,1348,,[1348],[1348],['R1348'],2026-06-29,2026-06-29 12:24:22+02:00,-88.0,11.5,0770d40a,24E124FFFEFE11C4,24E124C0002A0001,24E124445E318071,Class C,-,4135797624,UpCnf,false,false,false,238,86,LORA,125,7,0,4/5,11.5,-88,-,Q1VTVE9NTUVTU0FHRVRFU1RGT1JHUklEQUNUSVZBVElPTg==,435553544f4d4d45535341474554455354464f524752494441435449564154494f4e,"{""text"":""CUSTOMMESSAGETESTFORGRIDACTIVATION""}",4b2b5f09,86.0,435553544f4d4d45535341474554455354464f524752494441435449564154494f4e,{'text': 'CUSTOMMESSAGETESTFORGRIDACTIVATION'},,CUSTOMMESSAGETESTFORGRIDACTIVATION,['R1348'],R1348,['R1348'],['2026-06-29_R1348_01'],['R1348'],True,2026-06-29,True,True,2026-06-29_R1348_01,2026-06-29,R1348,1,13,assigned_extra_tail,True,0.0,True,7,83.816,-3.700000000000001,2026-06-29 12:23:13+02:00,2026-06-29 12:23:13+02:00,,True,True,,17,40,23,0,202,241,0.425,0.575,0.575,tail
24E124445E318071,24E124FFFEFE11C4,868100000,SF7BW125, -93/12.8,34,241,UpCnf,2026-06-29 10:24:43+00:00,"Dev Addr/Multicast Addr: 0770d40a
GwEUI: 24E124FFFEFE11C4
AppEUI: 24E124C0002A0001
Device EUI/Group Name: 24E124445E318071
Class Type: Class C
Immediately: -
Timestamp: 4156966582
Type: UpCnf
Adr: false
AdrAcKReq: false
Ack: false
Fcnt: 241
Port: 86
Modulation: LORA
Bandwidth: 125
SpreadFactor: 7
Bitrate: 0
CodeRate: 4/5
SNR: 12.8
RSSI: -93
Power: -
Payload(b64): Q1VTVE9NTUVTU0FHRVRFU1RGT1JHUklEQUNUSVZBVElPTg==
Payload(hex): 435553544f4d4d45535341474554455354464f524752494441435449564154494f4e
JSON: {""text"":""CUSTOMMESSAGETESTFORGRIDACTIVATION""}
MIC: e309a825",29-06-1348.csv,,29-06-1348,1348,,[1348],[1348],['R1348'],2026-06-29,2026-06-29 12:24:43+02:00,-93.0,12.8,0770d40a,24E124FFFEFE11C4,24E124C0002A0001,24E124445E318071,Class C,-,4156966582,UpCnf,false,false,false,241,86,LORA,125,7,0,4/5,12.8,-93,-,Q1VTVE9NTUVTU0FHRVRFU1RGT1JHUklEQUNUSVZBVElPTg==,435553544f4d4d45535341474554455354464f524752494441435449564154494f4e,"{""text"":""CUSTOMMESSAGETESTFORGRIDACTIVATION""}",e309a825,86.0,435553544f4d4d45535341474554455354464f524752494441435449564154494f4e,{'text': 'CUSTOMMESSAGETESTFORGRIDACTIVATION'},,CUSTOMMESSAGETESTFORGRIDACTIVATION,['R1348'],R1348,['R1348'],['2026-06-29_R1348_01'],['R1348'],True,2026-06-29,True,True,2026-06-29_R1348_01,2026-06-29,R1348,1,13,assigned_extra_tail,True,0.0,True,7,83.816,-3.700000000000001,2026-06-29 12:23:13+02:00,2026-06-29 12:23:13+02:00,,True,True,,17,40,23,0,202,241,0.425,0.575,0.575,tail
24E124445E318071,24E124FFFEFE11C4,868300000,SF7BW125, -105/-5.5,34,2211,UpCnf,2026-07-02 12:54:56+00:00,"Dev Addr/Multicast Addr: 06792e51
GwEUI: 24E124FFFEFE11C4
AppEUI: 24E124C0002A0001
Device EUI/Group Name: 24E124445E318071
Class Type: Class C
Immediately: -
Timestamp: 1977851291
Type: UpCnf
Adr: false
AdrAcKReq: false
Ack: false
Fcnt: 2211
Port: 86
Modulation: LORA
Bandwidth: 125
SpreadFactor: 7
Bitrate: 0
CodeRate: 4/5
SNR: -5.5
RSSI: -105
Power: -
Payload(b64): Q1VTVE9NTUVTU0FHRVRFU1RGT1JHUklEQUNUSVZBVElPTg==
Payload(hex): 435553544f4d4d45535341474554455354464f524752494441435449564154494f4e
JSON: {""text"":""CUSTOMMESSAGETESTFORGRIDACTIVATION""}
MIC: 4ed97f77",02-07_1420_1433_1441.csv,,02-07_1420_1433_1441,1420,,"[1420, 1433, 1441]","[1420, 1433, 1441]","['R1420', 'R1433', 'R1441']",2026-07-02,2026-07-02 14:54:56+02:00,-105.0,-5.5,06792e51,24E124FFFEFE11C4,24E124C0002A0001,24E124445E318071,Class C,-,1977851291,UpCnf,false,false,false,2211,86,LORA,125,7,0,4/5,-5.5,-105,-,Q1VTVE9NTUVTU0FHRVRFU1RGT1JHUklEQUNUSVZBVElPTg==,435553544f4d4d45535341474554455354464f524752494441435449564154494f4e,"{""text"":""CUSTOMMESSAGETESTFORGRIDACTIVATION""}",4ed97f77,86.0,435553544f4d4d45535341474554455354464f524752494441435449564154494f4e,{'text': 'CUSTOMMESSAGETESTFORGRIDACTIVATION'},,CUSTOMMESSAGETESTFORGRIDACTIVATION,"['R1420', 'R1433', 'R1441']",R1420,"['R1420', 'R1433', 'R1441']","['2026-07-02_R1420_01', '2026-07-02_R1433_01', '2026-07-02_R1441_01']","['R1420', 'R1433', 'R1441']",True,2026-07-02,True,True,2026-07-02_R1441_01,2026-07-02,R1441,1,13,assigned_extra_tail,True,0.0,True,12,161.99599999999998,98.60000000000001,2026-07-02 14:54:56+02:00,2026-07-02 14:54:56+02:00,2026-07-02 14:56:02.000001+02:00,True,True,2026-07-02 14:50:00+02:00,16,28,12,0,2211,2238,0.5714285714285714,0.42857142857142855,0.42857142857142855,tail
24E124445E318071,24E124FFFEFE11C4,868100000,SF7BW125, -107/-7.8,34,2212,UpCnf,2026-07-02 12:55:02+00:00,"Dev Addr/Multicast Addr: 06792e51
GwEUI: 24E124FFFEFE11C4
AppEUI: 24E124C0002A0001
Device EUI/Group Name: 24E124445E318071
Class Type: Class C
Immediately: -
Timestamp: 1984410306
Type: UpCnf
Adr: false
AdrAcKReq: false
Ack: false
Fcnt: 2212
Port: 86
Modulation: LORA
Bandwidth: 125
SpreadFactor: 7
Bitrate: 0
CodeRate: 4/5
SNR: -7.8
RSSI: -107
Power: -
Payload(b64): Q1VTVE9NTUVTU0FHRVRFU1RGT1JHUklEQUNUSVZBVElPTg==
Payload(hex): 435553544f4d4d45535341474554455354464f524752494441435449564154494f4e
JSON: {""text"":""CUSTOMMESSAGETESTFORGRIDACTIVATION""}
MIC: 7d91baa0",02-07_1420_1433_1441.csv,,02-07_1420_1433_1441,1420,,"[1420, 1433, 1441]","[1420, 1433, 1441]","['R1420', 'R1433', 'R1441']",2026-07-02,2026-07-02 14:55:02+02:00,-107.0,-7.8,06792e51,24E124FFFEFE11C4,24E124C0002A0001,24E124445E318071,Class C,-,1984410306,UpCnf,false,false,false,2212,86,LORA,125,7,0,4/5,-7.8,-107,-,Q1VTVE9NTUVTU0FHRVRFU1RGT1JHUklEQUNUSVZBVElPTg==,435553544f4d4d45535341474554455354464f524752494441435449564154494f4e,"{""text"":""CUSTOMMESSAGETESTFORGRIDACTIVATION""}",7d91baa0,86.0,435553544f4d4d45535341474554455354464f524752494441435449564154494f4e,{'text': 'CUSTOMMESSAGETESTFORGRIDACTIVATION'},,CUSTOMMESSAGETESTFORGRIDACTIVATION,"['R1420', 'R1433', 'R1441']",R1420,"['R1420', 'R1433', 'R1441']","['2026-07-02_R1420_01', '2026-07-02_R1433_01', '2026-07-02_R1441_01']","['R1420', 'R1433', 'R1441']",True,2026-07-02,True,True,2026-07-02_R1441_01,2026-07-02,R1441,1,13,assigned_extra_tail,True,0.0,True,12,161.99599999999998,98.60000000000001,2026-07-02 14:54:56+02:00,2026-07-02 14:54:56+02:00,2026-07-02 14:56:02.000001+02:00,True,True,2026-07-02 14:50:00+02:00,16,28,12,0,2211,2238,0.5714285714285714,0.42857142857142855,0.42857142857142855,tail
24E124445E318071,24E124FFFEFE11C4,868500000,SF7BW125, -100/-3.2,34,2214,UpCnf,2026-07-02 12:55:10+00:00,"Dev Addr/Multicast Addr: 06792e51
GwEUI: 24E124FFFEFE11C4
AppEUI: 24E124C0002A0001
Device EUI/Group Name: 24E124445E318071
Class Type: Class C
Immediately: -
Timestamp: 1992042273
Type: UpCnf
Adr: false
AdrAcKReq: false
Ack: false
Fcnt: 2214
Port: 86
Modulation: LORA
Bandwidth: 125
SpreadFactor: 7
Bitrate: 0
CodeRate: 4/5
SNR: -3.2
RSSI: -100
Power: -
Payload(b64): Q1VTVE9NTUVTU0FHRVRFU1RGT1JHUklEQUNUSVZBVElPTg==
Payload(hex): 435553544f4d4d45535341474554455354464f524752494441435449564154494f4e
JSON: {""text"":""CUSTOMMESSAGETESTFORGRIDACTIVATION""}
MIC: a83e46c1",02-07_1420_1433_1441.csv,,02-07_1420_1433_1441,1420,,"[1420, 1433, 1441]","[1420, 1433, 1441]","['R1420', 'R1433', 'R1441']",2026-07-02,2026-07-02 14:55:10+02:00,-100.0,-3.2,06792e51,24E124FFFEFE11C4,24E124C0002A0001,24E124445E318071,Class C,-,1992042273,UpCnf,false,false,false,2214,86,LORA,125,7,0,4/5,-3.2,-100,-,Q1VTVE9NTUVTU0FHRVRFU1RGT1JHUklEQUNUSVZBVElPTg==,435553544f4d4d45535341474554455354464f524752494441435449564154494f4e,"{""text"":""CUSTOMMESSAGETESTFORGRIDACTIVATION""}",a83e46c1,86.0,435553544f4d4d45535341474554455354464f524752494441435449564154494f4e,{'text': 'CUSTOMMESSAGETESTFORGRIDACTIVATION'},,CUSTOMMESSAGETESTFORGRIDACTIVATION,"['R1420', 'R1433', 'R1441']",R1420,"['R1420', 'R1433', 'R1441']","['2026-07-02_R1420_01', '2026-07-02_R1433_01', '2026-07-02_R1441_01']","['R1420', 'R1433', 'R1441']",True,2026-07-02,True,True,2026-07-02_R1441_01,2026-07-02,R1441,1,13,assigned_extra_tail,True,0.0,True,12,161.99599999999998,98.60000000000001,2026-07-02 14:54:56+02:00,2026-07-02 14:54:56+02:00,2026-07-02 14:56:02.000001+02:00,True,True,2026-07-02 14:50:00+02:00,16,28,12,0,2211,2238,0.5714285714285714,0.42857142857142855,0.42857142857142855,tail
24E124445E318071,24E124FFFEFE11C4,868100000,SF7BW125, -106/-3.5,34,2216,UpCnf,2026-07-02 12:55:16+00:00,"Dev Addr/Multicast Addr: 06792e51
GwEUI: 24E124FFFEFE11C4
AppEUI: 24E124C0002A0001
Device EUI/Group Name: 24E124445E318071
Class Type: Class C
Immediately: -
Timestamp: 1997934711
Type: UpCnf
Adr: false
AdrAcKReq: false
Ack: false
Fcnt: 2216
Port: 86
Modulation: LORA
Bandwidth: 125
SpreadFactor: 7
Bitrate: 0
CodeRate: 4/5
SNR: -3.5
RSSI: -106
Power: -
Payload(b64): Q1VTVE9NTUVTU0FHRVRFU1RGT1JHUklEQUNUSVZBVElPTg==
Payload(hex): 435553544f4d4d45535341474554455354464f524752494441435449564154494f4e
JSON: {""text"":""CUSTOMMESSAGETESTFORGRIDACTIVATION""}
MIC: ade3fc76",02-07_1420_1433_1441.csv,,02-07_1420_1433_1441,1420,,"[1420, 1433, 1441]","[1420, 1433, 1441]","['R1420', 'R1433', 'R1441']",2026-07-02,2026-07-02 14:55:16+02:00,-106.0,-3.5,06792e51,24E124FFFEFE11C4,24E124C0002A0001,24E124445E318071,Class C,-,1997934711,UpCnf,false,false,false,2216,86,LORA,125,7,0,4/5,-3.5,-106,-,Q1VTVE9NTUVTU0FHRVRFU1RGT1JHUklEQUNUSVZBVElPTg==,435553544f4d4d45535341474554455354464f524752494441435449564154494f4e,"{""text"":""CUSTOMMESSAGETESTFORGRIDACTIVATION""}",ade3fc76,86.0,435553544f4d4d45535341474554455354464f524752494441435449564154494f4e,{'text': 'CUSTOMMESSAGETESTFORGRIDACTIVATION'},,CUSTOMMESSAGETESTFORGRIDACTIVATION,"['R1420', 'R1433', 'R1441']",R1420,"['R1420', 'R1433', 'R1441']","['2026-07-02_R1420_01', '2026-07-02_R1433_01', '2026-07-02_R1441_01']","['R1420', 'R1433', 'R1441']",True,2026-07-02,True,True,2026-07-02_R1441_01,2026-07-02,R1441,1,13,assigned_extra_tail,True,0.0,True,12,161.99599999999998,98.60000000000001,2026-07-02 14:54:56+02:00,2026-07-02 14:54:56+02:00,2026-07-02 14:56:02.000001+02:00,True,True,2026-07-02 14:50:00+02:00,16,28,12,0,2211,2238,0.5714285714285714,0.42857142857142855,0.42857142857142855,tail
24E124445E318071,24E124FFFEFE11C4,868100000,SF7BW125, -104/-1.2,34,2217,UpCnf,2026-07-02 12:55:22+00:00,"Dev Addr/Multicast Addr: 06792e51
GwEUI: 24E124FFFEFE11C4
AppEUI: 24E124C0002A0001
Device EUI/Group Name: 24E124445E318071
Class Type: Class C
Immediately: -
Timestamp: 2004472188
Type: UpCnf
Adr: false
AdrAcKReq: false
Ack: false
Fcnt: 2217
Port: 86
Modulation: LORA
Bandwidth: 125
SpreadFactor: 7
Bitrate: 0
CodeRate: 4/5
SNR: -1.2
RSSI: -104
Power: -
Payload(b64): Q1VTVE9NTUVTU0FHRVRFU1RGT1JHUklEQUNUSVZBVElPTg==
Payload(hex): 435553544f4d4d45535341474554455354464f524752494441435449564154494f4e
JSON: {""text"":""CUSTOMMESSAGETESTFORGRIDACTIVATION""}
MIC: a428e4dc",02-07_1420_1433_1441.csv,,02-07_1420_1433_1441,1420,,"[1420, 1433, 1441]","[1420, 1433, 1441]","['R1420', 'R1433', 'R1441']",2026-07-02,2026-07-02 14:55:22+02:00,-104.0,-1.2,06792e51,24E124FFFEFE11C4,24E124C0002A0001,24E124445E318071,Class C,-,2004472188,UpCnf,false,false,false,2217,86,LORA,125,7,0,4/5,-1.2,-104,-,Q1VTVE9NTUVTU0FHRVRFU1RGT1JHUklEQUNUSVZBVElPTg==,435553544f4d4d45535341474554455354464f524752494441435449564154494f4e,"{""text"":""CUSTOMMESSAGETESTFORGRIDACTIVATION""}",a428e4dc,86.0,435553544f4d4d45535341474554455354464f524752494441435449564154494f4e,{'text': 'CUSTOMMESSAGETESTFORGRIDACTIVATION'},,CUSTOMMESSAGETESTFORGRIDACTIVATION,"['R1420', 'R1433', 'R1441']",R1420,"['R1420', 'R1433', 'R1441']","['2026-07-02_R1420_01', '2026-07-02_R1433_01', '2026-07-02_R1441_01']","['R1420', 'R1433', 'R1441']",True,2026-07-02,True,True,2026-07-02_R1441_01,2026-07-02,R1441,1,13,assigned_extra_tail,True,0.0,True,12,161.99599999999998,98.60000000000001,2026-07-02 14:54:56+02:00,2026-07-02 14:54:56+02:00,2026-07-02 14:56:02.000001+02:00,True,True,2026-07-02 14:50:00+02:00,16,28,12,0,2211,2238,0.5714285714285714,0.42857142857142855,0.42857142857142855,tail
24E124445E318071,24E124FFFEFE11C4,868500000,SF7BW125, -100/-3.2,34,2219,UpCnf,2026-07-02 12:55:26+00:00,"Dev Addr/Multicast Addr: 06792e51
GwEUI: 24E124FFFEFE11C4
AppEUI: 24E124C0002A0001
Device EUI/Group Name: 24E124445E318071
Class Type: Class C
Immediately: -
Timestamp: 2008278185
Type: UpCnf
Adr: false
AdrAcKReq: false
Ack: false
Fcnt: 2219
Port: 86
Modulation: LORA
Bandwidth: 125
SpreadFactor: 7
Bitrate: 0
CodeRate: 4/5
SNR: -3.2
RSSI: -100
Power: -
Payload(b64): Q1VTVE9NTUVTU0FHRVRFU1RGT1JHUklEQUNUSVZBVElPTg==
Payload(hex): 435553544f4d4d45535341474554455354464f524752494441435449564154494f4e
JSON: {""text"":""CUSTOMMESSAGETESTFORGRIDACTIVATION""}
MIC: 5ba102c9",02-07_1420_1433_1441.csv,,02-07_1420_1433_1441,1420,,"[1420, 1433, 1441]","[1420, 1433, 1441]","['R1420', 'R1433', 'R1441']",2026-07-02,2026-07-02 14:55:26+02:00,-100.0,-3.2,06792e51,24E124FFFEFE11C4,24E124C0002A0001,24E124445E318071,Class C,-,2008278185,UpCnf,false,false,false,2219,86,LORA,125,7,0,4/5,-3.2,-100,-,Q1VTVE9NTUVTU0FHRVRFU1RGT1JHUklEQUNUSVZBVElPTg==,435553544f4d4d45535341474554455354464f524752494441435449564154494f4e,"{""text"":""CUSTOMMESSAGETESTFORGRIDACTIVATION""}",5ba102c9,86.0,435553544f4d4d45535341474554455354464f524752494441435449564154494f4e,{'text': 'CUSTOMMESSAGETESTFORGRIDACTIVATION'},,CUSTOMMESSAGETESTFORGRIDACTIVATION,"['R1420', 'R1433', 'R1441']",R1420,"['R1420', 'R1433', 'R1441']","['2026-07-02_R1420_01', '2026-07-02_R1433_01', '2026-07-02_R1441_01']","['R1420', 'R1433', 'R1441']",True,2026-07-02,True,True,2026-07-02_R1441_01,2026-07-02,R1441,1,13,assigned_extra_tail,True,0.0,True,12,161.99599999999998,98.60000000000001,2026-07-02 14:54:56+02:00,2026-07-02 14:54:56+02:00,2026-07-02 14:56:02.000001+02:00,True,True,2026-07-02 14:50:00+02:00,16,28,12,0,2211,2238,0.5714285714285714,0.42857142857142855,0.42857142857142855,tail
24E124445E318071,24E124FFFEFE11C4,868500000,SF7BW125, -101/-9.0,34,2221,UpCnf,2026-07-02 12:55:30+00:00,"Dev Addr/Multicast Addr: 06792e51
GwEUI: 24E124FFFEFE11C4
AppEUI: 24E124C0002A0001
Device EUI/Group Name: 24E124445E318071
Class Type: Class C
Immediately: -
Timestamp: 2011974170
Type: UpCnf
Adr: false
AdrAcKReq: false
Ack: false
Fcnt: 2221
Port: 86
Modulation: LORA
Bandwidth: 125
SpreadFactor: 7
Bitrate: 0
CodeRate: 4/5
SNR: -9.0
RSSI: -101
Power: -
Payload(b64): Q1VTVE9NTUVTU0FHRVRFU1RGT1JHUklEQUNUSVZBVElPTg==
Payload(hex): 435553544f4d4d45535341474554455354464f524752494441435449564154494f4e
JSON: {""text"":""CUSTOMMESSAGETESTFORGRIDACTIVATION""}
MIC: 3594e5fa",02-07_1420_1433_1441.csv,,02-07_1420_1433_1441,1420,,"[1420, 1433, 1441]","[1420, 1433, 1441]","['R1420', 'R1433', 'R1441']",2026-07-02,2026-07-02 14:55:30+02:00,-101.0,-9.0,06792e51,24E124FFFEFE11C4,24E124C0002A0001,24E124445E318071,Class C,-,2011974170,UpCnf,false,false,false,2221,86,LORA,125,7,0,4/5,-9.0,-101,-,Q1VTVE9NTUVTU0FHRVRFU1RGT1JHUklEQUNUSVZBVElPTg==,435553544f4d4d45535341474554455354464f524752494441435449564154494f4e,"{""text"":""CUSTOMMESSAGETESTFORGRIDACTIVATION""}",3594e5fa,86.0,435553544f4d4d45535341474554455354464f524752494441435449564154494f4e,{'text': 'CUSTOMMESSAGETESTFORGRIDACTIVATION'},,CUSTOMMESSAGETESTFORGRIDACTIVATION,"['R1420', 'R1433', 'R1441']",R1420,"['R1420', 'R1433', 'R1441']","['2026-07-02_R1420_01', '2026-07-02_R1433_01', '2026-07-02_R1441_01']","['R1420', 'R1433', 'R1441']",True,2026-07-02,True,True,2026-07-02_R1441_01,2026-07-02,R1441,1,13,assigned_extra_tail,True,0.0,True,12,161.99599999999998,98.60000000000001,2026-07-02 14:54:56+02:00,2026-07-02 14:54:56+02:00,2026-07-02 14:56:02.000001+02:00,True,True,2026-07-02 14:50:00+02:00,16,28,12,0,2211,2238,0.5714285714285714,0.42857142857142855,0.42857142857142855,tail
24E124445E318071,24E124FFFEFE11C4,868100000,SF7BW125, -104/1.8,34,2223,UpCnf,2026-07-02 12:55:33+00:00,"Dev Addr/Multicast Addr: 06792e51
GwEUI: 24E124FFFEFE11C4
AppEUI: 24E124C0002A0001
Device EUI/Group Name: 24E124445E318071
Class Type: Class C
Immediately: -
Timestamp: 2015425152
Type: UpCnf
Adr: false
AdrAcKReq: false
Ack: false
Fcnt: 2223
Port: 86
Modulation: LORA
Bandwidth: 125
SpreadFactor: 7
Bitrate: 0
CodeRate: 4/5
SNR: 1.8
RSSI: -104
Power: -
Payload(b64): Q1VTVE9NTUVTU0FHRVRFU1RGT1JHUklEQUNUSVZBVElPTg==
Payload(hex): 435553544f4d4d45535341474554455354464f524752494441435449564154494f4e
JSON: {""text"":""CUSTOMMESSAGETESTFORGRIDACTIVATION""}
MIC: 7318c8e9",02-07_1420_1433_1441.csv,,02-07_1420_1433_1441,1420,,"[1420, 1433, 1441]","[1420, 1433, 1441]","['R1420', 'R1433', 'R1441']",2026-07-02,2026-07-02 14:55:33+02:00,-104.0,1.8,06792e51,24E124FFFEFE11C4,24E124C0002A0001,24E124445E318071,Class C,-,2015425152,UpCnf,false,false,false,2223,86,LORA,125,7,0,4/5,1.8,-104,-,Q1VTVE9NTUVTU0FHRVRFU1RGT1JHUklEQUNUSVZBVElPTg==,435553544f4d4d45535341474554455354464f524752494441435449564154494f4e,"{""text"":""CUSTOMMESSAGETESTFORGRIDACTIVATION""}",7318c8e9,86.0,435553544f4d4d45535341474554455354464f524752494441435449564154494f4e,{'text': 'CUSTOMMESSAGETESTFORGRIDACTIVATION'},,CUSTOMMESSAGETESTFORGRIDACTIVATION,"['R1420', 'R1433', 'R1441']",R1420,"['R1420', 'R1433', 'R1441']","['2026-07-02_R1420_01', '2026-07-02_R1433_01', '2026-07-02_R1441_01']","['R1420', 'R1433', 'R1441']",True,2026-07-02,True,True,2026-07-02_R1441_01,2026-07-02,R1441,1,13,assigned_extra_tail,True,0.0,True,12,161.99599999999998,98.60000000000001,2026-07-02 14:54:56+02:00,2026-07-02 14:54:56+02:00,2026-07-02 14:56:02.000001+02:00,True,True,2026-07-02 14:50:00+02:00,16,28,12,0,2211,2238,0.5714285714285714,0.42857142857142855,0.42857142857142855,tail
24E124445E318071,24E124FFFEFE11C4,868500000,SF7BW125, -100/-4.5,34,2224,UpCnf,2026-07-02 12:55:39+00:00,"Dev Addr/Multicast Addr: 06792e51
GwEUI: 24E124FFFEFE11C4
AppEUI: 24E124C0002A0001
Device EUI/Group Name: 24E124445E318071
Class Type: Class C
Immediately: -
Timestamp: 2021002155
Type: UpCnf
Adr: false
AdrAcKReq: false
Ack: false
Fcnt: 2224
Port: 86
Modulation: LORA
Bandwidth: 125
SpreadFactor: 7
Bitrate: 0
CodeRate: 4/5
SNR: -4.5
RSSI: -100
Power: -
Payload(b64): Q1VTVE9NTUVTU0FHRVRFU1RGT1JHUklEQUNUSVZBVElPTg==
Payload(hex): 435553544f4d4d45535341474554455354464f524752494441435449564154494f4e
JSON: {""text"":""CUSTOMMESSAGETESTFORGRIDACTIVATION""}
MIC: b53d3aef",02-07_1420_1433_1441.csv,,02-07_1420_1433_1441,1420,,"[1420, 1433, 1441]","[1420, 1433, 1441]","['R1420', 'R1433', 'R1441']",2026-07-02,2026-07-02 14:55:39+02:00,-100.0,-4.5,06792e51,24E124FFFEFE11C4,24E124C0002A0001,24E124445E318071,Class C,-,2021002155,UpCnf,false,false,false,2224,86,LORA,125,7,0,4/5,-4.5,-100,-,Q1VTVE9NTUVTU0FHRVRFU1RGT1JHUklEQUNUSVZBVElPTg==,435553544f4d4d45535341474554455354464f524752494441435449564154494f4e,"{""text"":""CUSTOMMESSAGETESTFORGRIDACTIVATION""}",b53d3aef,86.0,435553544f4d4d45535341474554455354464f524752494441435449564154494f4e,{'text': 'CUSTOMMESSAGETESTFORGRIDACTIVATION'},,CUSTOMMESSAGETESTFORGRIDACTIVATION,"['R1420', 'R1433', 'R1441']",R1420,"['R1420', 'R1433', 'R1441']","['2026-07-02_R1420_01', '2026-07-02_R1433_01', '2026-07-02_R1441_01']","['R1420', 'R1433', 'R1441']",True,2026-07-02,True,True,2026-07-02_R1441_01,2026-07-02,R1441,1,13,assigned_extra_tail,True,0.0,True,12,161.99599999999998,98.60000000000001,2026-07-02 14:54:56+02:00,2026-07-02 14:54:56+02:00,2026-07-02 14:56:02.000001+02:00,True,True,2026-07-02 14:50:00+02:00,16,28,12,0,2211,2238,0.5714285714285714,0.42857142857142855,0.42857142857142855,tail
24E124445E318071,24E124FFFEFE11C4,868500000,SF7BW125, -101/-8.8,34,2226,UpCnf,2026-07-02 12:55:42+00:00,"Dev Addr/Multicast Addr: 06792e51
GwEUI: 24E124FFFEFE11C4
AppEUI: 24E124C0002A0001
Device EUI/Group Name: 24E124445E318071
Class Type: Class C
Immediately: -
Timestamp: 2023840057
Type: UpCnf
Adr: false
AdrAcKReq: false
Ack: false
Fcnt: 2226
Port: 86
Modulation: LORA
Bandwidth: 125
SpreadFactor: 7
Bitrate: 0
CodeRate: 4/5
SNR: -8.8
RSSI: -101
Power: -
Payload(b64): Q1VTVE9NTUVTU0FHRVRFU1RGT1JHUklEQUNUSVZBVElPTg==
Payload(hex): 435553544f4d4d45535341474554455354464f524752494441435449564154494f4e
JSON: {""text"":""CUSTOMMESSAGETESTFORGRIDACTIVATION""}
MIC: a4db2803",02-07_1420_1433_1441.csv,,02-07_1420_1433_1441,1420,,"[1420, 1433, 1441]","[1420, 1433, 1441]","['R1420', 'R1433', 'R1441']",2026-07-02,2026-07-02 14:55:42+02:00,-101.0,-8.8,06792e51,24E124FFFEFE11C4,24E124C0002A0001,24E124445E318071,Class C,-,2023840057,UpCnf,false,false,false,2226,86,LORA,125,7,0,4/5,-8.8,-101,-,Q1VTVE9NTUVTU0FHRVRFU1RGT1JHUklEQUNUSVZBVElPTg==,435553544f4d4d45535341474554455354464f524752494441435449564154494f4e,"{""text"":""CUSTOMMESSAGETESTFORGRIDACTIVATION""}",a4db2803,86.0,435553544f4d4d45535341474554455354464f524752494441435449564154494f4e,{'text': 'CUSTOMMESSAGETESTFORGRIDACTIVATION'},,CUSTOMMESSAGETESTFORGRIDACTIVATION,"['R1420', 'R1433', 'R1441']",R1420,"['R1420', 'R1433', 'R1441']","['2026-07-02_R1420_01', '2026-07-02_R1433_01', '2026-07-02_R1441_01']","['R1420', 'R1433', 'R1441']",True,2026-07-02,True,True,2026-07-02_R1441_01,2026-07-02,R1441,1,13,assigned_extra_tail,True,0.0,True,12,161.99599999999998,98.60000000000001,2026-07-02 14:54:56+02:00,2026-07-02 14:54:56+02:00,2026-07-02 14:56:02.000001+02:00,True,True,2026-07-02 14:50:00+02:00,16,28,12,0,2211,2238,0.5714285714285714,0.42857142857142855,0.42857142857142855,tail
24E124445E318071,24E124FFFEFE11C4,868500000,SF7BW125, -100/-4.8,34,2228,UpCnf,2026-07-02 12:55:45+00:00,"Dev Addr/Multicast Addr: 06792e51
GwEUI: 24E124FFFEFE11C4
AppEUI: 24E124C0002A0001
Device EUI/Group Name: 24E124445E318071
Class Type: Class C
Immediately: -
Timestamp: 2027180629
Type: UpCnf
Adr: false
AdrAcKReq: false
Ack: false
Fcnt: 2228
Port: 86
Modulation: LORA
Bandwidth: 125
SpreadFactor: 7
Bitrate: 0
CodeRate: 4/5
SNR: -4.8
RSSI: -100
Power: -
Payload(b64): Q1VTVE9NTUVTU0FHRVRFU1RGT1JHUklEQUNUSVZBVElPTg==
Payload(hex): 435553544f4d4d45535341474554455354464f524752494441435449564154494f4e
JSON: {""text"":""CUSTOMMESSAGETESTFORGRIDACTIVATION""}
MIC: a39ff870",02-07_1420_1433_1441.csv,,02-07_1420_1433_1441,1420,,"[1420, 1433, 1441]","[1420, 1433, 1441]","['R1420', 'R1433', 'R1441']",2026-07-02,2026-07-02 14:55:45+02:00,-100.0,-4.8,06792e51,24E124FFFEFE11C4,24E124C0002A0001,24E124445E318071,Class C,-,2027180629,UpCnf,false,false,false,2228,86,LORA,125,7,0,4/5,-4.8,-100,-,Q1VTVE9NTUVTU0FHRVRFU1RGT1JHUklEQUNUSVZBVElPTg==,435553544f4d4d45535341474554455354464f524752494441435449564154494f4e,"{""text"":""CUSTOMMESSAGETESTFORGRIDACTIVATION""}",a39ff870,86.0,435553544f4d4d45535341474554455354464f524752494441435449564154494f4e,{'text': 'CUSTOMMESSAGETESTFORGRIDACTIVATION'},,CUSTOMMESSAGETESTFORGRIDACTIVATION,"['R1420', 'R1433', 'R1441']",R1420,"['R1420', 'R1433', 'R1441']","['2026-07-02_R1420_01', '2026-07-02_R1433_01', '2026-07-02_R1441_01']","['R1420', 'R1433', 'R1441']",True,2026-07-02,True,True,2026-07-02_R1441_01,2026-07-02,R1441,1,13,assigned_extra_tail,True,0.0,True,12,161.99599999999998,98.60000000000001,2026-07-02 14:54:56+02:00,2026-07-02 14:54:56+02:00,2026-07-02 14:56:02.000001+02:00,True,True,2026-07-02 14:50:00+02:00,16,28,12,0,2211,2238,0.5714285714285714,0.42857142857142855,0.42857142857142855,tail
24E124445E318071,24E124FFFEFE11C4,868100000,SF7BW125, -97/7.8,34,2230,UpCnf,2026-07-02 12:55:48+00:00,"Dev Addr/Multicast Addr: 06792e51
GwEUI: 24E124FFFEFE11C4
AppEUI: 24E124C0002A0001
Device EUI/Group Name: 24E124445E318071
Class Type: Class C
Immediately: -
Timestamp: 2030466069
Type: UpCnf
Adr: false
AdrAcKReq: false
Ack: false
Fcnt: 2230
Port: 86
Modulation: LORA
Bandwidth: 125
SpreadFactor: 7
Bitrate: 0
CodeRate: 4/5
SNR: 7.8
RSSI: -97
Power: -
Payload(b64): Q1VTVE9NTUVTU0FHRVRFU1RGT1JHUklEQUNUSVZBVElPTg==
Payload(hex): 435553544f4d4d45535341474554455354464f524752494441435449564154494f4e
JSON: {""text"":""CUSTOMMESSAGETESTFORGRIDACTIVATION""}
MIC: 56eb63d9",02-07_1420_1433_1441.csv,,02-07_1420_1433_1441,1420,,"[1420, 1433, 1441]","[1420, 1433, 1441]","['R1420', 'R1433', 'R1441']",2026-07-02,2026-07-02 14:55:48+02:00,-97.0,7.8,06792e51,24E124FFFEFE11C4,24E124C0002A0001,24E124445E318071,Class C,-,2030466069,UpCnf,false,false,false,2230,86,LORA,125,7,0,4/5,7.8,-97,-,Q1VTVE9NTUVTU0FHRVRFU1RGT1JHUklEQUNUSVZBVElPTg==,435553544f4d4d45535341474554455354464f524752494441435449564154494f4e,"{""text"":""CUSTOMMESSAGETESTFORGRIDACTIVATION""}",56eb63d9,86.0,435553544f4d4d45535341474554455354464f524752494441435449564154494f4e,{'text': 'CUSTOMMESSAGETESTFORGRIDACTIVATION'},,CUSTOMMESSAGETESTFORGRIDACTIVATION,"['R1420', 'R1433', 'R1441']",R1420,"['R1420', 'R1433', 'R1441']","['2026-07-02_R1420_01', '2026-07-02_R1433_01', '2026-07-02_R1441_01']","['R1420', 'R1433', 'R1441']",True,2026-07-02,True,True,2026-07-02_R1441_01,2026-07-02,R1441,1,13,assigned_extra_tail,True,0.0,True,12,161.99599999999998,98.60000000000001,2026-07-02 14:54:56+02:00,2026-07-02 14:54:56+02:00,2026-07-02 14:56:02.000001+02:00,True,True,2026-07-02 14:50:00+02:00,16,28,12,0,2211,2238,0.5714285714285714,0.42857142857142855,0.42857142857142855,tail
24E124445E318071,24E124FFFEFE11C4,868500000,SF7BW125, -99/-2.2,34,2232,UpCnf,2026-07-02 12:55:52+00:00,"Dev Addr/Multicast Addr: 06792e51
GwEUI: 24E124FFFEFE11C4
AppEUI: 24E124C0002A0001
Device EUI/Group Name: 24E124445E318071
Class Type: Class C
Immediately: -
Timestamp: 2033917099
Type: UpCnf
Adr: false
AdrAcKReq: false
Ack: false
Fcnt: 2232
Port: 86
Modulation: LORA
Bandwidth: 125
SpreadFactor: 7
Bitrate: 0
CodeRate: 4/5
SNR: -2.2
RSSI: -99
Power: -
Payload(b64): Q1VTVE9NTUVTU0FHRVRFU1RGT1JHUklEQUNUSVZBVElPTg==
Payload(hex): 435553544f4d4d45535341474554455354464f524752494441435449564154494f4e
JSON: {""text"":""CUSTOMMESSAGETESTFORGRIDACTIVATION""}
MIC: 6298d230",02-07_1420_1433_1441.csv,,02-07_1420_1433_1441,1420,,"[1420, 1433, 1441]","[1420, 1433, 1441]","['R1420', 'R1433', 'R1441']",2026-07-02,2026-07-02 14:55:52+02:00,-99.0,-2.2,06792e51,24E124FFFEFE11C4,24E124C0002A0001,24E124445E318071,Class C,-,2033917099,UpCnf,false,false,false,2232,86,LORA,125,7,0,4/5,-2.2,-99,-,Q1VTVE9NTUVTU0FHRVRFU1RGT1JHUklEQUNUSVZBVElPTg==,435553544f4d4d45535341474554455354464f524752494441435449564154494f4e,"{""text"":""CUSTOMMESSAGETESTFORGRIDACTIVATION""}",6298d230,86.0,435553544f4d4d45535341474554455354464f524752494441435449564154494f4e,{'text': 'CUSTOMMESSAGETESTFORGRIDACTIVATION'},,CUSTOMMESSAGETESTFORGRIDACTIVATION,"['R1420', 'R1433', 'R1441']",R1420,"['R1420', 'R1433', 'R1441']","['2026-07-02_R1420_01', '2026-07-02_R1433_01', '2026-07-02_R1441_01']","['R1420', 'R1433', 'R1441']",True,2026-07-02,True,True,2026-07-02_R1441_01,2026-07-02,R1441,1,13,assigned_extra_tail,True,0.0,True,12,161.99599999999998,98.60000000000001,2026-07-02 14:54:56+02:00,2026-07-02 14:54:56+02:00,2026-07-02 14:56:02.000001+02:00,True,True,2026-07-02 14:50:00+02:00,16,28,12,0,2211,2238,0.5714285714285714,0.42857142857142855,0.42857142857142855,tail
24E124445E318071,24E124FFFEFE11C4,868500000,SF7BW125, -96/2.2,34,2234,UpCnf,2026-07-02 12:55:55+00:00,"Dev Addr/Multicast Addr: 06792e51
GwEUI: 24E124FFFEFE11C4
AppEUI: 24E124C0002A0001
Device EUI/Group Name: 24E124445E318071
Class Type: Class C
Immediately: -
Timestamp: 2037137093
Type: UpCnf
Adr: false
AdrAcKReq: false
Ack: false
Fcnt: 2234
Port: 86
Modulation: LORA
Bandwidth: 125
SpreadFactor: 7
Bitrate: 0
CodeRate: 4/5
SNR: 2.2
RSSI: -96
Power: -
Payload(b64): Q1VTVE9NTUVTU0FHRVRFU1RGT1JHUklEQUNUSVZBVElPTg==
Payload(hex): 435553544f4d4d45535341474554455354464f524752494441435449564154494f4e
JSON: {""text"":""CUSTOMMESSAGETESTFORGRIDACTIVATION""}
MIC: 65e459d6",02-07_1420_1433_1441.csv,,02-07_1420_1433_1441,1420,,"[1420, 1433, 1441]","[1420, 1433, 1441]","['R1420', 'R1433', 'R1441']",2026-07-02,2026-07-02 14:55:55+02:00,-96.0,2.2,06792e51,24E124FFFEFE11C4,24E124C0002A0001,24E124445E318071,Class C,-,2037137093,UpCnf,false,false,false,2234,86,LORA,125,7,0,4/5,2.2,-96,-,Q1VTVE9NTUVTU0FHRVRFU1RGT1JHUklEQUNUSVZBVElPTg==,435553544f4d4d45535341474554455354464f524752494441435449564154494f4e,"{""text"":""CUSTOMMESSAGETESTFORGRIDACTIVATION""}",65e459d6,86.0,435553544f4d4d45535341474554455354464f524752494441435449564154494f4e,{'text': 'CUSTOMMESSAGETESTFORGRIDACTIVATION'},,CUSTOMMESSAGETESTFORGRIDACTIVATION,"['R1420', 'R1433', 'R1441']",R1420,"['R1420', 'R1433', 'R1441']","['2026-07-02_R1420_01', '2026-07-02_R1433_01', '2026-07-02_R1441_01']","['R1420', 'R1433', 'R1441']",True,2026-07-02,True,True,2026-07-02_R1441_01,2026-07-02,R1441,1,13,assigned_extra_tail,True,0.0,True,12,161.99599999999998,98.60000000000001,2026-07-02 14:54:56+02:00,2026-07-02 14:54:56+02:00,2026-07-02 14:56:02.000001+02:00,True,True,2026-07-02 14:50:00+02:00,16,28,12,0,2211,2238,0.5714285714285714,0.42857142857142855,0.42857142857142855,tail
24E124445E318071,24E124FFFEFE11C4,868100000,SF7BW125, -101/4.0,34,2236,UpCnf,2026-07-02 12:55:58+00:00,"Dev Addr/Multicast Addr: 06792e51
GwEUI: 24E124FFFEFE11C4
AppEUI: 24E124C0002A0001
Device EUI/Group Name: 24E124445E318071
Class Type: Class C
Immediately: -
Timestamp: 2040276086
Type: UpCnf
Adr: false
AdrAcKReq: false
Ack: false
Fcnt: 2236
Port: 86
Modulation: LORA
Bandwidth: 125
SpreadFactor: 7
Bitrate: 0
CodeRate: 4/5
SNR: 4.0
RSSI: -101
Power: -
Payload(b64): Q1VTVE9NTUVTU0FHRVRFU1RGT1JHUklEQUNUSVZBVElPTg==
Payload(hex): 435553544f4d4d45535341474554455354464f524752494441435449564154494f4e
JSON: {""text"":""CUSTOMMESSAGETESTFORGRIDACTIVATION""}
MIC: b267e189",02-07_1420_1433_1441.csv,,02-07_1420_1433_1441,1420,,"[1420, 1433, 1441]","[1420, 1433, 1441]","['R1420', 'R1433', 'R1441']",2026-07-02,2026-07-02 14:55:58+02:00,-101.0,4.0,06792e51,24E124FFFEFE11C4,24E124C0002A0001,24E124445E318071,Class C,-,2040276086,UpCnf,false,false,false,2236,86,LORA,125,7,0,4/5,4.0,-101,-,Q1VTVE9NTUVTU0FHRVRFU1RGT1JHUklEQUNUSVZBVElPTg==,435553544f4d4d45535341474554455354464f524752494441435449564154494f4e,"{""text"":""CUSTOMMESSAGETESTFORGRIDACTIVATION""}",b267e189,86.0,435553544f4d4d45535341474554455354464f524752494441435449564154494f4e,{'text': 'CUSTOMMESSAGETESTFORGRIDACTIVATION'},,CUSTOMMESSAGETESTFORGRIDACTIVATION,"['R1420', 'R1433', 'R1441']",R1420,"['R1420', 'R1433', 'R1441']","['2026-07-02_R1420_01', '2026-07-02_R1433_01', '2026-07-02_R1441_01']","['R1420', 'R1433', 'R1441']",True,2026-07-02,True,True,2026-07-02_R1441_01,2026-07-02,R1441,1,13,assigned_extra_tail,True,0.0,True,12,161.99599999999998,98.60000000000001,2026-07-02 14:54:56+02:00,2026-07-02 14:54:56+02:00,2026-07-02 14:56:02.000001+02:00,True,True,2026-07-02 14:50:00+02:00,16,28,12,0,2211,2238,0.5714285714285714,0.42857142857142855,0.42857142857142855,tail
24E124445E318071,24E124FFFEFE11C4,868100000,SF7BW125, -93/10.8,34,2238,UpCnf,2026-07-02 12:56:02+00:00,"Dev Addr/Multicast Addr: 06792e51
GwEUI: 24E124FFFEFE11C4
AppEUI: 24E124C0002A0001
Device EUI/Group Name: 24E124445E318071
Class Type: Class C
Immediately: -
Timestamp: 2043640043
Type: UpCnf
Adr: false
AdrAcKReq: false
Ack: false
Fcnt: 2238
Port: 86
Modulation: LORA
Bandwidth: 125
SpreadFactor: 7
Bitrate: 0
CodeRate: 4/5
SNR: 10.8
RSSI: -93
Power: -
Payload(b64): Q1VTVE9NTUVTU0FHRVRFU1RGT1JHUklEQUNUSVZBVElPTg==
Payload(hex): 435553544f4d4d45535341474554455354464f524752494441435449564154494f4e
JSON: {""text"":""CUSTOMMESSAGETESTFORGRIDACTIVATION""}
MIC: 5b140728",02-07_1420_1433_1441.csv,,02-07_1420_1433_1441,1420,,"[1420, 1433, 1441]","[1420, 1433, 1441]","['R1420', 'R1433', 'R1441']",2026-07-02,2026-07-02 14:56:02+02:00,-93.0,10.8,06792e51,24E124FFFEFE11C4,24E124C0002A0001,24E124445E318071,Class C,-,2043640043,UpCnf,false,false,false,2238,86,LORA,125,7,0,4/5,10.8,-93,-,Q1VTVE9NTUVTU0FHRVRFU1RGT1JHUklEQUNUSVZBVElPTg==,435553544f4d4d45535341474554455354464f524752494441435449564154494f4e,"{""text"":""CUSTOMMESSAGETESTFORGRIDACTIVATION""}",5b140728,86.0,435553544f4d4d45535341474554455354464f524752494441435449564154494f4e,{'text': 'CUSTOMMESSAGETESTFORGRIDACTIVATION'},,CUSTOMMESSAGETESTFORGRIDACTIVATION,"['R1420', 'R1433', 'R1441']",R1420,"['R1420', 'R1433', 'R1441']","['2026-07-02_R1420_01', '2026-07-02_R1433_01', '2026-07-02_R1441_01']","['R1420', 'R1433', 'R1441']",True,2026-07-02,True,True,2026-07-02_R1441_01,2026-07-02,R1441,1,13,assigned_extra_tail,True,0.0,True,12,161.99599999999998,98.60000000000001,2026-07-02 14:54:56+02:00,2026-07-02 14:54:56+02:00,2026-07-02 14:56:02.000001+02:00,True,True,2026-07-02 14:50:00+02:00,16,28,12,0,2211,2238,0.5714285714285714,0.42857142857142855,0.42857142857142855,tail
24E124445E318071,24E124FFFEFE11C4,868100000,SF7BW125, -93/5.8,34,624,UpUnc,2026-06-25 10:14:41+00:00,"Dev Addr/Multicast Addr: 06139e8c
GwEUI: 24E124FFFEFE11C4
AppEUI: 24E124C0002A0001
Device EUI/Group Name: 24E124445E318071
Class Type: Class C
Immediately: -
Timestamp: 3169097390
Type: UpUnc
Adr: false
AdrAcKReq: false
Ack: false
Fcnt: 624
Port: 86
Modulation: LORA
Bandwidth: 125
SpreadFactor: 7
Bitrate: 0
CodeRate: 4/5
SNR: 5.8
RSSI: -93
Power: -
Payload(b64): Q1VTVE9NTUVTU0FHRVRFU1RGT1JHUklEQUNUSVZBVElPTg==
Payload(hex): 435553544f4d4d45535341474554455354464f524752494441435449564154494f4e
JSON: {""text"":""CUSTOMMESSAGETESTFORGRIDACTIVATION""}
MIC: 1336fdd5",25-06_1187 (mirror 1354).csv,,25-06_1187 (mirror 1354),1187,1354,"[1187, 1354]",[1187],['R1187'],2026-06-25,2026-06-25 12:14:41+02:00,-93.0,5.8,06139e8c,24E124FFFEFE11C4,24E124C0002A0001,24E124445E318071,Class C,-,3169097390,UpUnc,false,false,false,624,86,LORA,125,7,0,4/5,5.8,-93,-,Q1VTVE9NTUVTU0FHRVRFU1RGT1JHUklEQUNUSVZBVElPTg==,435553544f4d4d45535341474554455354464f524752494441435449564154494f4e,"{""text"":""CUSTOMMESSAGETESTFORGRIDACTIVATION""}",1336fdd5,86.0,435553544f4d4d45535341474554455354464f524752494441435449564154494f4e,{'text': 'CUSTOMMESSAGETESTFORGRIDACTIVATION'},,CUSTOMMESSAGETESTFORGRIDACTIVATION,['R1187'],R1187,['R1187'],['2026-06-25_R1187_01'],['R1187'],True,2026-06-25,True,True,2026-06-25_R1187_01,2026-06-25,R1187,1,7,assigned_manual_window,True,0.0,False,7,-83.816,-1.1,2026-06-25 12:14:40+02:00,2026-06-25 12:14:40+02:00,2026-06-25 12:18:35+02:00,False,False,,22,43,21,0,624,666,0.5116279069767442,0.4883720930232558,0.4883720930232558,group_7
24E124445E318071,24E124FFFEFE11C4,868300000,SF7BW125, -95/9.2,34,626,UpUnc,2026-06-25 10:14:51+00:00,"Dev Addr/Multicast Addr: 06139e8c
GwEUI: 24E124FFFEFE11C4
AppEUI: 24E124C0002A0001
Device EUI/Group Name: 24E124445E318071
Class Type: Class C
Immediately: -
Timestamp: 3178981883
Type: UpUnc
Adr: false
AdrAcKReq: false
Ack: false
Fcnt: 626
Port: 86
Modulation: LORA
Bandwidth: 125
SpreadFactor: 7
Bitrate: 0
CodeRate: 4/5
SNR: 9.2
RSSI: -95
Power: -
Payload(b64): Q1VTVE9NTUVTU0FHRVRFU1RGT1JHUklEQUNUSVZBVElPTg==
Payload(hex): 435553544f4d4d45535341474554455354464f524752494441435449564154494f4e
JSON: {""text"":""CUSTOMMESSAGETESTFORGRIDACTIVATION""}
MIC: 03781735",25-06_1187 (mirror 1354).csv,,25-06_1187 (mirror 1354),1187,1354,"[1187, 1354]",[1187],['R1187'],2026-06-25,2026-06-25 12:14:51+02:00,-95.0,9.2,06139e8c,24E124FFFEFE11C4,24E124C0002A0001,24E124445E318071,Class C,-,3178981883,UpUnc,false,false,false,626,86,LORA,125,7,0,4/5,9.2,-95,-,Q1VTVE9NTUVTU0FHRVRFU1RGT1JHUklEQUNUSVZBVElPTg==,435553544f4d4d45535341474554455354464f524752494441435449564154494f4e,"{""text"":""CUSTOMMESSAGETESTFORGRIDACTIVATION""}",03781735,86.0,435553544f4d4d45535341474554455354464f524752494441435449564154494f4e,{'text': 'CUSTOMMESSAGETESTFORGRIDACTIVATION'},,CUSTOMMESSAGETESTFORGRIDACTIVATION,['R1187'],R1187,['R1187'],['2026-06-25_R1187_01'],['R1187'],True,2026-06-25,True,True,2026-06-25_R1187_01,2026-06-25,R1187,1,7,assigned_manual_window,True,0.0,False,7,-83.816,-1.1,2026-06-25 12:14:40+02:00,2026-06-25 12:14:40+02:00,2026-06-25 12:18:35+02:00,False,False,,22,43,21,0,624,666,0.5116279069767442,0.4883720930232558,0.4883720930232558,group_7
24E124445E318071,24E124FFFEFE11C4,868500000,SF7BW125, -95/7.8,34,628,UpUnc,2026-06-25 10:14:59+00:00,"Dev Addr/Multicast Addr: 06139e8c
GwEUI: 24E124FFFEFE11C4
AppEUI: 24E124C0002A0001
Device EUI/Group Name: 24E124445E318071
Class Type: Class C
Immediately: -
Timestamp: 3187550367
Type: UpUnc
Adr: false
AdrAcKReq: false
Ack: false
Fcnt: 628
Port: 86
Modulation: LORA
Bandwidth: 125
SpreadFactor: 7
Bitrate: 0
CodeRate: 4/5
SNR: 7.8
RSSI: -95
Power: -
Payload(b64): Q1VTVE9NTUVTU0FHRVRFU1RGT1JHUklEQUNUSVZBVElPTg==
Payload(hex): 435553544f4d4d45535341474554455354464f524752494441435449564154494f4e
JSON: {""text"":""CUSTOMMESSAGETESTFORGRIDACTIVATION""}
MIC: e130fd5b",25-06_1187 (mirror 1354).csv,,25-06_1187 (mirror 1354),1187,1354,"[1187, 1354]",[1187],['R1187'],2026-06-25,2026-06-25 12:14:59+02:00,-95.0,7.8,06139e8c,24E124FFFEFE11C4,24E124C0002A0001,24E124445E318071,Class C,-,3187550367,UpUnc,false,false,false,628,86,LORA,125,7,0,4/5,7.8,-95,-,Q1VTVE9NTUVTU0FHRVRFU1RGT1JHUklEQUNUSVZBVElPTg==,435553544f4d4d45535341474554455354464f524752494441435449564154494f4e,"{""text"":""CUSTOMMESSAGETESTFORGRIDACTIVATION""}",e130fd5b,86.0,435553544f4d4d45535341474554455354464f524752494441435449564154494f4e,{'text': 'CUSTOMMESSAGETESTFORGRIDACTIVATION'},,CUSTOMMESSAGETESTFORGRIDACTIVATION,['R1187'],R1187,['R1187'],['2026-06-25_R1187_01'],['R1187'],True,2026-06-25,True,True,2026-06-25_R1187_01,2026-06-25,R1187,1,7,assigned_manual_window,True,0.0,False,7,-83.816,-1.1,2026-06-25 12:14:40+02:00,2026-06-25 12:14:40+02:00,2026-06-25 12:18:35+02:00,False,False,,22,43,21,0,624,666,0.5116279069767442,0.4883720930232558,0.4883720930232558,group_7
24E124445E318071,24E124FFFEFE11C4,868100000,SF7BW125, -96/7.8,34,630,UpUnc,2026-06-25 10:15:09+00:00,"Dev Addr/Multicast Addr: 06139e8c
GwEUI: 24E124FFFEFE11C4
AppEUI: 24E124C0002A0001
Device EUI/Group Name: 24E124445E318071
Class Type: Class C
Immediately: -
Timestamp: 3197055401
Type: UpUnc
Adr: false
AdrAcKReq: false
Ack: false
Fcnt: 630
Port: 86
Modulation: LORA
Bandwidth: 125
SpreadFactor: 7
Bitrate: 0
CodeRate: 4/5
SNR: 7.8
RSSI: -96
Power: -
Payload(b64): Q1VTVE9NTUVTU0FHRVRFU1RGT1JHUklEQUNUSVZBVElPTg==
Payload(hex): 435553544f4d4d45535341474554455354464f524752494441435449564154494f4e
JSON: {""text"":""CUSTOMMESSAGETESTFORGRIDACTIVATION""}
MIC: 11d83865",25-06_1187 (mirror 1354).csv,,25-06_1187 (mirror 1354),1187,1354,"[1187, 1354]",[1187],['R1187'],2026-06-25,2026-06-25 12:15:09+02:00,-96.0,7.8,06139e8c,24E124FFFEFE11C4,24E124C0002A0001,24E124445E318071,Class C,-,3197055401,UpUnc,false,false,false,630,86,LORA,125,7,0,4/5,7.8,-96,-,Q1VTVE9NTUVTU0FHRVRFU1RGT1JHUklEQUNUSVZBVElPTg==,435553544f4d4d45535341474554455354464f524752494441435449564154494f4e,"{""text"":""CUSTOMMESSAGETESTFORGRIDACTIVATION""}",11d83865,86.0,435553544f4d4d45535341474554455354464f524752494441435449564154494f4e,{'text': 'CUSTOMMESSAGETESTFORGRIDACTIVATION'},,CUSTOMMESSAGETESTFORGRIDACTIVATION,['R1187'],R1187,['R1187'],['2026-06-25_R1187_01'],['R1187'],True,2026-06-25,True,True,2026-06-25_R1187_01,2026-06-25,R1187,1,7,assigned_manual_window,True,0.0,False,7,-83.816,-1.1,2026-06-25 12:14:40+02:00,2026-06-25 12:14:40+02:00,2026-06-25 12:18:35+02:00,False,False,,22,43,21,0,624,666,0.5116279069767442,0.4883720930232558,0.4883720930232558,group_7
24E124445E318071,24E124FFFEFE11C4,868500000,SF7BW125, -95/8.0,34,632,UpUnc,2026-06-25 10:15:19+00:00,"Dev Addr/Multicast Addr: 06139e8c
GwEUI: 24E124FFFEFE11C4
AppEUI: 24E124C0002A0001
Device EUI/Group Name: 24E124445E318071
Class Type: Class C
Immediately: -
Timestamp: 3207028355
Type: UpUnc
Adr: false
AdrAcKReq: false
Ack: false
Fcnt: 632
Port: 86
Modulation: LORA
Bandwidth: 125
SpreadFactor: 7
Bitrate: 0
CodeRate: 4/5
SNR: 8.0
RSSI: -95
Power: -
Payload(b64): Q1VTVE9NTUVTU0FHRVRFU1RGT1JHUklEQUNUSVZBVElPTg==
Payload(hex): 435553544f4d4d45535341474554455354464f524752494441435449564154494f4e
JSON: {""text"":""CUSTOMMESSAGETESTFORGRIDACTIVATION""}
MIC: e04c1207",25-06_1187 (mirror 1354).csv,,25-06_1187 (mirror 1354),1187,1354,"[1187, 1354]",[1187],['R1187'],2026-06-25,2026-06-25 12:15:19+02:00,-95.0,8.0,06139e8c,24E124FFFEFE11C4,24E124C0002A0001,24E124445E318071,Class C,-,3207028355,UpUnc,false,false,false,632,86,LORA,125,7,0,4/5,8.0,-95,-,Q1VTVE9NTUVTU0FHRVRFU1RGT1JHUklEQUNUSVZBVElPTg==,435553544f4d4d45535341474554455354464f524752494441435449564154494f4e,"{""text"":""CUSTOMMESSAGETESTFORGRIDACTIVATION""}",e04c1207,86.0,435553544f4d4d45535341474554455354464f524752494441435449564154494f4e,{'text': 'CUSTOMMESSAGETESTFORGRIDACTIVATION'},,CUSTOMMESSAGETESTFORGRIDACTIVATION,['R1187'],R1187,['R1187'],['2026-06-25_R1187_01'],['R1187'],True,2026-06-25,True,True,2026-06-25_R1187_01,2026-06-25,R1187,1,7,assigned_manual_window,True,0.0,False,7,-83.816,-1.1,2026-06-25 12:14:40+02:00,2026-06-25 12:14:40+02:00,2026-06-25 12:18:35+02:00,False,False,,22,43,21,0,624,666,0.5116279069767442,0.4883720930232558,0.4883720930232558,group_7
24E124445E318071,24E124FFFEFE11C4,868300000,SF7BW125, -95/9.0,34,634,UpUnc,2026-06-25 10:15:27+00:00,"Dev Addr/Multicast Addr: 06139e8c
GwEUI: 24E124FFFEFE11C4
AppEUI: 24E124C0002A0001
Device EUI/Group Name: 24E124445E318071
Class Type: Class C
Immediately: -
Timestamp: 3215511374
Type: UpUnc
Adr: false
AdrAcKReq: false
Ack: false
Fcnt: 634
Port: 86
Modulation: LORA
Bandwidth: 125
SpreadFactor: 7
Bitrate: 0
CodeRate: 4/5
SNR: 9.0
RSSI: -95
Power: -
Payload(b64): Q1VTVE9NTUVTU0FHRVRFU1RGT1JHUklEQUNUSVZBVElPTg==
Payload(hex): 435553544f4d4d45535341474554455354464f524752494441435449564154494f4e
JSON: {""text"":""CUSTOMMESSAGETESTFORGRIDACTIVATION""}
MIC: 63718f9a",25-06_1187 (mirror 1354).csv,,25-06_1187 (mirror 1354),1187,1354,"[1187, 1354]",[1187],['R1187'],2026-06-25,2026-06-25 12:15:27+02:00,-95.0,9.0,06139e8c,24E124FFFEFE11C4,24E124C0002A0001,24E124445E318071,Class C,-,3215511374,UpUnc,false,false,false,634,86,LORA,125,7,0,4/5,9.0,-95,-,Q1VTVE9NTUVTU0FHRVRFU1RGT1JHUklEQUNUSVZBVElPTg==,435553544f4d4d45535341474554455354464f524752494441435449564154494f4e,"{""text"":""CUSTOMMESSAGETESTFORGRIDACTIVATION""}",63718f9a,86.0,435553544f4d4d45535341474554455354464f524752494441435449564154494f4e,{'text': 'CUSTOMMESSAGETESTFORGRIDACTIVATION'},,CUSTOMMESSAGETESTFORGRIDACTIVATION,['R1187'],R1187,['R1187'],['2026-06-25_R1187_01'],['R1187'],True,2026-06-25,True,True,2026-06-25_R1187_01,2026-06-25,R1187,1,7,assigned_manual_window,True,0.0,False,7,-83.816,-1.1,2026-06-25 12:14:40+02:00,2026-06-25 12:14:40+02:00,2026-06-25 12:18:35+02:00,False,False,,22,43,21,0,624,666,0.5116279069767442,0.4883720930232558,0.4883720930232558,group_7
24E124445E318071,24E124FFFEFE11C4,868300000,SF7BW125, -95/8.5,34,636,UpUnc,2026-06-25 10:15:36+00:00,"Dev Addr/Multicast Addr: 06139e8c
GwEUI: 24E124FFFEFE11C4
AppEUI: 24E124C0002A0001
Device EUI/Group Name: 24E124445E318071
Class Type: Class C
Immediately: -
Timestamp: 3223754356
Type: UpUnc
Adr: false
AdrAcKReq: false
Ack: false
Fcnt: 636
Port: 86
Modulation: LORA
Bandwidth: 125
SpreadFactor: 7
Bitrate: 0
CodeRate: 4/5
SNR: 8.5
RSSI: -95
Power: -
Payload(b64): Q1VTVE9NTUVTU0FHRVRFU1RGT1JHUklEQUNUSVZBVElPTg==
Payload(hex): 435553544f4d4d45535341474554455354464f524752494441435449564154494f4e
JSON: {""text"":""CUSTOMMESSAGETESTFORGRIDACTIVATION""}
MIC: a4898d26",25-06_1187 (mirror 1354).csv,,25-06_1187 (mirror 1354),1187,1354,"[1187, 1354]",[1187],['R1187'],2026-06-25,2026-06-25 12:15:36+02:00,-95.0,8.5,06139e8c,24E124FFFEFE11C4,24E124C0002A0001,24E124445E318071,Class C,-,3223754356,UpUnc,false,false,false,636,86,LORA,125,7,0,4/5,8.5,-95,-,Q1VTVE9NTUVTU0FHRVRFU1RGT1JHUklEQUNUSVZBVElPTg==,435553544f4d4d45535341474554455354464f524752494441435449564154494f4e,"{""text"":""CUSTOMMESSAGETESTFORGRIDACTIVATION""}",a4898d26,86.0,435553544f4d4d45535341474554455354464f524752494441435449564154494f4e,{'text': 'CUSTOMMESSAGETESTFORGRIDACTIVATION'},,CUSTOMMESSAGETESTFORGRIDACTIVATION,['R1187'],R1187,['R1187'],['2026-06-25_R1187_01'],['R1187'],True,2026-06-25,True,True,2026-06-25_R1187_01,2026-06-25,R1187,1,7,assigned_manual_window,True,0.0,False,7,-83.816,-1.1,2026-06-25 12:14:40+02:00,2026-06-25 12:14:40+02:00,2026-06-25 12:18:35+02:00,False,False,,22,43,21,0,624,666,0.5116279069767442,0.4883720930232558,0.4883720930232558,group_7
24E124445E318071,24E124FFFEFE11C4,868300000,SF7BW125, -95/9.0,34,638,UpUnc,2026-06-25 10:15:43+00:00,"Dev Addr/Multicast Addr: 06139e8c
GwEUI: 24E124FFFEFE11C4
AppEUI: 24E124C0002A0001
Device EUI/Group Name: 24E124445E318071
Class Type: Class C
Immediately: -
Timestamp: 3231706381
Type: UpUnc
Adr: false
AdrAcKReq: false
Ack: false
Fcnt: 638
Port: 86
Modulation: LORA
Bandwidth: 125
SpreadFactor: 7
Bitrate: 0
CodeRate: 4/5
SNR: 9.0
RSSI: -95
Power: -
Payload(b64): Q1VTVE9NTUVTU0FHRVRFU1RGT1JHUklEQUNUSVZBVElPTg==
Payload(hex): 435553544f4d4d45535341474554455354464f524752494441435449564154494f4e
JSON: {""text"":""CUSTOMMESSAGETESTFORGRIDACTIVATION""}
MIC: 85e7ff23",25-06_1187 (mirror 1354).csv,,25-06_1187 (mirror 1354),1187,1354,"[1187, 1354]",[1187],['R1187'],2026-06-25,2026-06-25 12:15:43+02:00,-95.0,9.0,06139e8c,24E124FFFEFE11C4,24E124C0002A0001,24E124445E318071,Class C,-,3231706381,UpUnc,false,false,false,638,86,LORA,125,7,0,4/5,9.0,-95,-,Q1VTVE9NTUVTU0FHRVRFU1RGT1JHUklEQUNUSVZBVElPTg==,435553544f4d4d45535341474554455354464f524752494441435449564154494f4e,"{""text"":""CUSTOMMESSAGETESTFORGRIDACTIVATION""}",85e7ff23,86.0,435553544f4d4d45535341474554455354464f524752494441435449564154494f4e,{'text': 'CUSTOMMESSAGETESTFORGRIDACTIVATION'},,CUSTOMMESSAGETESTFORGRIDACTIVATION,['R1187'],R1187,['R1187'],['2026-06-25_R1187_01'],['R1187'],True,2026-06-25,True,True,2026-06-25_R1187_01,2026-06-25,R1187,1,7,assigned_manual_window,True,0.0,False,7,-83.816,-1.1,2026-06-25 12:14:40+02:00,2026-06-25 12:14:40+02:00,2026-06-25 12:18:35+02:00,False,False,,22,43,21,0,624,666,0.5116279069767442,0.4883720930232558,0.4883720930232558,group_7
24E124445E318071,24E124FFFEFE11C4,868100000,SF7BW125, -96/8.8,34,640,UpUnc,2026-06-25 10:15:54+00:00,"Dev Addr/Multicast Addr: 06139e8c
GwEUI: 24E124FFFEFE11C4
AppEUI: 24E124C0002A0001
Device EUI/Group Name: 24E124445E318071
Class Type: Class C
Immediately: -
Timestamp: 3241740374
Type: UpUnc
Adr: false
AdrAcKReq: false
Ack: false
Fcnt: 640
Port: 86
Modulation: LORA
Bandwidth: 125
SpreadFactor: 7
Bitrate: 0
CodeRate: 4/5
SNR: 8.8
RSSI: -96
Power: -
Payload(b64): Q1VTVE9NTUVTU0FHRVRFU1RGT1JHUklEQUNUSVZBVElPTg==
Payload(hex): 435553544f4d4d45535341474554455354464f524752494441435449564154494f4e
JSON: {""text"":""CUSTOMMESSAGETESTFORGRIDACTIVATION""}
MIC: 25dd648a",25-06_1187 (mirror 1354).csv,,25-06_1187 (mirror 1354),1187,1354,"[1187, 1354]",[1187],['R1187'],2026-06-25,2026-06-25 12:15:54+02:00,-96.0,8.8,06139e8c,24E124FFFEFE11C4,24E124C0002A0001,24E124445E318071,Class C,-,3241740374,UpUnc,false,false,false,640,86,LORA,125,7,0,4/5,8.8,-96,-,Q1VTVE9NTUVTU0FHRVRFU1RGT1JHUklEQUNUSVZBVElPTg==,435553544f4d4d45535341474554455354464f524752494441435449564154494f4e,"{""text"":""CUSTOMMESSAGETESTFORGRIDACTIVATION""}",25dd648a,86.0,435553544f4d4d45535341474554455354464f524752494441435449564154494f4e,{'text': 'CUSTOMMESSAGETESTFORGRIDACTIVATION'},,CUSTOMMESSAGETESTFORGRIDACTIVATION,['R1187'],R1187,['R1187'],['2026-06-25_R1187_01'],['R1187'],True,2026-06-25,True,True,2026-06-25_R1187_01,2026-06-25,R1187,1,7,assigned_manual_window,True,0.0,False,7,-83.816,-1.1,2026-06-25 12:14:40+02:00,2026-06-25 12:14:40+02:00,2026-06-25 12:18:35+02:00,False,False,,22,43,21,0,624,666,0.5116279069767442,0.4883720930232558,0.4883720930232558,group_7
24E124445E318071,24E124FFFEFE11C4,868300000,SF7BW125, -96/6.8,34,642,UpUnc,2026-06-25 10:16:02+00:00,"Dev Addr/Multicast Addr: 06139e8c
GwEUI: 24E124FFFEFE11C4
AppEUI: 24E124C0002A0001
Device EUI/Group Name: 24E124445E318071
Class Type: Class C
Immediately: -
Timestamp: 3250035665
Type: UpUnc
Adr: false
AdrAcKReq: false
Ack: false
Fcnt: 642
Port: 86
Modulation: LORA
Bandwidth: 125
SpreadFactor: 7
Bitrate: 0
CodeRate: 4/5
SNR: 6.8
RSSI: -96
Power: -
Payload(b64): Q1VTVE9NTUVTU0FHRVRFU1RGT1JHUklEQUNUSVZBVElPTg==
Payload(hex): 435553544f4d4d45535341474554455354464f524752494441435449564154494f4e
JSON: {""text"":""CUSTOMMESSAGETESTFORGRIDACTIVATION""}
MIC: baa22190",25-06_1187 (mirror 1354).csv,,25-06_1187 (mirror 1354),1187,1354,"[1187, 1354]",[1187],['R1187'],2026-06-25,2026-06-25 12:16:02+02:00,-96.0,6.8,06139e8c,24E124FFFEFE11C4,24E124C0002A0001,24E124445E318071,Class C,-,3250035665,UpUnc,false,false,false,642,86,LORA,125,7,0,4/5,6.8,-96,-,Q1VTVE9NTUVTU0FHRVRFU1RGT1JHUklEQUNUSVZBVElPTg==,435553544f4d4d45535341474554455354464f524752494441435449564154494f4e,"{""text"":""CUSTOMMESSAGETESTFORGRIDACTIVATION""}",baa22190,86.0,435553544f4d4d45535341474554455354464f524752494441435449564154494f4e,{'text': 'CUSTOMMESSAGETESTFORGRIDACTIVATION'},,CUSTOMMESSAGETESTFORGRIDACTIVATION,['R1187'],R1187,['R1187'],['2026-06-25_R1187_01'],['R1187'],True,2026-06-25,True,True,2026-06-25_R1187_01,2026-06-25,R1187,1,7,assigned_manual_window,True,0.0,False,7,-83.816,-1.1,2026-06-25 12:14:40+02:00,2026-06-25 12:14:40+02:00,2026-06-25 12:18:35+02:00,False,False,,22,43,21,0,624,666,0.5116279069767442,0.4883720930232558,0.4883720930232558,group_7
24E124445E318071,24E124FFFEFE11C4,868500000,SF7BW125, -95/8.0,34,644,UpUnc,2026-06-25 10:16:12+00:00,"Dev Addr/Multicast Addr: 06139e8c
GwEUI: 24E124FFFEFE11C4
AppEUI: 24E124C0002A0001
Device EUI/Group Name: 24E124445E318071
Class Type: Class C
Immediately: -
Timestamp: 3260545333
Type: UpUnc
Adr: false
AdrAcKReq: false
Ack: false
Fcnt: 644
Port: 86
Modulation: LORA
Bandwidth: 125
SpreadFactor: 7
Bitrate: 0
CodeRate: 4/5
SNR: 8.0
RSSI: -95
Power: -
Payload(b64): Q1VTVE9NTUVTU0FHRVRFU1RGT1JHUklEQUNUSVZBVElPTg==
Payload(hex): 435553544f4d4d45535341474554455354464f524752494441435449564154494f4e
JSON: {""text"":""CUSTOMMESSAGETESTFORGRIDACTIVATION""}
MIC: 083abad3",25-06_1187 (mirror 1354).csv,,25-06_1187 (mirror 1354),1187,1354,"[1187, 1354]",[1187],['R1187'],2026-06-25,2026-06-25 12:16:12+02:00,-95.0,8.0,06139e8c,24E124FFFEFE11C4,24E124C0002A0001,24E124445E318071,Class C,-,3260545333,UpUnc,false,false,false,644,86,LORA,125,7,0,4/5,8.0,-95,-,Q1VTVE9NTUVTU0FHRVRFU1RGT1JHUklEQUNUSVZBVElPTg==,435553544f4d4d45535341474554455354464f524752494441435449564154494f4e,"{""text"":""CUSTOMMESSAGETESTFORGRIDACTIVATION""}",083abad3,86.0,435553544f4d4d45535341474554455354464f524752494441435449564154494f4e,{'text': 'CUSTOMMESSAGETESTFORGRIDACTIVATION'},,CUSTOMMESSAGETESTFORGRIDACTIVATION,['R1187'],R1187,['R1187'],['2026-06-25_R1187_01'],['R1187'],True,2026-06-25,True,True,2026-06-25_R1187_01,2026-06-25,R1187,1,7,assigned_manual_window,True,0.0,False,7,-83.816,-1.1,2026-06-25 12:14:40+02:00,2026-06-25 12:14:40+02:00,2026-06-25 12:18:35+02:00,False,False,,22,43,21,0,624,666,0.5116279069767442,0.4883720930232558,0.4883720930232558,group_7
24E124445E318071,24E124FFFEFE11C4,868100000,SF7BW125, -96/8.8,34,646,UpUnc,2026-06-25 10:16:20+00:00,"Dev Addr/Multicast Addr: 06139e8c
GwEUI: 24E124FFFEFE11C4
AppEUI: 24E124C0002A0001
Device EUI/Group Name: 24E124445E318071
Class Type: Class C
Immediately: -
Timestamp: 3268579379
Type: UpUnc
Adr: false
AdrAcKReq: false
Ack: false
Fcnt: 646
Port: 86
Modulation: LORA
Bandwidth: 125
SpreadFactor: 7
Bitrate: 0
CodeRate: 4/5
SNR: 8.8
RSSI: -96
Power: -
Payload(b64): Q1VTVE9NTUVTU0FHRVRFU1RGT1JHUklEQUNUSVZBVElPTg==
Payload(hex): 435553544f4d4d45535341474554455354464f524752494441435449564154494f4e
JSON: {""text"":""CUSTOMMESSAGETESTFORGRIDACTIVATION""}
MIC: 0c4fccfd",25-06_1187 (mirror 1354).csv,,25-06_1187 (mirror 1354),1187,1354,"[1187, 1354]",[1187],['R1187'],2026-06-25,2026-06-25 12:16:20+02:00,-96.0,8.8,06139e8c,24E124FFFEFE11C4,24E124C0002A0001,24E124445E318071,Class C,-,3268579379,UpUnc,false,false,false,646,86,LORA,125,7,0,4/5,8.8,-96,-,Q1VTVE9NTUVTU0FHRVRFU1RGT1JHUklEQUNUSVZBVElPTg==,435553544f4d4d45535341474554455354464f524752494441435449564154494f4e,"{""text"":""CUSTOMMESSAGETESTFORGRIDACTIVATION""}",0c4fccfd,86.0,435553544f4d4d45535341474554455354464f524752494441435449564154494f4e,{'text': 'CUSTOMMESSAGETESTFORGRIDACTIVATION'},,CUSTOMMESSAGETESTFORGRIDACTIVATION,['R1187'],R1187,['R1187'],['2026-06-25_R1187_01'],['R1187'],True,2026-06-25,True,True,2026-06-25_R1187_01,2026-06-25,R1187,1,7,assigned_manual_window,True,0.0,False,7,-83.816,-1.1,2026-06-25 12:14:40+02:00,2026-06-25 12:14:40+02:00,2026-06-25 12:18:35+02:00,False,False,,22,43,21,0,624,666,0.5116279069767442,0.4883720930232558,0.4883720930232558,group_7
24E124445E318071,24E124FFFEFE11C4,868500000,SF7BW125, -92/9.0,34,648,UpUnc,2026-06-25 10:16:29+00:00,"Dev Addr/Multicast Addr: 06139e8c
GwEUI: 24E124FFFEFE11C4
AppEUI: 24E124C0002A0001
Device EUI/Group Name: 24E124445E318071
Class Type: Class C
Immediately: -
Timestamp: 3277306356
Type: UpUnc
Adr: false
AdrAcKReq: false
Ack: false
Fcnt: 648
Port: 86
Modulation: LORA
Bandwidth: 125
SpreadFactor: 7
Bitrate: 0
CodeRate: 4/5
SNR: 9.0
RSSI: -92
Power: -
Payload(b64): Q1VTVE9NTUVTU0FHRVRFU1RGT1JHUklEQUNUSVZBVElPTg==
Payload(hex): 435553544f4d4d45535341474554455354464f524752494441435449564154494f4e
JSON: {""text"":""CUSTOMMESSAGETESTFORGRIDACTIVATION""}
MIC: b1462fc6",25-06_1187 (mirror 1354).csv,,25-06_1187 (mirror 1354),1187,1354,"[1187, 1354]",[1187],['R1187'],2026-06-25,2026-06-25 12:16:29+02:00,-92.0,9.0,06139e8c,24E124FFFEFE11C4,24E124C0002A0001,24E124445E318071,Class C,-,3277306356,UpUnc,false,false,false,648,86,LORA,125,7,0,4/5,9.0,-92,-,Q1VTVE9NTUVTU0FHRVRFU1RGT1JHUklEQUNUSVZBVElPTg==,435553544f4d4d45535341474554455354464f524752494441435449564154494f4e,"{""text"":""CUSTOMMESSAGETESTFORGRIDACTIVATION""}",b1462fc6,86.0,435553544f4d4d45535341474554455354464f524752494441435449564154494f4e,{'text': 'CUSTOMMESSAGETESTFORGRIDACTIVATION'},,CUSTOMMESSAGETESTFORGRIDACTIVATION,['R1187'],R1187,['R1187'],['2026-06-25_R1187_01'],['R1187'],True,2026-06-25,True,True,2026-06-25_R1187_01,2026-06-25,R1187,1,7,assigned_manual_window,True,0.0,False,7,-83.816,-1.1,2026-06-25 12:14:40+02:00,2026-06-25 12:14:40+02:00,2026-06-25 12:18:35+02:00,False,False,,22,43,21,0,624,666,0.5116279069767442,0.4883720930232558,0.4883720930232558,group_7
24E124445E318071,24E124FFFEFE11C4,868100000,SF7BW125, -94/10.0,34,650,UpUnc,2026-06-25 10:16:39+00:00,"Dev Addr/Multicast Addr: 06139e8c
GwEUI: 24E124FFFEFE11C4
AppEUI: 24E124C0002A0001
Device EUI/Group Name: 24E124445E318071
Class Type: Class C
Immediately: -
Timestamp: 3287083361
Type: UpUnc
Adr: false
AdrAcKReq: false
Ack: false
Fcnt: 650
Port: 86
Modulation: LORA
Bandwidth: 125
SpreadFactor: 7
Bitrate: 0
CodeRate: 4/5
SNR: 10.0
RSSI: -94
Power: -
Payload(b64): Q1VTVE9NTUVTU0FHRVRFU1RGT1JHUklEQUNUSVZBVElPTg==
Payload(hex): 435553544f4d4d45535341474554455354464f524752494441435449564154494f4e
JSON: {""text"":""CUSTOMMESSAGETESTFORGRIDACTIVATION""}
MIC: e67c4158",25-06_1187 (mirror 1354).csv,,25-06_1187 (mirror 1354),1187,1354,"[1187, 1354]",[1187],['R1187'],2026-06-25,2026-06-25 12:16:39+02:00,-94.0,10.0,06139e8c,24E124FFFEFE11C4,24E124C0002A0001,24E124445E318071,Class C,-,3287083361,UpUnc,false,false,false,650,86,LORA,125,7,0,4/5,10.0,-94,-,Q1VTVE9NTUVTU0FHRVRFU1RGT1JHUklEQUNUSVZBVElPTg==,435553544f4d4d45535341474554455354464f524752494441435449564154494f4e,"{""text"":""CUSTOMMESSAGETESTFORGRIDACTIVATION""}",e67c4158,86.0,435553544f4d4d45535341474554455354464f524752494441435449564154494f4e,{'text': 'CUSTOMMESSAGETESTFORGRIDACTIVATION'},,CUSTOMMESSAGETESTFORGRIDACTIVATION,['R1187'],R1187,['R1187'],['2026-06-25_R1187_01'],['R1187'],True,2026-06-25,True,True,2026-06-25_R1187_01,2026-06-25,R1187,1,7,assigned_manual_window,True,0.0,False,7,-83.816,-1.1,2026-06-25 12:14:40+02:00,2026-06-25 12:14:40+02:00,2026-06-25 12:18:35+02:00,False,False,,22,43,21,0,624,666,0.5116279069767442,0.4883720930232558,0.4883720930232558,group_7
24E124445E318071,24E124FFFEFE11C4,868300000,SF7BW125, -94/9.8,34,652,UpUnc,2026-06-25 10:16:48+00:00,"Dev Addr/Multicast Addr: 06139e8c
GwEUI: 24E124FFFEFE11C4
AppEUI: 24E124C0002A0001
Device EUI/Group Name: 24E124445E318071
Class Type: Class C
Immediately: -
Timestamp: 3296168304
Type: UpUnc
Adr: false
AdrAcKReq: false
Ack: false
Fcnt: 652
Port: 86
Modulation: LORA
Bandwidth: 125
SpreadFactor: 7
Bitrate: 0
CodeRate: 4/5
SNR: 9.8
RSSI: -94
Power: -
Payload(b64): Q1VTVE9NTUVTU0FHRVRFU1RGT1JHUklEQUNUSVZBVElPTg==
Payload(hex): 435553544f4d4d45535341474554455354464f524752494441435449564154494f4e
JSON: {""text"":""CUSTOMMESSAGETESTFORGRIDACTIVATION""}
MIC: 81628ece",25-06_1187 (mirror 1354).csv,,25-06_1187 (mirror 1354),1187,1354,"[1187, 1354]",[1187],['R1187'],2026-06-25,2026-06-25 12:16:48+02:00,-94.0,9.8,06139e8c,24E124FFFEFE11C4,24E124C0002A0001,24E124445E318071,Class C,-,3296168304,UpUnc,false,false,false,652,86,LORA,125,7,0,4/5,9.8,-94,-,Q1VTVE9NTUVTU0FHRVRFU1RGT1JHUklEQUNUSVZBVElPTg==,435553544f4d4d45535341474554455354464f524752494441435449564154494f4e,"{""text"":""CUSTOMMESSAGETESTFORGRIDACTIVATION""}",81628ece,86.0,435553544f4d4d45535341474554455354464f524752494441435449564154494f4e,{'text': 'CUSTOMMESSAGETESTFORGRIDACTIVATION'},,CUSTOMMESSAGETESTFORGRIDACTIVATION,['R1187'],R1187,['R1187'],['2026-06-25_R1187_01'],['R1187'],True,2026-06-25,True,True,2026-06-25_R1187_01,2026-06-25,R1187,1,7,assigned_manual_window,True,0.0,False,7,-83.816,-1.1,2026-06-25 12:14:40+02:00,2026-06-25 12:14:40+02:00,2026-06-25 12:18:35+02:00,False,False,,22,43,21,0,624,666,0.5116279069767442,0.4883720930232558,0.4883720930232558,group_7
24E124445E318071,24E124FFFEFE11C4,868300000,SF7BW125, -95/9.8,34,654,UpUnc,2026-06-25 10:16:56+00:00,"Dev Addr/Multicast Addr: 06139e8c
GwEUI: 24E124FFFEFE11C4
AppEUI: 24E124C0002A0001
Device EUI/Group Name: 24E124445E318071
Class Type: Class C
Immediately: -
Timestamp: 3304263385
Type: UpUnc
Adr: false
AdrAcKReq: false
Ack: false
Fcnt: 654
Port: 86
Modulation: LORA
Bandwidth: 125
SpreadFactor: 7
Bitrate: 0
CodeRate: 4/5
SNR: 9.8
RSSI: -95
Power: -
Payload(b64): Q1VTVE9NTUVTU0FHRVRFU1RGT1JHUklEQUNUSVZBVElPTg==
Payload(hex): 435553544f4d4d45535341474554455354464f524752494441435449564154494f4e
JSON: {""text"":""CUSTOMMESSAGETESTFORGRIDACTIVATION""}
MIC: ff6372ea",25-06_1187 (mirror 1354).csv,,25-06_1187 (mirror 1354),1187,1354,"[1187, 1354]",[1187],['R1187'],2026-06-25,2026-06-25 12:16:56+02:00,-95.0,9.8,06139e8c,24E124FFFEFE11C4,24E124C0002A0001,24E124445E318071,Class C,-,3304263385,UpUnc,false,false,false,654,86,LORA,125,7,0,4/5,9.8,-95,-,Q1VTVE9NTUVTU0FHRVRFU1RGT1JHUklEQUNUSVZBVElPTg==,435553544f4d4d45535341474554455354464f524752494441435449564154494f4e,"{""text"":""CUSTOMMESSAGETESTFORGRIDACTIVATION""}",ff6372ea,86.0,435553544f4d4d45535341474554455354464f524752494441435449564154494f4e,{'text': 'CUSTOMMESSAGETESTFORGRIDACTIVATION'},,CUSTOMMESSAGETESTFORGRIDACTIVATION,['R1187'],R1187,['R1187'],['2026-06-25_R1187_01'],['R1187'],True,2026-06-25,True,True,2026-06-25_R1187_01,2026-06-25,R1187,1,7,assigned_manual_window,True,0.0,False,7,-83.816,-1.1,2026-06-25 12:14:40+02:00,2026-06-25 12:14:40+02:00,2026-06-25 12:18:35+02:00,False,False,,22,43,21,0,624,666,0.5116279069767442,0.4883720930232558,0.4883720930232558,group_7
24E124445E318071,24E124FFFEFE11C4,868300000,SF7BW125, -96/8.0,34,656,UpUnc,2026-06-25 10:17:05+00:00,"Dev Addr/Multicast Addr: 06139e8c
GwEUI: 24E124FFFEFE11C4
AppEUI: 24E124C0002A0001
Device EUI/Group Name: 24E124445E318071
Class Type: Class C
Immediately: -
Timestamp: 3312792292
Type: UpUnc
Adr: false
AdrAcKReq: false
Ack: false
Fcnt: 656
Port: 86
Modulation: LORA
Bandwidth: 125
SpreadFactor: 7
Bitrate: 0
CodeRate: 4/5
SNR: 8.0
RSSI: -96
Power: -
Payload(b64): Q1VTVE9NTUVTU0FHRVRFU1RGT1JHUklEQUNUSVZBVElPTg==
Payload(hex): 435553544f4d4d45535341474554455354464f524752494441435449564154494f4e
JSON: {""text"":""CUSTOMMESSAGETESTFORGRIDACTIVATION""}
MIC: 88063055",25-06_1187 (mirror 1354).csv,,25-06_1187 (mirror 1354),1187,1354,"[1187, 1354]",[1187],['R1187'],2026-06-25,2026-06-25 12:17:05+02:00,-96.0,8.0,06139e8c,24E124FFFEFE11C4,24E124C0002A0001,24E124445E318071,Class C,-,3312792292,UpUnc,false,false,false,656,86,LORA,125,7,0,4/5,8.0,-96,-,Q1VTVE9NTUVTU0FHRVRFU1RGT1JHUklEQUNUSVZBVElPTg==,435553544f4d4d45535341474554455354464f524752494441435449564154494f4e,"{""text"":""CUSTOMMESSAGETESTFORGRIDACTIVATION""}",88063055,86.0,435553544f4d4d45535341474554455354464f524752494441435449564154494f4e,{'text': 'CUSTOMMESSAGETESTFORGRIDACTIVATION'},,CUSTOMMESSAGETESTFORGRIDACTIVATION,['R1187'],R1187,['R1187'],['2026-06-25_R1187_01'],['R1187'],True,2026-06-25,True,True,2026-06-25_R1187_01,2026-06-25,R1187,1,7,assigned_manual_window,True,0.0,False,7,-83.816,-1.1,2026-06-25 12:14:40+02:00,2026-06-25 12:14:40+02:00,2026-06-25 12:18:35+02:00,False,False,,22,43,21,0,624,666,0.5116279069767442,0.4883720930232558,0.4883720930232558,group_7
24E124445E318071,24E124FFFEFE11C4,868300000,SF7BW125, -96/8.8,34,658,UpUnc,2026-06-25 10:17:12+00:00,"Dev Addr/Multicast Addr: 06139e8c
GwEUI: 24E124FFFEFE11C4
AppEUI: 24E124C0002A0001
Device EUI/Group Name: 24E124445E318071
Class Type: Class C
Immediately: -
Timestamp: 3320699337
Type: UpUnc
Adr: false
AdrAcKReq: false
Ack: false
Fcnt: 658
Port: 86
Modulation: LORA
Bandwidth: 125
SpreadFactor: 7
Bitrate: 0
CodeRate: 4/5
SNR: 8.8
RSSI: -96
Power: -
Payload(b64): Q1VTVE9NTUVTU0FHRVRFU1RGT1JHUklEQUNUSVZBVElPTg==
Payload(hex): 435553544f4d4d45535341474554455354464f524752494441435449564154494f4e
JSON: {""text"":""CUSTOMMESSAGETESTFORGRIDACTIVATION""}
MIC: 5a5d587f",25-06_1187 (mirror 1354).csv,,25-06_1187 (mirror 1354),1187,1354,"[1187, 1354]",[1187],['R1187'],2026-06-25,2026-06-25 12:17:12+02:00,-96.0,8.8,06139e8c,24E124FFFEFE11C4,24E124C0002A0001,24E124445E318071,Class C,-,3320699337,UpUnc,false,false,false,658,86,LORA,125,7,0,4/5,8.8,-96,-,Q1VTVE9NTUVTU0FHRVRFU1RGT1JHUklEQUNUSVZBVElPTg==,435553544f4d4d45535341474554455354464f524752494441435449564154494f4e,"{""text"":""CUSTOMMESSAGETESTFORGRIDACTIVATION""}",5a5d587f,86.0,435553544f4d4d45535341474554455354464f524752494441435449564154494f4e,{'text': 'CUSTOMMESSAGETESTFORGRIDACTIVATION'},,CUSTOMMESSAGETESTFORGRIDACTIVATION,['R1187'],R1187,['R1187'],['2026-06-25_R1187_01'],['R1187'],True,2026-06-25,True,True,2026-06-25_R1187_01,2026-06-25,R1187,1,7,assigned_manual_window,True,0.0,False,7,-83.816,-1.1,2026-06-25 12:14:40+02:00,2026-06-25 12:14:40+02:00,2026-06-25 12:18:35+02:00,False,False,,22,43,21,0,624,666,0.5116279069767442,0.4883720930232558,0.4883720930232558,group_7
24E124445E318071,24E124FFFEFE11C4,868100000,SF7BW125, -94/3.0,34,660,UpUnc,2026-06-25 10:17:20+00:00,"Dev Addr/Multicast Addr: 06139e8c
GwEUI: 24E124FFFEFE11C4
AppEUI: 24E124C0002A0001
Device EUI/Group Name: 24E124445E318071
Class Type: Class C
Immediately: -
Timestamp: 3328304292
Type: UpUnc
Adr: false
AdrAcKReq: false
Ack: false
Fcnt: 660
Port: 86
Modulation: LORA
Bandwidth: 125
SpreadFactor: 7
Bitrate: 0
CodeRate: 4/5
SNR: 3.0
RSSI: -94
Power: -
Payload(b64): Q1VTVE9NTUVTU0FHRVRFU1RGT1JHUklEQUNUSVZBVElPTg==
Payload(hex): 435553544f4d4d45535341474554455354464f524752494441435449564154494f4e
JSON: {""text"":""CUSTOMMESSAGETESTFORGRIDACTIVATION""}
MIC: 87bd10bb",25-06_1187 (mirror 1354).csv,,25-06_1187 (mirror 1354),1187,1354,"[1187, 1354]",[1187],['R1187'],2026-06-25,2026-06-25 12:17:20+02:00,-94.0,3.0,06139e8c,24E124FFFEFE11C4,24E124C0002A0001,24E124445E318071,Class C,-,3328304292,UpUnc,false,false,false,660,86,LORA,125,7,0,4/5,3.0,-94,-,Q1VTVE9NTUVTU0FHRVRFU1RGT1JHUklEQUNUSVZBVElPTg==,435553544f4d4d45535341474554455354464f524752494441435449564154494f4e,"{""text"":""CUSTOMMESSAGETESTFORGRIDACTIVATION""}",87bd10bb,86.0,435553544f4d4d45535341474554455354464f524752494441435449564154494f4e,{'text': 'CUSTOMMESSAGETESTFORGRIDACTIVATION'},,CUSTOMMESSAGETESTFORGRIDACTIVATION,['R1187'],R1187,['R1187'],['2026-06-25_R1187_01'],['R1187'],True,2026-06-25,True,True,2026-06-25_R1187_01,2026-06-25,R1187,1,7,assigned_manual_window,True,0.0,False,7,-83.816,-1.1,2026-06-25 12:14:40+02:00,2026-06-25 12:14:40+02:00,2026-06-25 12:18:35+02:00,False,False,,22,43,21,0,624,666,0.5116279069767442,0.4883720930232558,0.4883720930232558,group_7
24E124445E318071,24E124FFFEFE11C4,868300000,SF7BW125, -93/10.5,34,662,UpUnc,2026-06-25 10:17:29+00:00,"Dev Addr/Multicast Addr: 06139e8c
GwEUI: 24E124FFFEFE11C4
AppEUI: 24E124C0002A0001
Device EUI/Group Name: 24E124445E318071
Class Type: Class C
Immediately: -
Timestamp: 3337078294
Type: UpUnc
Adr: false
AdrAcKReq: false
Ack: false
Fcnt: 662
Port: 86
Modulation: LORA
Bandwidth: 125
SpreadFactor: 7
Bitrate: 0
CodeRate: 4/5
SNR: 10.5
RSSI: -93
Power: -
Payload(b64): Q1VTVE9NTUVTU0FHRVRFU1RGT1JHUklEQUNUSVZBVElPTg==
Payload(hex): 435553544f4d4d45535341474554455354464f524752494441435449564154494f4e
JSON: {""text"":""CUSTOMMESSAGETESTFORGRIDACTIVATION""}
MIC: 7bf6e525",25-06_1187 (mirror 1354).csv,,25-06_1187 (mirror 1354),1187,1354,"[1187, 1354]",[1187],['R1187'],2026-06-25,2026-06-25 12:17:29+02:00,-93.0,10.5,06139e8c,24E124FFFEFE11C4,24E124C0002A0001,24E124445E318071,Class C,-,3337078294,UpUnc,false,false,false,662,86,LORA,125,7,0,4/5,10.5,-93,-,Q1VTVE9NTUVTU0FHRVRFU1RGT1JHUklEQUNUSVZBVElPTg==,435553544f4d4d45535341474554455354464f524752494441435449564154494f4e,"{""text"":""CUSTOMMESSAGETESTFORGRIDACTIVATION""}",7bf6e525,86.0,435553544f4d4d45535341474554455354464f524752494441435449564154494f4e,{'text': 'CUSTOMMESSAGETESTFORGRIDACTIVATION'},,CUSTOMMESSAGETESTFORGRIDACTIVATION,['R1187'],R1187,['R1187'],['2026-06-25_R1187_01'],['R1187'],True,2026-06-25,True,True,2026-06-25_R1187_01,2026-06-25,R1187,1,7,assigned_manual_window,True,0.0,False,7,-83.816,-1.1,2026-06-25 12:14:40+02:00,2026-06-25 12:14:40+02:00,2026-06-25 12:18:35+02:00,False,False,,22,43,21,0,624,666,0.5116279069767442,0.4883720930232558,0.4883720930232558,group_7
24E124445E318071,24E124FFFEFE11C4,868300000,SF7BW125, -92/3.0,34,665,UpUnc,2026-06-25 10:17:55+00:00,"Dev Addr/Multicast Addr: 06139e8c
GwEUI: 24E124FFFEFE11C4
AppEUI: 24E124C0002A0001
Device EUI/Group Name: 24E124445E318071
Class Type: Class C
Immediately: -
Timestamp: 3363315332
Type: UpUnc
Adr: false
AdrAcKReq: false
Ack: false
Fcnt: 665
Port: 86
Modulation: LORA
Bandwidth: 125
SpreadFactor: 7
Bitrate: 0
CodeRate: 4/5
SNR: 3.0
RSSI: -92
Power: -
Payload(b64): Q1VTVE9NTUVTU0FHRVRFU1RGT1JHUklEQUNUSVZBVElPTg==
Payload(hex): 435553544f4d4d45535341474554455354464f524752494441435449564154494f4e
JSON: {""text"":""CUSTOMMESSAGETESTFORGRIDACTIVATION""}
MIC: 6c9669c2",25-06_1187 (mirror 1354).csv,,25-06_1187 (mirror 1354),1187,1354,"[1187, 1354]",[1187],['R1187'],2026-06-25,2026-06-25 12:17:55+02:00,-92.0,3.0,06139e8c,24E124FFFEFE11C4,24E124C0002A0001,24E124445E318071,Class C,-,3363315332,UpUnc,false,false,false,665,86,LORA,125,7,0,4/5,3.0,-92,-,Q1VTVE9NTUVTU0FHRVRFU1RGT1JHUklEQUNUSVZBVElPTg==,435553544f4d4d45535341474554455354464f524752494441435449564154494f4e,"{""text"":""CUSTOMMESSAGETESTFORGRIDACTIVATION""}",6c9669c2,86.0,435553544f4d4d45535341474554455354464f524752494441435449564154494f4e,{'text': 'CUSTOMMESSAGETESTFORGRIDACTIVATION'},,CUSTOMMESSAGETESTFORGRIDACTIVATION,['R1187'],R1187,['R1187'],['2026-06-25_R1187_01'],['R1187'],True,2026-06-25,True,True,2026-06-25_R1187_01,2026-06-25,R1187,1,7,assigned_manual_window,True,0.0,False,7,-83.816,-1.1,2026-06-25 12:14:40+02:00,2026-06-25 12:14:40+02:00,2026-06-25 12:18:35+02:00,False,False,,22,43,21,0,624,666,0.5116279069767442,0.4883720930232558,0.4883720930232558,group_7
24E124445E318071,24E124FFFEFE11C4,868100000,SF7BW125, -103/2.2,34,666,UpUnc,2026-06-25 10:18:00+00:00,"Dev Addr/Multicast Addr: 06139e8c
GwEUI: 24E124FFFEFE11C4
AppEUI: 24E124C0002A0001
Device EUI/Group Name: 24E124445E318071
Class Type: Class C
Immediately: -
Timestamp: 3368197279
Type: UpUnc
Adr: false
AdrAcKReq: false
Ack: false
Fcnt: 666
Port: 86
Modulation: LORA
Bandwidth: 125
SpreadFactor: 7
Bitrate: 0
CodeRate: 4/5
SNR: 2.2
RSSI: -103
Power: -
Payload(b64): Q1VTVE9NTUVTU0FHRVRFU1RGT1JHUklEQUNUSVZBVElPTg==
Payload(hex): 435553544f4d4d45535341474554455354464f524752494441435449564154494f4e
JSON: {""text"":""CUSTOMMESSAGETESTFORGRIDACTIVATION""}
MIC: 33b8a82e",25-06_1187 (mirror 1354).csv,,25-06_1187 (mirror 1354),1187,1354,"[1187, 1354]",[1187],['R1187'],2026-06-25,2026-06-25 12:18:00+02:00,-103.0,2.2,06139e8c,24E124FFFEFE11C4,24E124C0002A0001,24E124445E318071,Class C,-,3368197279,UpUnc,false,false,false,666,86,LORA,125,7,0,4/5,2.2,-103,-,Q1VTVE9NTUVTU0FHRVRFU1RGT1JHUklEQUNUSVZBVElPTg==,435553544f4d4d45535341474554455354464f524752494441435449564154494f4e,"{""text"":""CUSTOMMESSAGETESTFORGRIDACTIVATION""}",33b8a82e,86.0,435553544f4d4d45535341474554455354464f524752494441435449564154494f4e,{'text': 'CUSTOMMESSAGETESTFORGRIDACTIVATION'},,CUSTOMMESSAGETESTFORGRIDACTIVATION,['R1187'],R1187,['R1187'],['2026-06-25_R1187_01'],['R1187'],True,2026-06-25,True,True,2026-06-25_R1187_01,2026-06-25,R1187,1,7,assigned_manual_window,True,0.0,False,7,-83.816,-1.1,2026-06-25 12:14:40+02:00,2026-06-25 12:14:40+02:00,2026-06-25 12:18:35+02:00,False,False,,22,43,21,0,624,666,0.5116279069767442,0.4883720930232558,0.4883720930232558,group_7
24E124445E318071,24E124FFFEFE11C4,868300000,SF7BW125, -102/4.0,34,785,UpUnc,2026-06-25 10:40:20+00:00,"Dev Addr/Multicast Addr: 06139e8c
GwEUI: 24E124FFFEFE11C4
AppEUI: 24E124C0002A0001
Device EUI/Group Name: 24E124445E318071
Class Type: Class C
Immediately: -
Timestamp: 412862202
Type: UpUnc
Adr: false
AdrAcKReq: false
Ack: false
Fcnt: 785
Port: 86
Modulation: LORA
Bandwidth: 125
SpreadFactor: 7
Bitrate: 0
CodeRate: 4/5
SNR: 4.0
RSSI: -102
Power: -
Payload(b64): Q1VTVE9NTUVTU0FHRVRFU1RGT1JHUklEQUNUSVZBVElPTg==
Payload(hex): 435553544f4d4d45535341474554455354464f524752494441435449564154494f4e
JSON: {""text"":""CUSTOMMESSAGETESTFORGRIDACTIVATION""}
MIC: dd00be28",25-06_1189 (mirror 1352).csv,,25-06_1189 (mirror 1352),1189,1352,"[1189, 1352]",[1189],['R1189'],2026-06-25,2026-06-25 12:40:20+02:00,-102.0,4.0,06139e8c,24E124FFFEFE11C4,24E124C0002A0001,24E124445E318071,Class C,-,412862202,UpUnc,false,false,false,785,86,LORA,125,7,0,4/5,4.0,-102,-,Q1VTVE9NTUVTU0FHRVRFU1RGT1JHUklEQUNUSVZBVElPTg==,435553544f4d4d45535341474554455354464f524752494441435449564154494f4e,"{""text"":""CUSTOMMESSAGETESTFORGRIDACTIVATION""}",dd00be28,86.0,435553544f4d4d45535341474554455354464f524752494441435449564154494f4e,{'text': 'CUSTOMMESSAGETESTFORGRIDACTIVATION'},,CUSTOMMESSAGETESTFORGRIDACTIVATION,['R1189'],R1189,['R1189'],['2026-06-25_R1189_01'],['R1189'],True,2026-06-25,True,True,2026-06-25_R1189_01,2026-06-25,R1189,1,7,assigned_manual_window,True,0.0,False,7,-83.816,-3.3000000000000003,2026-06-25 12:40:15+02:00,2026-06-25 12:40:15+02:00,2026-06-25 12:42:30+02:00,False,False,,14,28,14,0,785,812,0.5,0.5,0.5,group_7
24E124445E318071,24E124FFFEFE11C4,868300000,SF7BW125, -95/9.0,34,787,UpUnc,2026-06-25 10:40:29+00:00,"Dev Addr/Multicast Addr: 06139e8c
GwEUI: 24E124FFFEFE11C4
AppEUI: 24E124C0002A0001
Device EUI/Group Name: 24E124445E318071
Class Type: Class C
Immediately: -
Timestamp: 422238741
Type: UpUnc
Adr: false
AdrAcKReq: false
Ack: false
Fcnt: 787
Port: 86
Modulation: LORA
Bandwidth: 125
SpreadFactor: 7
Bitrate: 0
CodeRate: 4/5
SNR: 9.0
RSSI: -95
Power: -
Payload(b64): Q1VTVE9NTUVTU0FHRVRFU1RGT1JHUklEQUNUSVZBVElPTg==
Payload(hex): 435553544f4d4d45535341474554455354464f524752494441435449564154494f4e
JSON: {""text"":""CUSTOMMESSAGETESTFORGRIDACTIVATION""}
MIC: 67229d1e",25-06_1189 (mirror 1352).csv,,25-06_1189 (mirror 1352),1189,1352,"[1189, 1352]",[1189],['R1189'],2026-06-25,2026-06-25 12:40:29+02:00,-95.0,9.0,06139e8c,24E124FFFEFE11C4,24E124C0002A0001,24E124445E318071,Class C,-,422238741,UpUnc,false,false,false,787,86,LORA,125,7,0,4/5,9.0,-95,-,Q1VTVE9NTUVTU0FHRVRFU1RGT1JHUklEQUNUSVZBVElPTg==,435553544f4d4d45535341474554455354464f524752494441435449564154494f4e,"{""text"":""CUSTOMMESSAGETESTFORGRIDACTIVATION""}",67229d1e,86.0,435553544f4d4d45535341474554455354464f524752494441435449564154494f4e,{'text': 'CUSTOMMESSAGETESTFORGRIDACTIVATION'},,CUSTOMMESSAGETESTFORGRIDACTIVATION,['R1189'],R1189,['R1189'],['2026-06-25_R1189_01'],['R1189'],True,2026-06-25,True,True,2026-06-25_R1189_01,2026-06-25,R1189,1,7,assigned_manual_window,True,0.0,False,7,-83.816,-3.3000000000000003,2026-06-25 12:40:15+02:00,2026-06-25 12:40:15+02:00,2026-06-25 12:42:30+02:00,False,False,,14,28,14,0,785,812,0.5,0.5,0.5,group_7
24E124445E318071,24E124FFFEFE11C4,868100000,SF7BW125, -101/4.8,34,789,UpUnc,2026-06-25 10:40:38+00:00,"Dev Addr/Multicast Addr: 06139e8c
GwEUI: 24E124FFFEFE11C4
AppEUI: 24E124C0002A0001
Device EUI/Group Name: 24E124445E318071
Class Type: Class C
Immediately: -
Timestamp: 431667724
Type: UpUnc
Adr: false
AdrAcKReq: false
Ack: false
Fcnt: 789
Port: 86
Modulation: LORA
Bandwidth: 125
SpreadFactor: 7
Bitrate: 0
CodeRate: 4/5
SNR: 4.8
RSSI: -101
Power: -
Payload(b64): Q1VTVE9NTUVTU0FHRVRFU1RGT1JHUklEQUNUSVZBVElPTg==
Payload(hex): 435553544f4d4d45535341474554455354464f524752494441435449564154494f4e
JSON: {""text"":""CUSTOMMESSAGETESTFORGRIDACTIVATION""}
MIC: 3ecc6dc7",25-06_1189 (mirror 1352).csv,,25-06_1189 (mirror 1352),1189,1352,"[1189, 1352]",[1189],['R1189'],2026-06-25,2026-06-25 12:40:38+02:00,-101.0,4.8,06139e8c,24E124FFFEFE11C4,24E124C0002A0001,24E124445E318071,Class C,-,431667724,UpUnc,false,false,false,789,86,LORA,125,7,0,4/5,4.8,-101,-,Q1VTVE9NTUVTU0FHRVRFU1RGT1JHUklEQUNUSVZBVElPTg==,435553544f4d4d45535341474554455354464f524752494441435449564154494f4e,"{""text"":""CUSTOMMESSAGETESTFORGRIDACTIVATION""}",3ecc6dc7,86.0,435553544f4d4d45535341474554455354464f524752494441435449564154494f4e,{'text': 'CUSTOMMESSAGETESTFORGRIDACTIVATION'},,CUSTOMMESSAGETESTFORGRIDACTIVATION,['R1189'],R1189,['R1189'],['2026-06-25_R1189_01'],['R1189'],True,2026-06-25,True,True,2026-06-25_R1189_01,2026-06-25,R1189,1,7,assigned_manual_window,True,0.0,False,7,-83.816,-3.3000000000000003,2026-06-25 12:40:15+02:00,2026-06-25 12:40:15+02:00,2026-06-25 12:42:30+02:00,False,False,,14,28,14,0,785,812,0.5,0.5,0.5,group_7
24E124445E318071,24E124FFFEFE11C4,868500000,SF7BW125, -99/5.0,34,792,UpUnc,2026-06-25 10:40:53+00:00,"Dev Addr/Multicast Addr: 06139e8c
GwEUI: 24E124FFFEFE11C4
AppEUI: 24E124C0002A0001
Device EUI/Group Name: 24E124445E318071
Class Type: Class C
Immediately: -
Timestamp: 446504246
Type: UpUnc
Adr: false
AdrAcKReq: false
Ack: false
Fcnt: 792
Port: 86
Modulation: LORA
Bandwidth: 125
SpreadFactor: 7
Bitrate: 0
CodeRate: 4/5
SNR: 5.0
RSSI: -99
Power: -
Payload(b64): Q1VTVE9NTUVTU0FHRVRFU1RGT1JHUklEQUNUSVZBVElPTg==
Payload(hex): 435553544f4d4d45535341474554455354464f524752494441435449564154494f4e
JSON: {""text"":""CUSTOMMESSAGETESTFORGRIDACTIVATION""}
MIC: d2936d52",25-06_1189 (mirror 1352).csv,,25-06_1189 (mirror 1352),1189,1352,"[1189, 1352]",[1189],['R1189'],2026-06-25,2026-06-25 12:40:53+02:00,-99.0,5.0,06139e8c,24E124FFFEFE11C4,24E124C0002A0001,24E124445E318071,Class C,-,446504246,UpUnc,false,false,false,792,86,LORA,125,7,0,4/5,5.0,-99,-,Q1VTVE9NTUVTU0FHRVRFU1RGT1JHUklEQUNUSVZBVElPTg==,435553544f4d4d45535341474554455354464f524752494441435449564154494f4e,"{""text"":""CUSTOMMESSAGETESTFORGRIDACTIVATION""}",d2936d52,86.0,435553544f4d4d45535341474554455354464f524752494441435449564154494f4e,{'text': 'CUSTOMMESSAGETESTFORGRIDACTIVATION'},,CUSTOMMESSAGETESTFORGRIDACTIVATION,['R1189'],R1189,['R1189'],['2026-06-25_R1189_01'],['R1189'],True,2026-06-25,True,True,2026-06-25_R1189_01,2026-06-25,R1189,1,7,assigned_manual_window,True,0.0,False,7,-83.816,-3.3000000000000003,2026-06-25 12:40:15+02:00,2026-06-25 12:40:15+02:00,2026-06-25 12:42:30+02:00,False,False,,14,28,14,0,785,812,0.5,0.5,0.5,group_7
24E124445E318071,24E124FFFEFE11C4,868500000,SF7BW125, -96/1.8,34,794,UpUnc,2026-06-25 10:41:03+00:00,"Dev Addr/Multicast Addr: 06139e8c
GwEUI: 24E124FFFEFE11C4
AppEUI: 24E124C0002A0001
Device EUI/Group Name: 24E124445E318071
Class Type: Class C
Immediately: -
Timestamp: 456629718
Type: UpUnc
Adr: false
AdrAcKReq: false
Ack: false
Fcnt: 794
Port: 86
Modulation: LORA
Bandwidth: 125
SpreadFactor: 7
Bitrate: 0
CodeRate: 4/5
SNR: 1.8
RSSI: -96
Power: -
Payload(b64): Q1VTVE9NTUVTU0FHRVRFU1RGT1JHUklEQUNUSVZBVElPTg==
Payload(hex): 435553544f4d4d45535341474554455354464f524752494441435449564154494f4e
JSON: {""text"":""CUSTOMMESSAGETESTFORGRIDACTIVATION""}
MIC: a6ec1b72",25-06_1189 (mirror 1352).csv,,25-06_1189 (mirror 1352),1189,1352,"[1189, 1352]",[1189],['R1189'],2026-06-25,2026-06-25 12:41:03+02:00,-96.0,1.8,06139e8c,24E124FFFEFE11C4,24E124C0002A0001,24E124445E318071,Class C,-,456629718,UpUnc,false,false,false,794,86,LORA,125,7,0,4/5,1.8,-96,-,Q1VTVE9NTUVTU0FHRVRFU1RGT1JHUklEQUNUSVZBVElPTg==,435553544f4d4d45535341474554455354464f524752494441435449564154494f4e,"{""text"":""CUSTOMMESSAGETESTFORGRIDACTIVATION""}",a6ec1b72,86.0,435553544f4d4d45535341474554455354464f524752494441435449564154494f4e,{'text': 'CUSTOMMESSAGETESTFORGRIDACTIVATION'},,CUSTOMMESSAGETESTFORGRIDACTIVATION,['R1189'],R1189,['R1189'],['2026-06-25_R1189_01'],['R1189'],True,2026-06-25,True,True,2026-06-25_R1189_01,2026-06-25,R1189,1,7,assigned_manual_window,True,0.0,False,7,-83.816,-3.3000000000000003,2026-06-25 12:40:15+02:00,2026-06-25 12:40:15+02:00,2026-06-25 12:42:30+02:00,False,False,,14,28,14,0,785,812,0.5,0.5,0.5,group_7
24E124445E318071,24E124FFFEFE11C4,868300000,SF7BW125, -98/6.5,34,796,UpUnc,2026-06-25 10:41:13+00:00,"Dev Addr/Multicast Addr: 06139e8c
GwEUI: 24E124FFFEFE11C4
AppEUI: 24E124C0002A0001
Device EUI/Group Name: 24E124445E318071
Class Type: Class C
Immediately: -
Timestamp: 466545684
Type: UpUnc
Adr: false
AdrAcKReq: false
Ack: false
Fcnt: 796
Port: 86
Modulation: LORA
Bandwidth: 125
SpreadFactor: 7
Bitrate: 0
CodeRate: 4/5
SNR: 6.5
RSSI: -98
Power: -
Payload(b64): Q1VTVE9NTUVTU0FHRVRFU1RGT1JHUklEQUNUSVZBVElPTg==
Payload(hex): 435553544f4d4d45535341474554455354464f524752494441435449564154494f4e
JSON: {""text"":""CUSTOMMESSAGETESTFORGRIDACTIVATION""}
MIC: d788a4b6",25-06_1189 (mirror 1352).csv,,25-06_1189 (mirror 1352),1189,1352,"[1189, 1352]",[1189],['R1189'],2026-06-25,2026-06-25 12:41:13+02:00,-98.0,6.5,06139e8c,24E124FFFEFE11C4,24E124C0002A0001,24E124445E318071,Class C,-,466545684,UpUnc,false,false,false,796,86,LORA,125,7,0,4/5,6.5,-98,-,Q1VTVE9NTUVTU0FHRVRFU1RGT1JHUklEQUNUSVZBVElPTg==,435553544f4d4d45535341474554455354464f524752494441435449564154494f4e,"{""text"":""CUSTOMMESSAGETESTFORGRIDACTIVATION""}",d788a4b6,86.0,435553544f4d4d45535341474554455354464f524752494441435449564154494f4e,{'text': 'CUSTOMMESSAGETESTFORGRIDACTIVATION'},,CUSTOMMESSAGETESTFORGRIDACTIVATION,['R1189'],R1189,['R1189'],['2026-06-25_R1189_01'],['R1189'],True,2026-06-25,True,True,2026-06-25_R1189_01,2026-06-25,R1189,1,7,assigned_manual_window,True,0.0,False,7,-83.816,-3.3000000000000003,2026-06-25 12:40:15+02:00,2026-06-25 12:40:15+02:00,2026-06-25 12:42:30+02:00,False,False,,14,28,14,0,785,812,0.5,0.5,0.5,group_7
24E124445E318071,24E124FFFEFE11C4,868500000,SF7BW125, -99/5.2,34,798,UpUnc,2026-06-25 10:41:24+00:00,"Dev Addr/Multicast Addr: 06139e8c
GwEUI: 24E124FFFEFE11C4
AppEUI: 24E124C0002A0001
Device EUI/Group Name: 24E124445E318071
Class Type: Class C
Immediately: -
Timestamp: 477342670
Type: UpUnc
Adr: false
AdrAcKReq: false
Ack: false
Fcnt: 798
Port: 86
Modulation: LORA
Bandwidth: 125
SpreadFactor: 7
Bitrate: 0
CodeRate: 4/5
SNR: 5.2
RSSI: -99
Power: -
Payload(b64): Q1VTVE9NTUVTU0FHRVRFU1RGT1JHUklEQUNUSVZBVElPTg==
Payload(hex): 435553544f4d4d45535341474554455354464f524752494441435449564154494f4e
JSON: {""text"":""CUSTOMMESSAGETESTFORGRIDACTIVATION""}
MIC: f48ac470",25-06_1189 (mirror 1352).csv,,25-06_1189 (mirror 1352),1189,1352,"[1189, 1352]",[1189],['R1189'],2026-06-25,2026-06-25 12:41:24+02:00,-99.0,5.2,06139e8c,24E124FFFEFE11C4,24E124C0002A0001,24E124445E318071,Class C,-,477342670,UpUnc,false,false,false,798,86,LORA,125,7,0,4/5,5.2,-99,-,Q1VTVE9NTUVTU0FHRVRFU1RGT1JHUklEQUNUSVZBVElPTg==,435553544f4d4d45535341474554455354464f524752494441435449564154494f4e,"{""text"":""CUSTOMMESSAGETESTFORGRIDACTIVATION""}",f48ac470,86.0,435553544f4d4d45535341474554455354464f524752494441435449564154494f4e,{'text': 'CUSTOMMESSAGETESTFORGRIDACTIVATION'},,CUSTOMMESSAGETESTFORGRIDACTIVATION,['R1189'],R1189,['R1189'],['2026-06-25_R1189_01'],['R1189'],True,2026-06-25,True,True,2026-06-25_R1189_01,2026-06-25,R1189,1,7,assigned_manual_window,True,0.0,False,7,-83.816,-3.3000000000000003,2026-06-25 12:40:15+02:00,2026-06-25 12:40:15+02:00,2026-06-25 12:42:30+02:00,False,False,,14,28,14,0,785,812,0.5,0.5,0.5,group_7
24E124445E318071,24E124FFFEFE11C4,868100000,SF7BW125, -98/5.0,34,800,UpUnc,2026-06-25 10:41:31+00:00,"Dev Addr/Multicast Addr: 06139e8c
GwEUI: 24E124FFFEFE11C4
AppEUI: 24E124C0002A0001
Device EUI/Group Name: 24E124445E318071
Class Type: Class C
Immediately: -
Timestamp: 484702242
Type: UpUnc
Adr: false
AdrAcKReq: false
Ack: false
Fcnt: 800
Port: 86
Modulation: LORA
Bandwidth: 125
SpreadFactor: 7
Bitrate: 0
CodeRate: 4/5
SNR: 5.0
RSSI: -98
Power: -
Payload(b64): Q1VTVE9NTUVTU0FHRVRFU1RGT1JHUklEQUNUSVZBVElPTg==
Payload(hex): 435553544f4d4d45535341474554455354464f524752494441435449564154494f4e
JSON: {""text"":""CUSTOMMESSAGETESTFORGRIDACTIVATION""}
MIC: 3ea99c30",25-06_1189 (mirror 1352).csv,,25-06_1189 (mirror 1352),1189,1352,"[1189, 1352]",[1189],['R1189'],2026-06-25,2026-06-25 12:41:31+02:00,-98.0,5.0,06139e8c,24E124FFFEFE11C4,24E124C0002A0001,24E124445E318071,Class C,-,484702242,UpUnc,false,false,false,800,86,LORA,125,7,0,4/5,5.0,-98,-,Q1VTVE9NTUVTU0FHRVRFU1RGT1JHUklEQUNUSVZBVElPTg==,435553544f4d4d45535341474554455354464f524752494441435449564154494f4e,"{""text"":""CUSTOMMESSAGETESTFORGRIDACTIVATION""}",3ea99c30,86.0,435553544f4d4d45535341474554455354464f524752494441435449564154494f4e,{'text': 'CUSTOMMESSAGETESTFORGRIDACTIVATION'},,CUSTOMMESSAGETESTFORGRIDACTIVATION,['R1189'],R1189,['R1189'],['2026-06-25_R1189_01'],['R1189'],True,2026-06-25,True,True,2026-06-25_R1189_01,2026-06-25,R1189,1,7,assigned_manual_window,True,0.0,False,7,-83.816,-3.3000000000000003,2026-06-25 12:40:15+02:00,2026-06-25 12:40:15+02:00,2026-06-25 12:42:30+02:00,False,False,,14,28,14,0,785,812,0.5,0.5,0.5,group_7
24E124445E318071,24E124FFFEFE11C4,868100000,SF7BW125, -99/6.8,34,802,UpUnc,2026-06-25 10:41:40+00:00,"Dev Addr/Multicast Addr: 06139e8c
GwEUI: 24E124FFFEFE11C4
AppEUI: 24E124C0002A0001
Device EUI/Group Name: 24E124445E318071
Class Type: Class C
Immediately: -
Timestamp: 493689731
Type: UpUnc
Adr: false
AdrAcKReq: false
Ack: false
Fcnt: 802
Port: 86
Modulation: LORA
Bandwidth: 125
SpreadFactor: 7
Bitrate: 0
CodeRate: 4/5
SNR: 6.8
RSSI: -99
Power: -
Payload(b64): Q1VTVE9NTUVTU0FHRVRFU1RGT1JHUklEQUNUSVZBVElPTg==
Payload(hex): 435553544f4d4d45535341474554455354464f524752494441435449564154494f4e
JSON: {""text"":""CUSTOMMESSAGETESTFORGRIDACTIVATION""}
MIC: 701eb6a3",25-06_1189 (mirror 1352).csv,,25-06_1189 (mirror 1352),1189,1352,"[1189, 1352]",[1189],['R1189'],2026-06-25,2026-06-25 12:41:40+02:00,-99.0,6.8,06139e8c,24E124FFFEFE11C4,24E124C0002A0001,24E124445E318071,Class C,-,493689731,UpUnc,false,false,false,802,86,LORA,125,7,0,4/5,6.8,-99,-,Q1VTVE9NTUVTU0FHRVRFU1RGT1JHUklEQUNUSVZBVElPTg==,435553544f4d4d45535341474554455354464f524752494441435449564154494f4e,"{""text"":""CUSTOMMESSAGETESTFORGRIDACTIVATION""}",701eb6a3,86.0,435553544f4d4d45535341474554455354464f524752494441435449564154494f4e,{'text': 'CUSTOMMESSAGETESTFORGRIDACTIVATION'},,CUSTOMMESSAGETESTFORGRIDACTIVATION,['R1189'],R1189,['R1189'],['2026-06-25_R1189_01'],['R1189'],True,2026-06-25,True,True,2026-06-25_R1189_01,2026-06-25,R1189,1,7,assigned_manual_window,True,0.0,False,7,-83.816,-3.3000000000000003,2026-06-25 12:40:15+02:00,2026-06-25 12:40:15+02:00,2026-06-25 12:42:30+02:00,False,False,,14,28,14,0,785,812,0.5,0.5,0.5,group_7
24E124445E318071,24E124FFFEFE11C4,868500000,SF7BW125, -100/4.0,34,804,UpUnc,2026-06-25 10:41:50+00:00,"Dev Addr/Multicast Addr: 06139e8c
GwEUI: 24E124FFFEFE11C4
AppEUI: 24E124C0002A0001
Device EUI/Group Name: 24E124445E318071
Class Type: Class C
Immediately: -
Timestamp: 503189722
Type: UpUnc
Adr: false
AdrAcKReq: false
Ack: false
Fcnt: 804
Port: 86
Modulation: LORA
Bandwidth: 125
SpreadFactor: 7
Bitrate: 0
CodeRate: 4/5
SNR: 4.0
RSSI: -100
Power: -
Payload(b64): Q1VTVE9NTUVTU0FHRVRFU1RGT1JHUklEQUNUSVZBVElPTg==
Payload(hex): 435553544f4d4d45535341474554455354464f524752494441435449564154494f4e
JSON: {""text"":""CUSTOMMESSAGETESTFORGRIDACTIVATION""}
MIC: f9a38211",25-06_1189 (mirror 1352).csv,,25-06_1189 (mirror 1352),1189,1352,"[1189, 1352]",[1189],['R1189'],2026-06-25,2026-06-25 12:41:50+02:00,-100.0,4.0,06139e8c,24E124FFFEFE11C4,24E124C0002A0001,24E124445E318071,Class C,-,503189722,UpUnc,false,false,false,804,86,LORA,125,7,0,4/5,4.0,-100,-,Q1VTVE9NTUVTU0FHRVRFU1RGT1JHUklEQUNUSVZBVElPTg==,435553544f4d4d45535341474554455354464f524752494441435449564154494f4e,"{""text"":""CUSTOMMESSAGETESTFORGRIDACTIVATION""}",f9a38211,86.0,435553544f4d4d45535341474554455354464f524752494441435449564154494f4e,{'text': 'CUSTOMMESSAGETESTFORGRIDACTIVATION'},,CUSTOMMESSAGETESTFORGRIDACTIVATION,['R1189'],R1189,['R1189'],['2026-06-25_R1189_01'],['R1189'],True,2026-06-25,True,True,2026-06-25_R1189_01,2026-06-25,R1189,1,7,assigned_manual_window,True,0.0,False,7,-83.816,-3.3000000000000003,2026-06-25 12:40:15+02:00,2026-06-25 12:40:15+02:00,2026-06-25 12:42:30+02:00,False,False,,14,28,14,0,785,812,0.5,0.5,0.5,group_7
24E124445E318071,24E124FFFEFE11C4,868500000,SF7BW125, -99/5.5,34,806,UpUnc,2026-06-25 10:41:59+00:00,"Dev Addr/Multicast Addr: 06139e8c
GwEUI: 24E124FFFEFE11C4
AppEUI: 24E124C0002A0001
Device EUI/Group Name: 24E124445E318071
Class Type: Class C
Immediately: -
Timestamp: 511861666
Type: UpUnc
Adr: false
AdrAcKReq: false
Ack: false
Fcnt: 806
Port: 86
Modulation: LORA
Bandwidth: 125
SpreadFactor: 7
Bitrate: 0
CodeRate: 4/5
SNR: 5.5
RSSI: -99
Power: -
Payload(b64): Q1VTVE9NTUVTU0FHRVRFU1RGT1JHUklEQUNUSVZBVElPTg==
Payload(hex): 435553544f4d4d45535341474554455354464f524752494441435449564154494f4e
JSON: {""text"":""CUSTOMMESSAGETESTFORGRIDACTIVATION""}
MIC: 033a8cb5",25-06_1189 (mirror 1352).csv,,25-06_1189 (mirror 1352),1189,1352,"[1189, 1352]",[1189],['R1189'],2026-06-25,2026-06-25 12:41:59+02:00,-99.0,5.5,06139e8c,24E124FFFEFE11C4,24E124C0002A0001,24E124445E318071,Class C,-,511861666,UpUnc,false,false,false,806,86,LORA,125,7,0,4/5,5.5,-99,-,Q1VTVE9NTUVTU0FHRVRFU1RGT1JHUklEQUNUSVZBVElPTg==,435553544f4d4d45535341474554455354464f524752494441435449564154494f4e,"{""text"":""CUSTOMMESSAGETESTFORGRIDACTIVATION""}",033a8cb5,86.0,435553544f4d4d45535341474554455354464f524752494441435449564154494f4e,{'text': 'CUSTOMMESSAGETESTFORGRIDACTIVATION'},,CUSTOMMESSAGETESTFORGRIDACTIVATION,['R1189'],R1189,['R1189'],['2026-06-25_R1189_01'],['R1189'],True,2026-06-25,True,True,2026-06-25_R1189_01,2026-06-25,R1189,1,7,assigned_manual_window,True,0.0,False,7,-83.816,-3.3000000000000003,2026-06-25 12:40:15+02:00,2026-06-25 12:40:15+02:00,2026-06-25 12:42:30+02:00,False,False,,14,28,14,0,785,812,0.5,0.5,0.5,group_7
24E124445E318071,24E124FFFEFE11C4,868100000,SF7BW125, -94/10.2,34,808,UpUnc,2026-06-25 10:42:07+00:00,"Dev Addr/Multicast Addr: 06139e8c
GwEUI: 24E124FFFEFE11C4
AppEUI: 24E124C0002A0001
Device EUI/Group Name: 24E124445E318071
Class Type: Class C
Immediately: -
Timestamp: 520547061
Type: UpUnc
Adr: false
AdrAcKReq: false
Ack: false
Fcnt: 808
Port: 86
Modulation: LORA
Bandwidth: 125
SpreadFactor: 7
Bitrate: 0
CodeRate: 4/5
SNR: 10.2
RSSI: -94
Power: -
Payload(b64): Q1VTVE9NTUVTU0FHRVRFU1RGT1JHUklEQUNUSVZBVElPTg==
Payload(hex): 435553544f4d4d45535341474554455354464f524752494441435449564154494f4e
JSON: {""text"":""CUSTOMMESSAGETESTFORGRIDACTIVATION""}
MIC: 19b40955",25-06_1189 (mirror 1352).csv,,25-06_1189 (mirror 1352),1189,1352,"[1189, 1352]",[1189],['R1189'],2026-06-25,2026-06-25 12:42:07+02:00,-94.0,10.2,06139e8c,24E124FFFEFE11C4,24E124C0002A0001,24E124445E318071,Class C,-,520547061,UpUnc,false,false,false,808,86,LORA,125,7,0,4/5,10.2,-94,-,Q1VTVE9NTUVTU0FHRVRFU1RGT1JHUklEQUNUSVZBVElPTg==,435553544f4d4d45535341474554455354464f524752494441435449564154494f4e,"{""text"":""CUSTOMMESSAGETESTFORGRIDACTIVATION""}",19b40955,86.0,435553544f4d4d45535341474554455354464f524752494441435449564154494f4e,{'text': 'CUSTOMMESSAGETESTFORGRIDACTIVATION'},,CUSTOMMESSAGETESTFORGRIDACTIVATION,['R1189'],R1189,['R1189'],['2026-06-25_R1189_01'],['R1189'],True,2026-06-25,True,True,2026-06-25_R1189_01,2026-06-25,R1189,1,7,assigned_manual_window,True,0.0,False,7,-83.816,-3.3000000000000003,2026-06-25 12:40:15+02:00,2026-06-25 12:40:15+02:00,2026-06-25 12:42:30+02:00,False,False,,14,28,14,0,785,812,0.5,0.5,0.5,group_7
24E124445E318071,24E124FFFEFE11C4,868300000,SF7BW125, -99/3.5,34,810,UpUnc,2026-06-25 10:42:16+00:00,"Dev Addr/Multicast Addr: 06139e8c
GwEUI: 24E124FFFEFE11C4
AppEUI: 24E124C0002A0001
Device EUI/Group Name: 24E124445E318071
Class Type: Class C
Immediately: -
Timestamp: 528997718
Type: UpUnc
Adr: false
AdrAcKReq: false
Ack: false
Fcnt: 810
Port: 86
Modulation: LORA
Bandwidth: 125
SpreadFactor: 7
Bitrate: 0
CodeRate: 4/5
SNR: 3.5
RSSI: -99
Power: -
Payload(b64): Q1VTVE9NTUVTU0FHRVRFU1RGT1JHUklEQUNUSVZBVElPTg==
Payload(hex): 435553544f4d4d45535341474554455354464f524752494441435449564154494f4e
JSON: {""text"":""CUSTOMMESSAGETESTFORGRIDACTIVATION""}
MIC: 1255205f",25-06_1189 (mirror 1352).csv,,25-06_1189 (mirror 1352),1189,1352,"[1189, 1352]",[1189],['R1189'],2026-06-25,2026-06-25 12:42:16+02:00,-99.0,3.5,06139e8c,24E124FFFEFE11C4,24E124C0002A0001,24E124445E318071,Class C,-,528997718,UpUnc,false,false,false,810,86,LORA,125,7,0,4/5,3.5,-99,-,Q1VTVE9NTUVTU0FHRVRFU1RGT1JHUklEQUNUSVZBVElPTg==,435553544f4d4d45535341474554455354464f524752494441435449564154494f4e,"{""text"":""CUSTOMMESSAGETESTFORGRIDACTIVATION""}",1255205f,86.0,435553544f4d4d45535341474554455354464f524752494441435449564154494f4e,{'text': 'CUSTOMMESSAGETESTFORGRIDACTIVATION'},,CUSTOMMESSAGETESTFORGRIDACTIVATION,['R1189'],R1189,['R1189'],['2026-06-25_R1189_01'],['R1189'],True,2026-06-25,True,True,2026-06-25_R1189_01,2026-06-25,R1189,1,7,assigned_manual_window,True,0.0,False,7,-83.816,-3.3000000000000003,2026-06-25 12:40:15+02:00,2026-06-25 12:40:15+02:00,2026-06-25 12:42:30+02:00,False,False,,14,28,14,0,785,812,0.5,0.5,0.5,group_7
24E124445E318071,24E124FFFEFE11C4,868500000,SF7BW125, -99/5.0,34,812,UpUnc,2026-06-25 10:42:23+00:00,"Dev Addr/Multicast Addr: 06139e8c
GwEUI: 24E124FFFEFE11C4
AppEUI: 24E124C0002A0001
Device EUI/Group Name: 24E124445E318071
Class Type: Class C
Immediately: -
Timestamp: 535992695
Type: UpUnc
Adr: false
AdrAcKReq: false
Ack: false
Fcnt: 812
Port: 86
Modulation: LORA
Bandwidth: 125
SpreadFactor: 7
Bitrate: 0
CodeRate: 4/5
SNR: 5.0
RSSI: -99
Power: -
Payload(b64): Q1VTVE9NTUVTU0FHRVRFU1RGT1JHUklEQUNUSVZBVElPTg==
Payload(hex): 435553544f4d4d45535341474554455354464f524752494441435449564154494f4e
JSON: {""text"":""CUSTOMMESSAGETESTFORGRIDACTIVATION""}
MIC: 4910f12d",25-06_1189 (mirror 1352).csv,,25-06_1189 (mirror 1352),1189,1352,"[1189, 1352]",[1189],['R1189'],2026-06-25,2026-06-25 12:42:23+02:00,-99.0,5.0,06139e8c,24E124FFFEFE11C4,24E124C0002A0001,24E124445E318071,Class C,-,535992695,UpUnc,false,false,false,812,86,LORA,125,7,0,4/5,5.0,-99,-,Q1VTVE9NTUVTU0FHRVRFU1RGT1JHUklEQUNUSVZBVElPTg==,435553544f4d4d45535341474554455354464f524752494441435449564154494f4e,"{""text"":""CUSTOMMESSAGETESTFORGRIDACTIVATION""}",4910f12d,86.0,435553544f4d4d45535341474554455354464f524752494441435449564154494f4e,{'text': 'CUSTOMMESSAGETESTFORGRIDACTIVATION'},,CUSTOMMESSAGETESTFORGRIDACTIVATION,['R1189'],R1189,['R1189'],['2026-06-25_R1189_01'],['R1189'],True,2026-06-25,True,True,2026-06-25_R1189_01,2026-06-25,R1189,1,7,assigned_manual_window,True,0.0,False,7,-83.816,-3.3000000000000003,2026-06-25 12:40:15+02:00,2026-06-25 12:40:15+02:00,2026-06-25 12:42:30+02:00,False,False,,14,28,14,0,785,812,0.5,0.5,0.5,group_7
24E124445E318071,24E124FFFEFE11C4,868500000,SF7BW125, -92/9.0,34,934,UpUnc,2026-06-25 11:02:54+00:00,"Dev Addr/Multicast Addr: 06139e8c
GwEUI: 24E124FFFEFE11C4
AppEUI: 24E124C0002A0001
Device EUI/Group Name: 24E124445E318071
Class Type: Class C
Immediately: -
Timestamp: 1767597674
Type: UpUnc
Adr: false
AdrAcKReq: false
Ack: false
Fcnt: 934
Port: 86
Modulation: LORA
Bandwidth: 125
SpreadFactor: 7
Bitrate: 0
CodeRate: 4/5
SNR: 9.0
RSSI: -92
Power: -
Payload(b64): Q1VTVE9NTUVTU0FHRVRFU1RGT1JHUklEQUNUSVZBVElPTg==
Payload(hex): 435553544f4d4d45535341474554455354464f524752494441435449564154494f4e
JSON: {""text"":""CUSTOMMESSAGETESTFORGRIDACTIVATION""}
MIC: 17c4ca37",25-06_1352.csv,,25-06_1352,1352,,[1352],[1352],['R1352'],2026-06-25,2026-06-25 13:02:54+02:00,-92.0,9.0,06139e8c,24E124FFFEFE11C4,24E124C0002A0001,24E124445E318071,Class C,-,1767597674,UpUnc,false,false,false,934,86,LORA,125,7,0,4/5,9.0,-92,-,Q1VTVE9NTUVTU0FHRVRFU1RGT1JHUklEQUNUSVZBVElPTg==,435553544f4d4d45535341474554455354464f524752494441435449564154494f4e,"{""text"":""CUSTOMMESSAGETESTFORGRIDACTIVATION""}",17c4ca37,86.0,435553544f4d4d45535341474554455354464f524752494441435449564154494f4e,{'text': 'CUSTOMMESSAGETESTFORGRIDACTIVATION'},,CUSTOMMESSAGETESTFORGRIDACTIVATION,['R1352'],R1352,['R1352'],['2026-06-25_R1352_01'],['R1352'],True,2026-06-25,True,True,2026-06-25_R1352_01,2026-06-25,R1352,1,7,assigned_manual_window,True,0.0,False,7,83.816,0.6999999999999997,2026-06-25 13:02:50+02:00,2026-06-25 13:02:50+02:00,2026-06-25 13:04:55+02:00,False,False,,15,27,12,0,934,960,0.5555555555555556,0.4444444444444444,0.4444444444444444,group_7
24E124445E318071,24E124FFFEFE11C4,868300000,SF7BW125, -93/11.0,34,935,UpUnc,2026-06-25 11:02:58+00:00,"Dev Addr/Multicast Addr: 06139e8c
GwEUI: 24E124FFFEFE11C4
AppEUI: 24E124C0002A0001
Device EUI/Group Name: 24E124445E318071
Class Type: Class C
Immediately: -
Timestamp: 1770987727
Type: UpUnc
Adr: false
AdrAcKReq: false
Ack: false
Fcnt: 935
Port: 86
Modulation: LORA
Bandwidth: 125
SpreadFactor: 7
Bitrate: 0
CodeRate: 4/5
SNR: 11.0
RSSI: -93
Power: -
Payload(b64): Q1VTVE9NTUVTU0FHRVRFU1RGT1JHUklEQUNUSVZBVElPTg==
Payload(hex): 435553544f4d4d45535341474554455354464f524752494441435449564154494f4e
JSON: {""text"":""CUSTOMMESSAGETESTFORGRIDACTIVATION""}
MIC: 4c5d7c71",25-06_1352.csv,,25-06_1352,1352,,[1352],[1352],['R1352'],2026-06-25,2026-06-25 13:02:58+02:00,-93.0,11.0,06139e8c,24E124FFFEFE11C4,24E124C0002A0001,24E124445E318071,Class C,-,1770987727,UpUnc,false,false,false,935,86,LORA,125,7,0,4/5,11.0,-93,-,Q1VTVE9NTUVTU0FHRVRFU1RGT1JHUklEQUNUSVZBVElPTg==,435553544f4d4d45535341474554455354464f524752494441435449564154494f4e,"{""text"":""CUSTOMMESSAGETESTFORGRIDACTIVATION""}",4c5d7c71,86.0,435553544f4d4d45535341474554455354464f524752494441435449564154494f4e,{'text': 'CUSTOMMESSAGETESTFORGRIDACTIVATION'},,CUSTOMMESSAGETESTFORGRIDACTIVATION,['R1352'],R1352,['R1352'],['2026-06-25_R1352_01'],['R1352'],True,2026-06-25,True,True,2026-06-25_R1352_01,2026-06-25,R1352,1,7,assigned_manual_window,True,0.0,False,7,83.816,0.6999999999999997,2026-06-25 13:02:50+02:00,2026-06-25 13:02:50+02:00,2026-06-25 13:04:55+02:00,False,False,,15,27,12,0,934,960,0.5555555555555556,0.4444444444444444,0.4444444444444444,group_7
24E124445E318071,24E124FFFEFE11C4,868100000,SF7BW125, -94/10.0,34,937,UpUnc,2026-06-25 11:03:07+00:00,"Dev Addr/Multicast Addr: 06139e8c
GwEUI: 24E124FFFEFE11C4
AppEUI: 24E124C0002A0001
Device EUI/Group Name: 24E124445E318071
Class Type: Class C
Immediately: -
Timestamp: 1779934741
Type: UpUnc
Adr: false
AdrAcKReq: false
Ack: false
Fcnt: 937
Port: 86
Modulation: LORA
Bandwidth: 125
SpreadFactor: 7
Bitrate: 0
CodeRate: 4/5
SNR: 10.0
RSSI: -94
Power: -
Payload(b64): Q1VTVE9NTUVTU0FHRVRFU1RGT1JHUklEQUNUSVZBVElPTg==
Payload(hex): 435553544f4d4d45535341474554455354464f524752494441435449564154494f4e
JSON: {""text"":""CUSTOMMESSAGETESTFORGRIDACTIVATION""}
MIC: c8fd5203",25-06_1352.csv,,25-06_1352,1352,,[1352],[1352],['R1352'],2026-06-25,2026-06-25 13:03:07+02:00,-94.0,10.0,06139e8c,24E124FFFEFE11C4,24E124C0002A0001,24E124445E318071,Class C,-,1779934741,UpUnc,false,false,false,937,86,LORA,125,7,0,4/5,10.0,-94,-,Q1VTVE9NTUVTU0FHRVRFU1RGT1JHUklEQUNUSVZBVElPTg==,435553544f4d4d45535341474554455354464f524752494441435449564154494f4e,"{""text"":""CUSTOMMESSAGETESTFORGRIDACTIVATION""}",c8fd5203,86.0,435553544f4d4d45535341474554455354464f524752494441435449564154494f4e,{'text': 'CUSTOMMESSAGETESTFORGRIDACTIVATION'},,CUSTOMMESSAGETESTFORGRIDACTIVATION,['R1352'],R1352,['R1352'],['2026-06-25_R1352_01'],['R1352'],True,2026-06-25,True,True,2026-06-25_R1352_01,2026-06-25,R1352,1,7,assigned_manual_window,True,0.0,False,7,83.816,0.6999999999999997,2026-06-25 13:02:50+02:00,2026-06-25 13:02:50+02:00,2026-06-25 13:04:55+02:00,False,False,,15,27,12,0,934,960,0.5555555555555556,0.4444444444444444,0.4444444444444444,group_7
24E124445E318071,24E124FFFEFE11C4,868500000,SF7BW125, -94/6.5,34,939,UpUnc,2026-06-25 11:03:14+00:00,"Dev Addr/Multicast Addr: 06139e8c
GwEUI: 24E124FFFEFE11C4
AppEUI: 24E124C0002A0001
Device EUI/Group Name: 24E124445E318071
Class Type: Class C
Immediately: -
Timestamp: 1787731741
Type: UpUnc
Adr: false
AdrAcKReq: false
Ack: false
Fcnt: 939
Port: 86
Modulation: LORA
Bandwidth: 125
SpreadFactor: 7
Bitrate: 0
CodeRate: 4/5
SNR: 6.5
RSSI: -94
Power: -
Payload(b64): Q1VTVE9NTUVTU0FHRVRFU1RGT1JHUklEQUNUSVZBVElPTg==
Payload(hex): 435553544f4d4d45535341474554455354464f524752494441435449564154494f4e
JSON: {""text"":""CUSTOMMESSAGETESTFORGRIDACTIVATION""}
MIC: 3e50c761",25-06_1352.csv,,25-06_1352,1352,,[1352],[1352],['R1352'],2026-06-25,2026-06-25 13:03:14+02:00,-94.0,6.5,06139e8c,24E124FFFEFE11C4,24E124C0002A0001,24E124445E318071,Class C,-,1787731741,UpUnc,false,false,false,939,86,LORA,125,7,0,4/5,6.5,-94,-,Q1VTVE9NTUVTU0FHRVRFU1RGT1JHUklEQUNUSVZBVElPTg==,435553544f4d4d45535341474554455354464f524752494441435449564154494f4e,"{""text"":""CUSTOMMESSAGETESTFORGRIDACTIVATION""}",3e50c761,86.0,435553544f4d4d45535341474554455354464f524752494441435449564154494f4e,{'text': 'CUSTOMMESSAGETESTFORGRIDACTIVATION'},,CUSTOMMESSAGETESTFORGRIDACTIVATION,['R1352'],R1352,['R1352'],['2026-06-25_R1352_01'],['R1352'],True,2026-06-25,True,True,2026-06-25_R1352_01,2026-06-25,R1352,1,7,assigned_manual_window,True,0.0,False,7,83.816,0.6999999999999997,2026-06-25 13:02:50+02:00,2026-06-25 13:02:50+02:00,2026-06-25 13:04:55+02:00,False,False,,15,27,12,0,934,960,0.5555555555555556,0.4444444444444444,0.4444444444444444,group_7
24E124445E318071,24E124FFFEFE11C4,868100000,SF7BW125, -95/9.8,34,941,UpUnc,2026-06-25 11:03:23+00:00,"Dev Addr/Multicast Addr: 06139e8c
GwEUI: 24E124FFFEFE11C4
AppEUI: 24E124C0002A0001
Device EUI/Group Name: 24E124445E318071
Class Type: Class C
Immediately: -
Timestamp: 1796283761
Type: UpUnc
Adr: false
AdrAcKReq: false
Ack: false
Fcnt: 941
Port: 86
Modulation: LORA
Bandwidth: 125
SpreadFactor: 7
Bitrate: 0
CodeRate: 4/5
SNR: 9.8
RSSI: -95
Power: -
Payload(b64): Q1VTVE9NTUVTU0FHRVRFU1RGT1JHUklEQUNUSVZBVElPTg==
Payload(hex): 435553544f4d4d45535341474554455354464f524752494441435449564154494f4e
JSON: {""text"":""CUSTOMMESSAGETESTFORGRIDACTIVATION""}
MIC: 3ce84c01",25-06_1352.csv,,25-06_1352,1352,,[1352],[1352],['R1352'],2026-06-25,2026-06-25 13:03:23+02:00,-95.0,9.8,06139e8c,24E124FFFEFE11C4,24E124C0002A0001,24E124445E318071,Class C,-,1796283761,UpUnc,false,false,false,941,86,LORA,125,7,0,4/5,9.8,-95,-,Q1VTVE9NTUVTU0FHRVRFU1RGT1JHUklEQUNUSVZBVElPTg==,435553544f4d4d45535341474554455354464f524752494441435449564154494f4e,"{""text"":""CUSTOMMESSAGETESTFORGRIDACTIVATION""}",3ce84c01,86.0,435553544f4d4d45535341474554455354464f524752494441435449564154494f4e,{'text': 'CUSTOMMESSAGETESTFORGRIDACTIVATION'},,CUSTOMMESSAGETESTFORGRIDACTIVATION,['R1352'],R1352,['R1352'],['2026-06-25_R1352_01'],['R1352'],True,2026-06-25,True,True,2026-06-25_R1352_01,2026-06-25,R1352,1,7,assigned_manual_window,True,0.0,False,7,83.816,0.6999999999999997,2026-06-25 13:02:50+02:00,2026-06-25 13:02:50+02:00,2026-06-25 13:04:55+02:00,False,False,,15,27,12,0,934,960,0.5555555555555556,0.4444444444444444,0.4444444444444444,group_7
24E124445E318071,24E124FFFEFE11C4,868100000,SF7BW125, -95/10.0,34,943,UpUnc,2026-06-25 11:03:32+00:00,"Dev Addr/Multicast Addr: 06139e8c
GwEUI: 24E124FFFEFE11C4
AppEUI: 24E124C0002A0001
Device EUI/Group Name: 24E124445E318071
Class Type: Class C
Immediately: -
Timestamp: 1805327759
Type: UpUnc
Adr: false
AdrAcKReq: false
Ack: false
Fcnt: 943
Port: 86
Modulation: LORA
Bandwidth: 125
SpreadFactor: 7
Bitrate: 0
CodeRate: 4/5
SNR: 10.0
RSSI: -95
Power: -
Payload(b64): Q1VTVE9NTUVTU0FHRVRFU1RGT1JHUklEQUNUSVZBVElPTg==
Payload(hex): 435553544f4d4d45535341474554455354464f524752494441435449564154494f4e
JSON: {""text"":""CUSTOMMESSAGETESTFORGRIDACTIVATION""}
MIC: 0791cf43",25-06_1352.csv,,25-06_1352,1352,,[1352],[1352],['R1352'],2026-06-25,2026-06-25 13:03:32+02:00,-95.0,10.0,06139e8c,24E124FFFEFE11C4,24E124C0002A0001,24E124445E318071,Class C,-,1805327759,UpUnc,false,false,false,943,86,LORA,125,7,0,4/5,10.0,-95,-,Q1VTVE9NTUVTU0FHRVRFU1RGT1JHUklEQUNUSVZBVElPTg==,435553544f4d4d45535341474554455354464f524752494441435449564154494f4e,"{""text"":""CUSTOMMESSAGETESTFORGRIDACTIVATION""}",0791cf43,86.0,435553544f4d4d45535341474554455354464f524752494441435449564154494f4e,{'text': 'CUSTOMMESSAGETESTFORGRIDACTIVATION'},,CUSTOMMESSAGETESTFORGRIDACTIVATION,['R1352'],R1352,['R1352'],['2026-06-25_R1352_01'],['R1352'],True,2026-06-25,True,True,2026-06-25_R1352_01,2026-06-25,R1352,1,7,assigned_manual_window,True,0.0,False,7,83.816,0.6999999999999997,2026-06-25 13:02:50+02:00,2026-06-25 13:02:50+02:00,2026-06-25 13:04:55+02:00,False,False,,15,27,12,0,934,960,0.5555555555555556,0.4444444444444444,0.4444444444444444,group_7
24E124445E318071,24E124FFFEFE11C4,868300000,SF7BW125, -94/10.0,34,945,UpUnc,2026-06-25 11:03:41+00:00,"Dev Addr/Multicast Addr: 06139e8c
GwEUI: 24E124FFFEFE11C4
AppEUI: 24E124C0002A0001
Device EUI/Group Name: 24E124445E318071
Class Type: Class C
Immediately: -
Timestamp: 1814251775
Type: UpUnc
Adr: false
AdrAcKReq: false
Ack: false
Fcnt: 945
Port: 86
Modulation: LORA
Bandwidth: 125
SpreadFactor: 7
Bitrate: 0
CodeRate: 4/5
SNR: 10.0
RSSI: -94
Power: -
Payload(b64): Q1VTVE9NTUVTU0FHRVRFU1RGT1JHUklEQUNUSVZBVElPTg==
Payload(hex): 435553544f4d4d45535341474554455354464f524752494441435449564154494f4e
JSON: {""text"":""CUSTOMMESSAGETESTFORGRIDACTIVATION""}
MIC: fee0060e",25-06_1352.csv,,25-06_1352,1352,,[1352],[1352],['R1352'],2026-06-25,2026-06-25 13:03:41+02:00,-94.0,10.0,06139e8c,24E124FFFEFE11C4,24E124C0002A0001,24E124445E318071,Class C,-,1814251775,UpUnc,false,false,false,945,86,LORA,125,7,0,4/5,10.0,-94,-,Q1VTVE9NTUVTU0FHRVRFU1RGT1JHUklEQUNUSVZBVElPTg==,435553544f4d4d45535341474554455354464f524752494441435449564154494f4e,"{""text"":""CUSTOMMESSAGETESTFORGRIDACTIVATION""}",fee0060e,86.0,435553544f4d4d45535341474554455354464f524752494441435449564154494f4e,{'text': 'CUSTOMMESSAGETESTFORGRIDACTIVATION'},,CUSTOMMESSAGETESTFORGRIDACTIVATION,['R1352'],R1352,['R1352'],['2026-06-25_R1352_01'],['R1352'],True,2026-06-25,True,True,2026-06-25_R1352_01,2026-06-25,R1352,1,7,assigned_manual_window,True,0.0,False,7,83.816,0.6999999999999997,2026-06-25 13:02:50+02:00,2026-06-25 13:02:50+02:00,2026-06-25 13:04:55+02:00,False,False,,15,27,12,0,934,960,0.5555555555555556,0.4444444444444444,0.4444444444444444,group_7
24E124445E318071,24E124FFFEFE11C4,868500000,SF7BW125, -94/8.5,34,947,UpUnc,2026-06-25 11:03:50+00:00,"Dev Addr/Multicast Addr: 06139e8c
GwEUI: 24E124FFFEFE11C4
AppEUI: 24E124C0002A0001
Device EUI/Group Name: 24E124445E318071
Class Type: Class C
Immediately: -
Timestamp: 1823588745
Type: UpUnc
Adr: false
AdrAcKReq: false
Ack: false
Fcnt: 947
Port: 86
Modulation: LORA
Bandwidth: 125
SpreadFactor: 7
Bitrate: 0
CodeRate: 4/5
SNR: 8.5
RSSI: -94
Power: -
Payload(b64): Q1VTVE9NTUVTU0FHRVRFU1RGT1JHUklEQUNUSVZBVElPTg==
Payload(hex): 435553544f4d4d45535341474554455354464f524752494441435449564154494f4e
JSON: {""text"":""CUSTOMMESSAGETESTFORGRIDACTIVATION""}
MIC: bb5d1d33",25-06_1352.csv,,25-06_1352,1352,,[1352],[1352],['R1352'],2026-06-25,2026-06-25 13:03:50+02:00,-94.0,8.5,06139e8c,24E124FFFEFE11C4,24E124C0002A0001,24E124445E318071,Class C,-,1823588745,UpUnc,false,false,false,947,86,LORA,125,7,0,4/5,8.5,-94,-,Q1VTVE9NTUVTU0FHRVRFU1RGT1JHUklEQUNUSVZBVElPTg==,435553544f4d4d45535341474554455354464f524752494441435449564154494f4e,"{""text"":""CUSTOMMESSAGETESTFORGRIDACTIVATION""}",bb5d1d33,86.0,435553544f4d4d45535341474554455354464f524752494441435449564154494f4e,{'text': 'CUSTOMMESSAGETESTFORGRIDACTIVATION'},,CUSTOMMESSAGETESTFORGRIDACTIVATION,['R1352'],R1352,['R1352'],['2026-06-25_R1352_01'],['R1352'],True,2026-06-25,True,True,2026-06-25_R1352_01,2026-06-25,R1352,1,7,assigned_manual_window,True,0.0,False,7,83.816,0.6999999999999997,2026-06-25 13:02:50+02:00,2026-06-25 13:02:50+02:00,2026-06-25 13:04:55+02:00,False,False,,15,27,12,0,934,960,0.5555555555555556,0.4444444444444444,0.4444444444444444,group_7
24E124445E318071,24E124FFFEFE11C4,868100000,SF7BW125, -95/9.8,34,949,UpUnc,2026-06-25 11:03:59+00:00,"Dev Addr/Multicast Addr: 06139e8c
GwEUI: 24E124FFFEFE11C4
AppEUI: 24E124C0002A0001
Device EUI/Group Name: 24E124445E318071
Class Type: Class C
Immediately: -
Timestamp: 1832477754
Type: UpUnc
Adr: false
AdrAcKReq: false
Ack: false
Fcnt: 949
Port: 86
Modulation: LORA
Bandwidth: 125
SpreadFactor: 7
Bitrate: 0
CodeRate: 4/5
SNR: 9.8
RSSI: -95
Power: -
Payload(b64): Q1VTVE9NTUVTU0FHRVRFU1RGT1JHUklEQUNUSVZBVElPTg==
Payload(hex): 435553544f4d4d45535341474554455354464f524752494441435449564154494f4e
JSON: {""text"":""CUSTOMMESSAGETESTFORGRIDACTIVATION""}
MIC: 9d21bcaa",25-06_1352.csv,,25-06_1352,1352,,[1352],[1352],['R1352'],2026-06-25,2026-06-25 13:03:59+02:00,-95.0,9.8,06139e8c,24E124FFFEFE11C4,24E124C0002A0001,24E124445E318071,Class C,-,1832477754,UpUnc,false,false,false,949,86,LORA,125,7,0,4/5,9.8,-95,-,Q1VTVE9NTUVTU0FHRVRFU1RGT1JHUklEQUNUSVZBVElPTg==,435553544f4d4d45535341474554455354464f524752494441435449564154494f4e,"{""text"":""CUSTOMMESSAGETESTFORGRIDACTIVATION""}",9d21bcaa,86.0,435553544f4d4d45535341474554455354464f524752494441435449564154494f4e,{'text': 'CUSTOMMESSAGETESTFORGRIDACTIVATION'},,CUSTOMMESSAGETESTFORGRIDACTIVATION,['R1352'],R1352,['R1352'],['2026-06-25_R1352_01'],['R1352'],True,2026-06-25,True,True,2026-06-25_R1352_01,2026-06-25,R1352,1,7,assigned_manual_window,True,0.0,False,7,83.816,0.6999999999999997,2026-06-25 13:02:50+02:00,2026-06-25 13:02:50+02:00,2026-06-25 13:04:55+02:00,False,False,,15,27,12,0,934,960,0.5555555555555556,0.4444444444444444,0.4444444444444444,group_7
24E124445E318071,24E124FFFEFE11C4,868300000,SF7BW125, -93/10.0,34,951,UpUnc,2026-06-25 11:04:08+00:00,"Dev Addr/Multicast Addr: 06139e8c
GwEUI: 24E124FFFEFE11C4
AppEUI: 24E124C0002A0001
Device EUI/Group Name: 24E124445E318071
Class Type: Class C
Immediately: -
Timestamp: 1840978802
Type: UpUnc
Adr: false
AdrAcKReq: false
Ack: false
Fcnt: 951
Port: 86
Modulation: LORA
Bandwidth: 125
SpreadFactor: 7
Bitrate: 0
CodeRate: 4/5
SNR: 10.0
RSSI: -93
Power: -
Payload(b64): Q1VTVE9NTUVTU0FHRVRFU1RGT1JHUklEQUNUSVZBVElPTg==
Payload(hex): 435553544f4d4d45535341474554455354464f524752494441435449564154494f4e
JSON: {""text"":""CUSTOMMESSAGETESTFORGRIDACTIVATION""}
MIC: f46323bb",25-06_1352.csv,,25-06_1352,1352,,[1352],[1352],['R1352'],2026-06-25,2026-06-25 13:04:08+02:00,-93.0,10.0,06139e8c,24E124FFFEFE11C4,24E124C0002A0001,24E124445E318071,Class C,-,1840978802,UpUnc,false,false,false,951,86,LORA,125,7,0,4/5,10.0,-93,-,Q1VTVE9NTUVTU0FHRVRFU1RGT1JHUklEQUNUSVZBVElPTg==,435553544f4d4d45535341474554455354464f524752494441435449564154494f4e,"{""text"":""CUSTOMMESSAGETESTFORGRIDACTIVATION""}",f46323bb,86.0,435553544f4d4d45535341474554455354464f524752494441435449564154494f4e,{'text': 'CUSTOMMESSAGETESTFORGRIDACTIVATION'},,CUSTOMMESSAGETESTFORGRIDACTIVATION,['R1352'],R1352,['R1352'],['2026-06-25_R1352_01'],['R1352'],True,2026-06-25,True,True,2026-06-25_R1352_01,2026-06-25,R1352,1,7,assigned_manual_window,True,0.0,False,7,83.816,0.6999999999999997,2026-06-25 13:02:50+02:00,2026-06-25 13:02:50+02:00,2026-06-25 13:04:55+02:00,False,False,,15,27,12,0,934,960,0.5555555555555556,0.4444444444444444,0.4444444444444444,group_7
24E124445E318071,24E124FFFEFE11C4,868500000,SF7BW125, -93/6.0,34,953,UpUnc,2026-06-25 11:04:15+00:00,"Dev Addr/Multicast Addr: 06139e8c
GwEUI: 24E124FFFEFE11C4
AppEUI: 24E124C0002A0001
Device EUI/Group Name: 24E124445E318071
Class Type: Class C
Immediately: -
Timestamp: 1848741725
Type: UpUnc
Adr: false
AdrAcKReq: false
Ack: false
Fcnt: 953
Port: 86
Modulation: LORA
Bandwidth: 125
SpreadFactor: 7
Bitrate: 0
CodeRate: 4/5
SNR: 6.0
RSSI: -93
Power: -
Payload(b64): Q1VTVE9NTUVTU0FHRVRFU1RGT1JHUklEQUNUSVZBVElPTg==
Payload(hex): 435553544f4d4d45535341474554455354464f524752494441435449564154494f4e
JSON: {""text"":""CUSTOMMESSAGETESTFORGRIDACTIVATION""}
MIC: 5a661f52",25-06_1352.csv,,25-06_1352,1352,,[1352],[1352],['R1352'],2026-06-25,2026-06-25 13:04:15+02:00,-93.0,6.0,06139e8c,24E124FFFEFE11C4,24E124C0002A0001,24E124445E318071,Class C,-,1848741725,UpUnc,false,false,false,953,86,LORA,125,7,0,4/5,6.0,-93,-,Q1VTVE9NTUVTU0FHRVRFU1RGT1JHUklEQUNUSVZBVElPTg==,435553544f4d4d45535341474554455354464f524752494441435449564154494f4e,"{""text"":""CUSTOMMESSAGETESTFORGRIDACTIVATION""}",5a661f52,86.0,435553544f4d4d45535341474554455354464f524752494441435449564154494f4e,{'text': 'CUSTOMMESSAGETESTFORGRIDACTIVATION'},,CUSTOMMESSAGETESTFORGRIDACTIVATION,['R1352'],R1352,['R1352'],['2026-06-25_R1352_01'],['R1352'],True,2026-06-25,True,True,2026-06-25_R1352_01,2026-06-25,R1352,1,7,assigned_manual_window,True,0.0,False,7,83.816,0.6999999999999997,2026-06-25 13:02:50+02:00,2026-06-25 13:02:50+02:00,2026-06-25 13:04:55+02:00,False,False,,15,27,12,0,934,960,0.5555555555555556,0.4444444444444444,0.4444444444444444,group_7
24E124445E318071,24E124FFFEFE11C4,868500000,SF7BW125, -93/8.5,34,954,UpUnc,2026-06-25 11:04:21+00:00,"Dev Addr/Multicast Addr: 06139e8c
GwEUI: 24E124FFFEFE11C4
AppEUI: 24E124C0002A0001
Device EUI/Group Name: 24E124445E318071
Class Type: Class C
Immediately: -
Timestamp: 1854106751
Type: UpUnc
Adr: false
AdrAcKReq: false
Ack: false
Fcnt: 954
Port: 86
Modulation: LORA
Bandwidth: 125
SpreadFactor: 7
Bitrate: 0
CodeRate: 4/5
SNR: 8.5
RSSI: -93
Power: -
Payload(b64): Q1VTVE9NTUVTU0FHRVRFU1RGT1JHUklEQUNUSVZBVElPTg==
Payload(hex): 435553544f4d4d45535341474554455354464f524752494441435449564154494f4e
JSON: {""text"":""CUSTOMMESSAGETESTFORGRIDACTIVATION""}
MIC: 2a163544",25-06_1352.csv,,25-06_1352,1352,,[1352],[1352],['R1352'],2026-06-25,2026-06-25 13:04:21+02:00,-93.0,8.5,06139e8c,24E124FFFEFE11C4,24E124C0002A0001,24E124445E318071,Class C,-,1854106751,UpUnc,false,false,false,954,86,LORA,125,7,0,4/5,8.5,-93,-,Q1VTVE9NTUVTU0FHRVRFU1RGT1JHUklEQUNUSVZBVElPTg==,435553544f4d4d45535341474554455354464f524752494441435449564154494f4e,"{""text"":""CUSTOMMESSAGETESTFORGRIDACTIVATION""}",2a163544,86.0,435553544f4d4d45535341474554455354464f524752494441435449564154494f4e,{'text': 'CUSTOMMESSAGETESTFORGRIDACTIVATION'},,CUSTOMMESSAGETESTFORGRIDACTIVATION,['R1352'],R1352,['R1352'],['2026-06-25_R1352_01'],['R1352'],True,2026-06-25,True,True,2026-06-25_R1352_01,2026-06-25,R1352,1,7,assigned_manual_window,True,0.0,False,7,83.816,0.6999999999999997,2026-06-25 13:02:50+02:00,2026-06-25 13:02:50+02:00,2026-06-25 13:04:55+02:00,False,False,,15,27,12,0,934,960,0.5555555555555556,0.4444444444444444,0.4444444444444444,group_7
24E124445E318071,24E124FFFEFE11C4,868300000,SF7BW125, -93/10.0,34,956,UpUnc,2026-06-25 11:04:30+00:00,"Dev Addr/Multicast Addr: 06139e8c
GwEUI: 24E124FFFEFE11C4
AppEUI: 24E124C0002A0001
Device EUI/Group Name: 24E124445E318071
Class Type: Class C
Immediately: -
Timestamp: 1863163748
Type: UpUnc
Adr: false
AdrAcKReq: false
Ack: false
Fcnt: 956
Port: 86
Modulation: LORA
Bandwidth: 125
SpreadFactor: 7
Bitrate: 0
CodeRate: 4/5
SNR: 10.0
RSSI: -93
Power: -
Payload(b64): Q1VTVE9NTUVTU0FHRVRFU1RGT1JHUklEQUNUSVZBVElPTg==
Payload(hex): 435553544f4d4d45535341474554455354464f524752494441435449564154494f4e
JSON: {""text"":""CUSTOMMESSAGETESTFORGRIDACTIVATION""}
MIC: fdbd64ff",25-06_1352.csv,,25-06_1352,1352,,[1352],[1352],['R1352'],2026-06-25,2026-06-25 13:04:30+02:00,-93.0,10.0,06139e8c,24E124FFFEFE11C4,24E124C0002A0001,24E124445E318071,Class C,-,1863163748,UpUnc,false,false,false,956,86,LORA,125,7,0,4/5,10.0,-93,-,Q1VTVE9NTUVTU0FHRVRFU1RGT1JHUklEQUNUSVZBVElPTg==,435553544f4d4d45535341474554455354464f524752494441435449564154494f4e,"{""text"":""CUSTOMMESSAGETESTFORGRIDACTIVATION""}",fdbd64ff,86.0,435553544f4d4d45535341474554455354464f524752494441435449564154494f4e,{'text': 'CUSTOMMESSAGETESTFORGRIDACTIVATION'},,CUSTOMMESSAGETESTFORGRIDACTIVATION,['R1352'],R1352,['R1352'],['2026-06-25_R1352_01'],['R1352'],True,2026-06-25,True,True,2026-06-25_R1352_01,2026-06-25,R1352,1,7,assigned_manual_window,True,0.0,False,7,83.816,0.6999999999999997,2026-06-25 13:02:50+02:00,2026-06-25 13:02:50+02:00,2026-06-25 13:04:55+02:00,False,False,,15,27,12,0,934,960,0.5555555555555556,0.4444444444444444,0.4444444444444444,group_7
24E124445E318071,24E124FFFEFE11C4,868500000,SF7BW125, -97/7.0,34,958,UpUnc,2026-06-25 11:04:40+00:00,"Dev Addr/Multicast Addr: 06139e8c
GwEUI: 24E124FFFEFE11C4
AppEUI: 24E124C0002A0001
Device EUI/Group Name: 24E124445E318071
Class Type: Class C
Immediately: -
Timestamp: 1872890745
Type: UpUnc
Adr: false
AdrAcKReq: false
Ack: false
Fcnt: 958
Port: 86
Modulation: LORA
Bandwidth: 125
SpreadFactor: 7
Bitrate: 0
CodeRate: 4/5
SNR: 7.0
RSSI: -97
Power: -
Payload(b64): Q1VTVE9NTUVTU0FHRVRFU1RGT1JHUklEQUNUSVZBVElPTg==
Payload(hex): 435553544f4d4d45535341474554455354464f524752494441435449564154494f4e
JSON: {""text"":""CUSTOMMESSAGETESTFORGRIDACTIVATION""}
MIC: 54be317a",25-06_1352.csv,,25-06_1352,1352,,[1352],[1352],['R1352'],2026-06-25,2026-06-25 13:04:40+02:00,-97.0,7.0,06139e8c,24E124FFFEFE11C4,24E124C0002A0001,24E124445E318071,Class C,-,1872890745,UpUnc,false,false,false,958,86,LORA,125,7,0,4/5,7.0,-97,-,Q1VTVE9NTUVTU0FHRVRFU1RGT1JHUklEQUNUSVZBVElPTg==,435553544f4d4d45535341474554455354464f524752494441435449564154494f4e,"{""text"":""CUSTOMMESSAGETESTFORGRIDACTIVATION""}",54be317a,86.0,435553544f4d4d45535341474554455354464f524752494441435449564154494f4e,{'text': 'CUSTOMMESSAGETESTFORGRIDACTIVATION'},,CUSTOMMESSAGETESTFORGRIDACTIVATION,['R1352'],R1352,['R1352'],['2026-06-25_R1352_01'],['R1352'],True,2026-06-25,True,True,2026-06-25_R1352_01,2026-06-25,R1352,1,7,assigned_manual_window,True,0.0,False,7,83.816,0.6999999999999997,2026-06-25 13:02:50+02:00,2026-06-25 13:02:50+02:00,2026-06-25 13:04:55+02:00,False,False,,15,27,12,0,934,960,0.5555555555555556,0.4444444444444444,0.4444444444444444,group_7
24E124445E318071,24E124FFFEFE11C4,868500000,SF7BW125, -96/6.0,34,960,UpUnc,2026-06-25 11:04:47+00:00,"Dev Addr/Multicast Addr: 06139e8c
GwEUI: 24E124FFFEFE11C4
AppEUI: 24E124C0002A0001
Device EUI/Group Name: 24E124445E318071
Class Type: Class C
Immediately: -
Timestamp: 1880349752
Type: UpUnc
Adr: false
AdrAcKReq: false
Ack: false
Fcnt: 960
Port: 86
Modulation: LORA
Bandwidth: 125
SpreadFactor: 7
Bitrate: 0
CodeRate: 4/5
SNR: 6.0
RSSI: -96
Power: -
Payload(b64): Q1VTVE9NTUVTU0FHRVRFU1RGT1JHUklEQUNUSVZBVElPTg==
Payload(hex): 435553544f4d4d45535341474554455354464f524752494441435449564154494f4e
JSON: {""text"":""CUSTOMMESSAGETESTFORGRIDACTIVATION""}
MIC: 0c404fdc",25-06_1352.csv,,25-06_1352,1352,,[1352],[1352],['R1352'],2026-06-25,2026-06-25 13:04:47+02:00,-96.0,6.0,06139e8c,24E124FFFEFE11C4,24E124C0002A0001,24E124445E318071,Class C,-,1880349752,UpUnc,false,false,false,960,86,LORA,125,7,0,4/5,6.0,-96,-,Q1VTVE9NTUVTU0FHRVRFU1RGT1JHUklEQUNUSVZBVElPTg==,435553544f4d4d45535341474554455354464f524752494441435449564154494f4e,"{""text"":""CUSTOMMESSAGETESTFORGRIDACTIVATION""}",0c404fdc,86.0,435553544f4d4d45535341474554455354464f524752494441435449564154494f4e,{'text': 'CUSTOMMESSAGETESTFORGRIDACTIVATION'},,CUSTOMMESSAGETESTFORGRIDACTIVATION,['R1352'],R1352,['R1352'],['2026-06-25_R1352_01'],['R1352'],True,2026-06-25,True,True,2026-06-25_R1352_01,2026-06-25,R1352,1,7,assigned_manual_window,True,0.0,False,7,83.816,0.6999999999999997,2026-06-25 13:02:50+02:00,2026-06-25 13:02:50+02:00,2026-06-25 13:04:55+02:00,False,False,,15,27,12,0,934,960,0.5555555555555556,0.4444444444444444,0.4444444444444444,group_7
24E124445E318071,24E124FFFEFE11C4,868500000,SF7BW125, -85/8.8,34,1423,UpUnc,2026-06-25 12:10:53+00:00,"Dev Addr/Multicast Addr: 06139e8c
GwEUI: 24E124FFFEFE11C4
AppEUI: 24E124C0002A0001
Device EUI/Group Name: 24E124445E318071
Class Type: Class C
Immediately: -
Timestamp: 1551386650
Type: UpUnc
Adr: false
AdrAcKReq: false
Ack: false
Fcnt: 1423
Port: 86
Modulation: LORA
Bandwidth: 125
SpreadFactor: 7
Bitrate: 0
CodeRate: 4/5
SNR: 8.8
RSSI: -85
Power: -
Payload(b64): Q1VTVE9NTUVTU0FHRVRFU1RGT1JHUklEQUNUSVZBVElPTg==
Payload(hex): 435553544f4d4d45535341474554455354464f524752494441435449564154494f4e
JSON: {""text"":""CUSTOMMESSAGETESTFORGRIDACTIVATION""}
MIC: a00975cf",25-06-r1360.csv,,25-06-r1360,1360,,[1360],[1360],['R1360'],2026-06-25,2026-06-25 14:10:53+02:00,-85.0,8.8,06139e8c,24E124FFFEFE11C4,24E124C0002A0001,24E124445E318071,Class C,-,1551386650,UpUnc,false,false,false,1423,86,LORA,125,7,0,4/5,8.8,-85,-,Q1VTVE9NTUVTU0FHRVRFU1RGT1JHUklEQUNUSVZBVElPTg==,435553544f4d4d45535341474554455354464f524752494441435449564154494f4e,"{""text"":""CUSTOMMESSAGETESTFORGRIDACTIVATION""}",a00975cf,86.0,435553544f4d4d45535341474554455354464f524752494441435449564154494f4e,{'text': 'CUSTOMMESSAGETESTFORGRIDACTIVATION'},,CUSTOMMESSAGETESTFORGRIDACTIVATION,['R1360'],R1360,['R1360'],['2026-06-25_R1360_01'],['R1360'],True,2026-06-25,True,True,2026-06-25_R1360_01,2026-06-25,R1360,1,7,assigned_manual_window,True,-32.0,False,7,83.816,9.5,2026-06-25 14:10:48+02:00,2026-06-25 14:10:48+02:00,2026-06-25 14:11:53+02:00,False,False,,5,9,4,0,1423,1431,0.5555555555555556,0.4444444444444444,0.4444444444444444,group_7
24E124445E318071,24E124FFFEFE11C4,868300000,SF7BW125, -85/11.5,34,1426,UpUnc,2026-06-25 12:11:08+00:00,"Dev Addr/Multicast Addr: 06139e8c
GwEUI: 24E124FFFEFE11C4
AppEUI: 24E124C0002A0001
Device EUI/Group Name: 24E124445E318071
Class Type: Class C
Immediately: -
Timestamp: 1566064730
Type: UpUnc
Adr: false
AdrAcKReq: false
Ack: false
Fcnt: 1426
Port: 86
Modulation: LORA
Bandwidth: 125
SpreadFactor: 7
Bitrate: 0
CodeRate: 4/5
SNR: 11.5
RSSI: -85
Power: -
Payload(b64): Q1VTVE9NTUVTU0FHRVRFU1RGT1JHUklEQUNUSVZBVElPTg==
Payload(hex): 435553544f4d4d45535341474554455354464f524752494441435449564154494f4e
JSON: {""text"":""CUSTOMMESSAGETESTFORGRIDACTIVATION""}
MIC: 6424d640",25-06-r1360.csv,,25-06-r1360,1360,,[1360],[1360],['R1360'],2026-06-25,2026-06-25 14:11:08+02:00,-85.0,11.5,06139e8c,24E124FFFEFE11C4,24E124C0002A0001,24E124445E318071,Class C,-,1566064730,UpUnc,false,false,false,1426,86,LORA,125,7,0,4/5,11.5,-85,-,Q1VTVE9NTUVTU0FHRVRFU1RGT1JHUklEQUNUSVZBVElPTg==,435553544f4d4d45535341474554455354464f524752494441435449564154494f4e,"{""text"":""CUSTOMMESSAGETESTFORGRIDACTIVATION""}",6424d640,86.0,435553544f4d4d45535341474554455354464f524752494441435449564154494f4e,{'text': 'CUSTOMMESSAGETESTFORGRIDACTIVATION'},,CUSTOMMESSAGETESTFORGRIDACTIVATION,['R1360'],R1360,['R1360'],['2026-06-25_R1360_01'],['R1360'],True,2026-06-25,True,True,2026-06-25_R1360_01,2026-06-25,R1360,1,7,assigned_manual_window,True,-32.0,False,7,83.816,9.5,2026-06-25 14:10:48+02:00,2026-06-25 14:10:48+02:00,2026-06-25 14:11:53+02:00,False,False,,5,9,4,0,1423,1431,0.5555555555555556,0.4444444444444444,0.4444444444444444,group_7
24E124445E318071,24E124FFFEFE11C4,868300000,SF7BW125, -85/13.0,34,1428,UpUnc,2026-06-25 12:11:18+00:00,"Dev Addr/Multicast Addr: 06139e8c
GwEUI: 24E124FFFEFE11C4
AppEUI: 24E124C0002A0001
Device EUI/Group Name: 24E124445E318071
Class Type: Class C
Immediately: -
Timestamp: 1576181722
Type: UpUnc
Adr: false
AdrAcKReq: false
Ack: false
Fcnt: 1428
Port: 86
Modulation: LORA
Bandwidth: 125
SpreadFactor: 7
Bitrate: 0
CodeRate: 4/5
SNR: 13.0
RSSI: -85
Power: -
Payload(b64): Q1VTVE9NTUVTU0FHRVRFU1RGT1JHUklEQUNUSVZBVElPTg==
Payload(hex): 435553544f4d4d45535341474554455354464f524752494441435449564154494f4e
JSON: {""text"":""CUSTOMMESSAGETESTFORGRIDACTIVATION""}
MIC: b2c508b8",25-06-r1360.csv,,25-06-r1360,1360,,[1360],[1360],['R1360'],2026-06-25,2026-06-25 14:11:18+02:00,-85.0,13.0,06139e8c,24E124FFFEFE11C4,24E124C0002A0001,24E124445E318071,Class C,-,1576181722,UpUnc,false,false,false,1428,86,LORA,125,7,0,4/5,13.0,-85,-,Q1VTVE9NTUVTU0FHRVRFU1RGT1JHUklEQUNUSVZBVElPTg==,435553544f4d4d45535341474554455354464f524752494441435449564154494f4e,"{""text"":""CUSTOMMESSAGETESTFORGRIDACTIVATION""}",b2c508b8,86.0,435553544f4d4d45535341474554455354464f524752494441435449564154494f4e,{'text': 'CUSTOMMESSAGETESTFORGRIDACTIVATION'},,CUSTOMMESSAGETESTFORGRIDACTIVATION,['R1360'],R1360,['R1360'],['2026-06-25_R1360_01'],['R1360'],True,2026-06-25,True,True,2026-06-25_R1360_01,2026-06-25,R1360,1,7,assigned_manual_window,True,-32.0,False,7,83.816,9.5,2026-06-25 14:10:48+02:00,2026-06-25 14:10:48+02:00,2026-06-25 14:11:53+02:00,False,False,,5,9,4,0,1423,1431,0.5555555555555556,0.4444444444444444,0.4444444444444444,group_7
24E124445E318071,24E124FFFEFE11C4,868500000,SF7BW125, -94/8.5,34,1429,UpUnc,2026-06-25 12:11:23+00:00,"Dev Addr/Multicast Addr: 06139e8c
GwEUI: 24E124FFFEFE11C4
AppEUI: 24E124C0002A0001
Device EUI/Group Name: 24E124445E318071
Class Type: Class C
Immediately: -
Timestamp: 1581401671
Type: UpUnc
Adr: false
AdrAcKReq: false
Ack: false
Fcnt: 1429
Port: 86
Modulation: LORA
Bandwidth: 125
SpreadFactor: 7
Bitrate: 0
CodeRate: 4/5
SNR: 8.5
RSSI: -94
Power: -
Payload(b64): Q1VTVE9NTUVTU0FHRVRFU1RGT1JHUklEQUNUSVZBVElPTg==
Payload(hex): 435553544f4d4d45535341474554455354464f524752494441435449564154494f4e
JSON: {""text"":""CUSTOMMESSAGETESTFORGRIDACTIVATION""}
MIC: 6f5e1178",25-06-r1360.csv,,25-06-r1360,1360,,[1360],[1360],['R1360'],2026-06-25,2026-06-25 14:11:23+02:00,-94.0,8.5,06139e8c,24E124FFFEFE11C4,24E124C0002A0001,24E124445E318071,Class C,-,1581401671,UpUnc,false,false,false,1429,86,LORA,125,7,0,4/5,8.5,-94,-,Q1VTVE9NTUVTU0FHRVRFU1RGT1JHUklEQUNUSVZBVElPTg==,435553544f4d4d45535341474554455354464f524752494441435449564154494f4e,"{""text"":""CUSTOMMESSAGETESTFORGRIDACTIVATION""}",6f5e1178,86.0,435553544f4d4d45535341474554455354464f524752494441435449564154494f4e,{'text': 'CUSTOMMESSAGETESTFORGRIDACTIVATION'},,CUSTOMMESSAGETESTFORGRIDACTIVATION,['R1360'],R1360,['R1360'],['2026-06-25_R1360_01'],['R1360'],True,2026-06-25,True,True,2026-06-25_R1360_01,2026-06-25,R1360,1,7,assigned_manual_window,True,-32.0,False,7,83.816,9.5,2026-06-25 14:10:48+02:00,2026-06-25 14:10:48+02:00,2026-06-25 14:11:53+02:00,False,False,,5,9,4,0,1423,1431,0.5555555555555556,0.4444444444444444,0.4444444444444444,group_7
24E124445E318071,24E124FFFEFE11C4,868500000,SF7BW125, -93/8.5,34,1431,UpUnc,2026-06-25 12:11:33+00:00,"Dev Addr/Multicast Addr: 06139e8c
GwEUI: 24E124FFFEFE11C4
AppEUI: 24E124C0002A0001
Device EUI/Group Name: 24E124445E318071
Class Type: Class C
Immediately: -
Timestamp: 1591321722
Type: UpUnc
Adr: false
AdrAcKReq: false
Ack: false
Fcnt: 1431
Port: 86
Modulation: LORA
Bandwidth: 125
SpreadFactor: 7
Bitrate: 0
CodeRate: 4/5
SNR: 8.5
RSSI: -93
Power: -
Payload(b64): Q1VTVE9NTUVTU0FHRVRFU1RGT1JHUklEQUNUSVZBVElPTg==
Payload(hex): 435553544f4d4d45535341474554455354464f524752494441435449564154494f4e
JSON: {""text"":""CUSTOMMESSAGETESTFORGRIDACTIVATION""}
MIC: 19042942",25-06-r1360.csv,,25-06-r1360,1360,,[1360],[1360],['R1360'],2026-06-25,2026-06-25 14:11:33+02:00,-93.0,8.5,06139e8c,24E124FFFEFE11C4,24E124C0002A0001,24E124445E318071,Class C,-,1591321722,UpUnc,false,false,false,1431,86,LORA,125,7,0,4/5,8.5,-93,-,Q1VTVE9NTUVTU0FHRVRFU1RGT1JHUklEQUNUSVZBVElPTg==,435553544f4d4d45535341474554455354464f524752494441435449564154494f4e,"{""text"":""CUSTOMMESSAGETESTFORGRIDACTIVATION""}",19042942,86.0,435553544f4d4d45535341474554455354464f524752494441435449564154494f4e,{'text': 'CUSTOMMESSAGETESTFORGRIDACTIVATION'},,CUSTOMMESSAGETESTFORGRIDACTIVATION,['R1360'],R1360,['R1360'],['2026-06-25_R1360_01'],['R1360'],True,2026-06-25,True,True,2026-06-25_R1360_01,2026-06-25,R1360,1,7,assigned_manual_window,True,-32.0,False,7,83.816,9.5,2026-06-25 14:10:48+02:00,2026-06-25 14:10:48+02:00,2026-06-25 14:11:53+02:00,False,False,,5,9,4,0,1423,1431,0.5555555555555556,0.4444444444444444,0.4444444444444444,group_7
24E124445E318071,24E124FFFEFE11C4,868300000,SF7BW125, -94/11.8,34,326,UpCnf,2026-06-29 10:32:37+00:00,"Dev Addr/Multicast Addr: 0770d40a
GwEUI: 24E124FFFEFE11C4
AppEUI: 24E124C0002A0001
Device EUI/Group Name: 24E124445E318071
Class Type: Class C
Immediately: -
Timestamp: 335486682
Type: UpCnf
Adr: false
AdrAcKReq: false
Ack: false
Fcnt: 326
Port: 86
Modulation: LORA
Bandwidth: 125
SpreadFactor: 7
Bitrate: 0
CodeRate: 4/5
SNR: 11.8
RSSI: -94
Power: -
Payload(b64): Q1VTVE9NTUVTU0FHRVRFU1RGT1JHUklEQUNUSVZBVElPTg==
Payload(hex): 435553544f4d4d45535341474554455354464f524752494441435449564154494f4e
JSON: {""text"":""CUSTOMMESSAGETESTFORGRIDACTIVATION""}
MIC: 6e53b215",29-06- 1350.csv,,29-06- 1350,1350,,[1350],[1350],['R1350'],2026-06-29,2026-06-29 12:32:37+02:00,-94.0,11.8,0770d40a,24E124FFFEFE11C4,24E124C0002A0001,24E124445E318071,Class C,-,335486682,UpCnf,false,false,false,326,86,LORA,125,7,0,4/5,11.8,-94,-,Q1VTVE9NTUVTU0FHRVRFU1RGT1JHUklEQUNUSVZBVElPTg==,435553544f4d4d45535341474554455354464f524752494441435449564154494f4e,"{""text"":""CUSTOMMESSAGETESTFORGRIDACTIVATION""}",6e53b215,86.0,435553544f4d4d45535341474554455354464f524752494441435449564154494f4e,{'text': 'CUSTOMMESSAGETESTFORGRIDACTIVATION'},,CUSTOMMESSAGETESTFORGRIDACTIVATION,['R1350'],R1350,['R1350'],['2026-06-29_R1350_01'],['R1350'],True,2026-06-29,True,True,2026-06-29_R1350_01,2026-06-29,R1350,1,7,assigned_manual_window,True,0.0,False,7,83.816,-1.5,2026-06-29 12:32:30+02:00,2026-06-29 12:32:30+02:00,2026-06-29 12:34:30+02:00,False,False,,18,46,28,0,326,371,0.391304347826087,0.6086956521739131,0.6086956521739131,group_7
24E124445E318071,24E124FFFEFE11C4,868300000,SF7BW125, -94/12.2,34,329,UpCnf,2026-06-29 10:32:42+00:00,"Dev Addr/Multicast Addr: 0770d40a
GwEUI: 24E124FFFEFE11C4
AppEUI: 24E124C0002A0001
Device EUI/Group Name: 24E124445E318071
Class Type: Class C
Immediately: -
Timestamp: 340738050
Type: UpCnf
Adr: false
AdrAcKReq: false
Ack: false
Fcnt: 329
Port: 86
Modulation: LORA
Bandwidth: 125
SpreadFactor: 7
Bitrate: 0
CodeRate: 4/5
SNR: 12.2
RSSI: -94
Power: -
Payload(b64): Q1VTVE9NTUVTU0FHRVRFU1RGT1JHUklEQUNUSVZBVElPTg==
Payload(hex): 435553544f4d4d45535341474554455354464f524752494441435449564154494f4e
JSON: {""text"":""CUSTOMMESSAGETESTFORGRIDACTIVATION""}
MIC: b5aa8fd6",29-06- 1350.csv,,29-06- 1350,1350,,[1350],[1350],['R1350'],2026-06-29,2026-06-29 12:32:42+02:00,-94.0,12.2,0770d40a,24E124FFFEFE11C4,24E124C0002A0001,24E124445E318071,Class C,-,340738050,UpCnf,false,false,false,329,86,LORA,125,7,0,4/5,12.2,-94,-,Q1VTVE9NTUVTU0FHRVRFU1RGT1JHUklEQUNUSVZBVElPTg==,435553544f4d4d45535341474554455354464f524752494441435449564154494f4e,"{""text"":""CUSTOMMESSAGETESTFORGRIDACTIVATION""}",b5aa8fd6,86.0,435553544f4d4d45535341474554455354464f524752494441435449564154494f4e,{'text': 'CUSTOMMESSAGETESTFORGRIDACTIVATION'},,CUSTOMMESSAGETESTFORGRIDACTIVATION,['R1350'],R1350,['R1350'],['2026-06-29_R1350_01'],['R1350'],True,2026-06-29,True,True,2026-06-29_R1350_01,2026-06-29,R1350,1,7,assigned_manual_window,True,0.0,False,7,83.816,-1.5,2026-06-29 12:32:30+02:00,2026-06-29 12:32:30+02:00,2026-06-29 12:34:30+02:00,False,False,,18,46,28,0,326,371,0.391304347826087,0.6086956521739131,0.6086956521739131,group_7
24E124445E318071,24E124FFFEFE11C4,868100000,SF7BW125, -95/12.0,34,332,UpCnf,2026-06-29 10:32:49+00:00,"Dev Addr/Multicast Addr: 0770d40a
GwEUI: 24E124FFFEFE11C4
AppEUI: 24E124C0002A0001
Device EUI/Group Name: 24E124445E318071
Class Type: Class C
Immediately: -
Timestamp: 347455696
Type: UpCnf
Adr: false
AdrAcKReq: false
Ack: false
Fcnt: 332
Port: 86
Modulation: LORA
Bandwidth: 125
SpreadFactor: 7
Bitrate: 0
CodeRate: 4/5
SNR: 12.0
RSSI: -95
Power: -
Payload(b64): Q1VTVE9NTUVTU0FHRVRFU1RGT1JHUklEQUNUSVZBVElPTg==
Payload(hex): 435553544f4d4d45535341474554455354464f524752494441435449564154494f4e
JSON: {""text"":""CUSTOMMESSAGETESTFORGRIDACTIVATION""}
MIC: e80563e4",29-06- 1350.csv,,29-06- 1350,1350,,[1350],[1350],['R1350'],2026-06-29,2026-06-29 12:32:49+02:00,-95.0,12.0,0770d40a,24E124FFFEFE11C4,24E124C0002A0001,24E124445E318071,Class C,-,347455696,UpCnf,false,false,false,332,86,LORA,125,7,0,4/5,12.0,-95,-,Q1VTVE9NTUVTU0FHRVRFU1RGT1JHUklEQUNUSVZBVElPTg==,435553544f4d4d45535341474554455354464f524752494441435449564154494f4e,"{""text"":""CUSTOMMESSAGETESTFORGRIDACTIVATION""}",e80563e4,86.0,435553544f4d4d45535341474554455354464f524752494441435449564154494f4e,{'text': 'CUSTOMMESSAGETESTFORGRIDACTIVATION'},,CUSTOMMESSAGETESTFORGRIDACTIVATION,['R1350'],R1350,['R1350'],['2026-06-29_R1350_01'],['R1350'],True,2026-06-29,True,True,2026-06-29_R1350_01,2026-06-29,R1350,1,7,assigned_manual_window,True,0.0,False,7,83.816,-1.5,2026-06-29 12:32:30+02:00,2026-06-29 12:32:30+02:00,2026-06-29 12:34:30+02:00,False,False,,18,46,28,0,326,371,0.391304347826087,0.6086956521739131,0.6086956521739131,group_7
24E124445E318071,24E124FFFEFE11C4,868500000,SF7BW125, -97/9.8,34,335,UpCnf,2026-06-29 10:32:54+00:00,"Dev Addr/Multicast Addr: 0770d40a
GwEUI: 24E124FFFEFE11C4
AppEUI: 24E124C0002A0001
Device EUI/Group Name: 24E124445E318071
Class Type: Class C
Immediately: -
Timestamp: 352236669
Type: UpCnf
Adr: false
AdrAcKReq: false
Ack: false
Fcnt: 335
Port: 86
Modulation: LORA
Bandwidth: 125
SpreadFactor: 7
Bitrate: 0
CodeRate: 4/5
SNR: 9.8
RSSI: -97
Power: -
Payload(b64): Q1VTVE9NTUVTU0FHRVRFU1RGT1JHUklEQUNUSVZBVElPTg==
Payload(hex): 435553544f4d4d45535341474554455354464f524752494441435449564154494f4e
JSON: {""text"":""CUSTOMMESSAGETESTFORGRIDACTIVATION""}
MIC: 80419f83",29-06- 1350.csv,,29-06- 1350,1350,,[1350],[1350],['R1350'],2026-06-29,2026-06-29 12:32:54+02:00,-97.0,9.8,0770d40a,24E124FFFEFE11C4,24E124C0002A0001,24E124445E318071,Class C,-,352236669,UpCnf,false,false,false,335,86,LORA,125,7,0,4/5,9.8,-97,-,Q1VTVE9NTUVTU0FHRVRFU1RGT1JHUklEQUNUSVZBVElPTg==,435553544f4d4d45535341474554455354464f524752494441435449564154494f4e,"{""text"":""CUSTOMMESSAGETESTFORGRIDACTIVATION""}",80419f83,86.0,435553544f4d4d45535341474554455354464f524752494441435449564154494f4e,{'text': 'CUSTOMMESSAGETESTFORGRIDACTIVATION'},,CUSTOMMESSAGETESTFORGRIDACTIVATION,['R1350'],R1350,['R1350'],['2026-06-29_R1350_01'],['R1350'],True,2026-06-29,True,True,2026-06-29_R1350_01,2026-06-29,R1350,1,7,assigned_manual_window,True,0.0,False,7,83.816,-1.5,2026-06-29 12:32:30+02:00,2026-06-29 12:32:30+02:00,2026-06-29 12:34:30+02:00,False,False,,18,46,28,0,326,371,0.391304347826087,0.6086956521739131,0.6086956521739131,group_7
24E124445E318071,24E124FFFEFE11C4,868300000,SF7BW125, -94/12.5,34,340,UpCnf,2026-06-29 10:33:05+00:00,"Dev Addr/Multicast Addr: 0770d40a
GwEUI: 24E124FFFEFE11C4
AppEUI: 24E124C0002A0001
Device EUI/Group Name: 24E124445E318071
Class Type: Class C
Immediately: -
Timestamp: 363226700
Type: UpCnf
Adr: false
AdrAcKReq: false
Ack: false
Fcnt: 340
Port: 86
Modulation: LORA
Bandwidth: 125
SpreadFactor: 7
Bitrate: 0
CodeRate: 4/5
SNR: 12.5
RSSI: -94
Power: -
Payload(b64): Q1VTVE9NTUVTU0FHRVRFU1RGT1JHUklEQUNUSVZBVElPTg==
Payload(hex): 435553544f4d4d45535341474554455354464f524752494441435449564154494f4e
JSON: {""text"":""CUSTOMMESSAGETESTFORGRIDACTIVATION""}
MIC: 60a9831f",29-06- 1350.csv,,29-06- 1350,1350,,[1350],[1350],['R1350'],2026-06-29,2026-06-29 12:33:05+02:00,-94.0,12.5,0770d40a,24E124FFFEFE11C4,24E124C0002A0001,24E124445E318071,Class C,-,363226700,UpCnf,false,false,false,340,86,LORA,125,7,0,4/5,12.5,-94,-,Q1VTVE9NTUVTU0FHRVRFU1RGT1JHUklEQUNUSVZBVElPTg==,435553544f4d4d45535341474554455354464f524752494441435449564154494f4e,"{""text"":""CUSTOMMESSAGETESTFORGRIDACTIVATION""}",60a9831f,86.0,435553544f4d4d45535341474554455354464f524752494441435449564154494f4e,{'text': 'CUSTOMMESSAGETESTFORGRIDACTIVATION'},,CUSTOMMESSAGETESTFORGRIDACTIVATION,['R1350'],R1350,['R1350'],['2026-06-29_R1350_01'],['R1350'],True,2026-06-29,True,True,2026-06-29_R1350_01,2026-06-29,R1350,1,7,assigned_manual_window,True,0.0,False,7,83.816,-1.5,2026-06-29 12:32:30+02:00,2026-06-29 12:32:30+02:00,2026-06-29 12:34:30+02:00,False,False,,18,46,28,0,326,371,0.391304347826087,0.6086956521739131,0.6086956521739131,group_7
24E124445E318071,24E124FFFEFE11C4,868300000,SF7BW125, -101/9.2,34,341,UpCnf,2026-06-29 10:33:07+00:00,"Dev Addr/Multicast Addr: 0770d40a
GwEUI: 24E124FFFEFE11C4
AppEUI: 24E124C0002A0001
Device EUI/Group Name: 24E124445E318071
Class Type: Class C
Immediately: -
Timestamp: 365236658
Type: UpCnf
Adr: false
AdrAcKReq: false
Ack: false
Fcnt: 341
Port: 86
Modulation: LORA
Bandwidth: 125
SpreadFactor: 7
Bitrate: 0
CodeRate: 4/5
SNR: 9.2
RSSI: -101
Power: -
Payload(b64): Q1VTVE9NTUVTU0FHRVRFU1RGT1JHUklEQUNUSVZBVElPTg==
Payload(hex): 435553544f4d4d45535341474554455354464f524752494441435449564154494f4e
JSON: {""text"":""CUSTOMMESSAGETESTFORGRIDACTIVATION""}
MIC: c509aab3",29-06- 1350.csv,,29-06- 1350,1350,,[1350],[1350],['R1350'],2026-06-29,2026-06-29 12:33:07+02:00,-101.0,9.2,0770d40a,24E124FFFEFE11C4,24E124C0002A0001,24E124445E318071,Class C,-,365236658,UpCnf,false,false,false,341,86,LORA,125,7,0,4/5,9.2,-101,-,Q1VTVE9NTUVTU0FHRVRFU1RGT1JHUklEQUNUSVZBVElPTg==,435553544f4d4d45535341474554455354464f524752494441435449564154494f4e,"{""text"":""CUSTOMMESSAGETESTFORGRIDACTIVATION""}",c509aab3,86.0,435553544f4d4d45535341474554455354464f524752494441435449564154494f4e,{'text': 'CUSTOMMESSAGETESTFORGRIDACTIVATION'},,CUSTOMMESSAGETESTFORGRIDACTIVATION,['R1350'],R1350,['R1350'],['2026-06-29_R1350_01'],['R1350'],True,2026-06-29,True,True,2026-06-29_R1350_01,2026-06-29,R1350,1,7,assigned_manual_window,True,0.0,False,7,83.816,-1.5,2026-06-29 12:32:30+02:00,2026-06-29 12:32:30+02:00,2026-06-29 12:34:30+02:00,False,False,,18,46,28,0,326,371,0.391304347826087,0.6086956521739131,0.6086956521739131,group_7
24E124445E318071,24E124FFFEFE11C4,868500000,SF7BW125, -97/10.0,34,344,UpCnf,2026-06-29 10:33:11+00:00,"Dev Addr/Multicast Addr: 0770d40a
GwEUI: 24E124FFFEFE11C4
AppEUI: 24E124C0002A0001
Device EUI/Group Name: 24E124445E318071
Class Type: Class C
Immediately: -
Timestamp: 369907642
Type: UpCnf
Adr: false
AdrAcKReq: false
Ack: false
Fcnt: 344
Port: 86
Modulation: LORA
Bandwidth: 125
SpreadFactor: 7
Bitrate: 0
CodeRate: 4/5
SNR: 10.0
RSSI: -97
Power: -
Payload(b64): Q1VTVE9NTUVTU0FHRVRFU1RGT1JHUklEQUNUSVZBVElPTg==
Payload(hex): 435553544f4d4d45535341474554455354464f524752494441435449564154494f4e
JSON: {""text"":""CUSTOMMESSAGETESTFORGRIDACTIVATION""}
MIC: 547bf3bb",29-06- 1350.csv,,29-06- 1350,1350,,[1350],[1350],['R1350'],2026-06-29,2026-06-29 12:33:11+02:00,-97.0,10.0,0770d40a,24E124FFFEFE11C4,24E124C0002A0001,24E124445E318071,Class C,-,369907642,UpCnf,false,false,false,344,86,LORA,125,7,0,4/5,10.0,-97,-,Q1VTVE9NTUVTU0FHRVRFU1RGT1JHUklEQUNUSVZBVElPTg==,435553544f4d4d45535341474554455354464f524752494441435449564154494f4e,"{""text"":""CUSTOMMESSAGETESTFORGRIDACTIVATION""}",547bf3bb,86.0,435553544f4d4d45535341474554455354464f524752494441435449564154494f4e,{'text': 'CUSTOMMESSAGETESTFORGRIDACTIVATION'},,CUSTOMMESSAGETESTFORGRIDACTIVATION,['R1350'],R1350,['R1350'],['2026-06-29_R1350_01'],['R1350'],True,2026-06-29,True,True,2026-06-29_R1350_01,2026-06-29,R1350,1,7,assigned_manual_window,True,0.0,False,7,83.816,-1.5,2026-06-29 12:32:30+02:00,2026-06-29 12:32:30+02:00,2026-06-29 12:34:30+02:00,False,False,,18,46,28,0,326,371,0.391304347826087,0.6086956521739131,0.6086956521739131,group_7
24E124445E318071,24E124FFFEFE11C4,868300000,SF7BW125, -94/12.2,34,347,UpCnf,2026-06-29 10:33:17+00:00,"Dev Addr/Multicast Addr: 0770d40a
GwEUI: 24E124FFFEFE11C4
AppEUI: 24E124C0002A0001
Device EUI/Group Name: 24E124445E318071
Class Type: Class C
Immediately: -
Timestamp: 375950621
Type: UpCnf
Adr: false
AdrAcKReq: false
Ack: false
Fcnt: 347
Port: 86
Modulation: LORA
Bandwidth: 125
SpreadFactor: 7
Bitrate: 0
CodeRate: 4/5
SNR: 12.2
RSSI: -94
Power: -
Payload(b64): Q1VTVE9NTUVTU0FHRVRFU1RGT1JHUklEQUNUSVZBVElPTg==
Payload(hex): 435553544f4d4d45535341474554455354464f524752494441435449564154494f4e
JSON: {""text"":""CUSTOMMESSAGETESTFORGRIDACTIVATION""}
MIC: bc3f1aed",29-06- 1350.csv,,29-06- 1350,1350,,[1350],[1350],['R1350'],2026-06-29,2026-06-29 12:33:17+02:00,-94.0,12.2,0770d40a,24E124FFFEFE11C4,24E124C0002A0001,24E124445E318071,Class C,-,375950621,UpCnf,false,false,false,347,86,LORA,125,7,0,4/5,12.2,-94,-,Q1VTVE9NTUVTU0FHRVRFU1RGT1JHUklEQUNUSVZBVElPTg==,435553544f4d4d45535341474554455354464f524752494441435449564154494f4e,"{""text"":""CUSTOMMESSAGETESTFORGRIDACTIVATION""}",bc3f1aed,86.0,435553544f4d4d45535341474554455354464f524752494441435449564154494f4e,{'text': 'CUSTOMMESSAGETESTFORGRIDACTIVATION'},,CUSTOMMESSAGETESTFORGRIDACTIVATION,['R1350'],R1350,['R1350'],['2026-06-29_R1350_01'],['R1350'],True,2026-06-29,True,True,2026-06-29_R1350_01,2026-06-29,R1350,1,7,assigned_manual_window,True,0.0,False,7,83.816,-1.5,2026-06-29 12:32:30+02:00,2026-06-29 12:32:30+02:00,2026-06-29 12:34:30+02:00,False,False,,18,46,28,0,326,371,0.391304347826087,0.6086956521739131,0.6086956521739131,group_7
24E124445E318071,24E124FFFEFE11C4,868100000,SF7BW125, -92/12.5,34,350,UpCnf,2026-06-29 10:33:22+00:00,"Dev Addr/Multicast Addr: 0770d40a
GwEUI: 24E124FFFEFE11C4
AppEUI: 24E124C0002A0001
Device EUI/Group Name: 24E124445E318071
Class Type: Class C
Immediately: -
Timestamp: 380757663
Type: UpCnf
Adr: false
AdrAcKReq: false
Ack: false
Fcnt: 350
Port: 86
Modulation: LORA
Bandwidth: 125
SpreadFactor: 7
Bitrate: 0
CodeRate: 4/5
SNR: 12.5
RSSI: -92
Power: -
Payload(b64): Q1VTVE9NTUVTU0FHRVRFU1RGT1JHUklEQUNUSVZBVElPTg==
Payload(hex): 435553544f4d4d45535341474554455354464f524752494441435449564154494f4e
JSON: {""text"":""CUSTOMMESSAGETESTFORGRIDACTIVATION""}
MIC: ec32eabc",29-06- 1350.csv,,29-06- 1350,1350,,[1350],[1350],['R1350'],2026-06-29,2026-06-29 12:33:22+02:00,-92.0,12.5,0770d40a,24E124FFFEFE11C4,24E124C0002A0001,24E124445E318071,Class C,-,380757663,UpCnf,false,false,false,350,86,LORA,125,7,0,4/5,12.5,-92,-,Q1VTVE9NTUVTU0FHRVRFU1RGT1JHUklEQUNUSVZBVElPTg==,435553544f4d4d45535341474554455354464f524752494441435449564154494f4e,"{""text"":""CUSTOMMESSAGETESTFORGRIDACTIVATION""}",ec32eabc,86.0,435553544f4d4d45535341474554455354464f524752494441435449564154494f4e,{'text': 'CUSTOMMESSAGETESTFORGRIDACTIVATION'},,CUSTOMMESSAGETESTFORGRIDACTIVATION,['R1350'],R1350,['R1350'],['2026-06-29_R1350_01'],['R1350'],True,2026-06-29,True,True,2026-06-29_R1350_01,2026-06-29,R1350,1,7,assigned_manual_window,True,0.0,False,7,83.816,-1.5,2026-06-29 12:32:30+02:00,2026-06-29 12:32:30+02:00,2026-06-29 12:34:30+02:00,False,False,,18,46,28,0,326,371,0.391304347826087,0.6086956521739131,0.6086956521739131,group_7
24E124445E318071,24E124FFFEFE11C4,868300000,SF7BW125, -92/12.2,34,352,UpCnf,2026-06-29 10:33:27+00:00,"Dev Addr/Multicast Addr: 0770d40a
GwEUI: 24E124FFFEFE11C4
AppEUI: 24E124C0002A0001
Device EUI/Group Name: 24E124445E318071
Class Type: Class C
Immediately: -
Timestamp: 385280916
Type: UpCnf
Adr: false
AdrAcKReq: false
Ack: false
Fcnt: 352
Port: 86
Modulation: LORA
Bandwidth: 125
SpreadFactor: 7
Bitrate: 0
CodeRate: 4/5
SNR: 12.2
RSSI: -92
Power: -
Payload(b64): Q1VTVE9NTUVTU0FHRVRFU1RGT1JHUklEQUNUSVZBVElPTg==
Payload(hex): 435553544f4d4d45535341474554455354464f524752494441435449564154494f4e
JSON: {""text"":""CUSTOMMESSAGETESTFORGRIDACTIVATION""}
MIC: 2c17a0b9",29-06- 1350.csv,,29-06- 1350,1350,,[1350],[1350],['R1350'],2026-06-29,2026-06-29 12:33:27+02:00,-92.0,12.2,0770d40a,24E124FFFEFE11C4,24E124C0002A0001,24E124445E318071,Class C,-,385280916,UpCnf,false,false,false,352,86,LORA,125,7,0,4/5,12.2,-92,-,Q1VTVE9NTUVTU0FHRVRFU1RGT1JHUklEQUNUSVZBVElPTg==,435553544f4d4d45535341474554455354464f524752494441435449564154494f4e,"{""text"":""CUSTOMMESSAGETESTFORGRIDACTIVATION""}",2c17a0b9,86.0,435553544f4d4d45535341474554455354464f524752494441435449564154494f4e,{'text': 'CUSTOMMESSAGETESTFORGRIDACTIVATION'},,CUSTOMMESSAGETESTFORGRIDACTIVATION,['R1350'],R1350,['R1350'],['2026-06-29_R1350_01'],['R1350'],True,2026-06-29,True,True,2026-06-29_R1350_01,2026-06-29,R1350,1,7,assigned_manual_window,True,0.0,False,7,83.816,-1.5,2026-06-29 12:32:30+02:00,2026-06-29 12:32:30+02:00,2026-06-29 12:34:30+02:00,False,False,,18,46,28,0,326,371,0.391304347826087,0.6086956521739131,0.6086956521739131,group_7
24E124445E318071,24E124FFFEFE11C4,868500000,SF7BW125, -93/10.5,34,354,UpCnf,2026-06-29 10:33:30+00:00,"Dev Addr/Multicast Addr: 0770d40a
GwEUI: 24E124FFFEFE11C4
AppEUI: 24E124C0002A0001
Device EUI/Group Name: 24E124445E318071
Class Type: Class C
Immediately: -
Timestamp: 388809635
Type: UpCnf
Adr: false
AdrAcKReq: false
Ack: false
Fcnt: 354
Port: 86
Modulation: LORA
Bandwidth: 125
SpreadFactor: 7
Bitrate: 0
CodeRate: 4/5
SNR: 10.5
RSSI: -93
Power: -
Payload(b64): Q1VTVE9NTUVTU0FHRVRFU1RGT1JHUklEQUNUSVZBVElPTg==
Payload(hex): 435553544f4d4d45535341474554455354464f524752494441435449564154494f4e
JSON: {""text"":""CUSTOMMESSAGETESTFORGRIDACTIVATION""}
MIC: 001324a1",29-06- 1350.csv,,29-06- 1350,1350,,[1350],[1350],['R1350'],2026-06-29,2026-06-29 12:33:30+02:00,-93.0,10.5,0770d40a,24E124FFFEFE11C4,24E124C0002A0001,24E124445E318071,Class C,-,388809635,UpCnf,false,false,false,354,86,LORA,125,7,0,4/5,10.5,-93,-,Q1VTVE9NTUVTU0FHRVRFU1RGT1JHUklEQUNUSVZBVElPTg==,435553544f4d4d45535341474554455354464f524752494441435449564154494f4e,"{""text"":""CUSTOMMESSAGETESTFORGRIDACTIVATION""}",001324a1,86.0,435553544f4d4d45535341474554455354464f524752494441435449564154494f4e,{'text': 'CUSTOMMESSAGETESTFORGRIDACTIVATION'},,CUSTOMMESSAGETESTFORGRIDACTIVATION,['R1350'],R1350,['R1350'],['2026-06-29_R1350_01'],['R1350'],True,2026-06-29,True,True,2026-06-29_R1350_01,2026-06-29,R1350,1,7,assigned_manual_window,True,0.0,False,7,83.816,-1.5,2026-06-29 12:32:30+02:00,2026-06-29 12:32:30+02:00,2026-06-29 12:34:30+02:00,False,False,,18,46,28,0,326,371,0.391304347826087,0.6086956521739131,0.6086956521739131,group_7
24E124445E318071,24E124FFFEFE11C4,868100000,SF7BW125, -92/13.2,34,356,UpCnf,2026-06-29 10:33:34+00:00,"Dev Addr/Multicast Addr: 0770d40a
GwEUI: 24E124FFFEFE11C4
AppEUI: 24E124C0002A0001
Device EUI/Group Name: 24E124445E318071
Class Type: Class C
Immediately: -
Timestamp: 392382604
Type: UpCnf
Adr: false
AdrAcKReq: false
Ack: false
Fcnt: 356
Port: 86
Modulation: LORA
Bandwidth: 125
SpreadFactor: 7
Bitrate: 0
CodeRate: 4/5
SNR: 13.2
RSSI: -92
Power: -
Payload(b64): Q1VTVE9NTUVTU0FHRVRFU1RGT1JHUklEQUNUSVZBVElPTg==
Payload(hex): 435553544f4d4d45535341474554455354464f524752494441435449564154494f4e
JSON: {""text"":""CUSTOMMESSAGETESTFORGRIDACTIVATION""}
MIC: 2382c723",29-06- 1350.csv,,29-06- 1350,1350,,[1350],[1350],['R1350'],2026-06-29,2026-06-29 12:33:34+02:00,-92.0,13.2,0770d40a,24E124FFFEFE11C4,24E124C0002A0001,24E124445E318071,Class C,-,392382604,UpCnf,false,false,false,356,86,LORA,125,7,0,4/5,13.2,-92,-,Q1VTVE9NTUVTU0FHRVRFU1RGT1JHUklEQUNUSVZBVElPTg==,435553544f4d4d45535341474554455354464f524752494441435449564154494f4e,"{""text"":""CUSTOMMESSAGETESTFORGRIDACTIVATION""}",2382c723,86.0,435553544f4d4d45535341474554455354464f524752494441435449564154494f4e,{'text': 'CUSTOMMESSAGETESTFORGRIDACTIVATION'},,CUSTOMMESSAGETESTFORGRIDACTIVATION,['R1350'],R1350,['R1350'],['2026-06-29_R1350_01'],['R1350'],True,2026-06-29,True,True,2026-06-29_R1350_01,2026-06-29,R1350,1,7,assigned_manual_window,True,0.0,False,7,83.816,-1.5,2026-06-29 12:32:30+02:00,2026-06-29 12:32:30+02:00,2026-06-29 12:34:30+02:00,False,False,,18,46,28,0,326,371,0.391304347826087,0.6086956521739131,0.6086956521739131,group_7
24E124445E318071,24E124FFFEFE11C4,868100000,SF7BW125, -91/12.8,34,359,UpCnf,2026-06-29 10:33:39+00:00,"Dev Addr/Multicast Addr: 0770d40a
GwEUI: 24E124FFFEFE11C4
AppEUI: 24E124C0002A0001
Device EUI/Group Name: 24E124445E318071
Class Type: Class C
Immediately: -
Timestamp: 397979618
Type: UpCnf
Adr: false
AdrAcKReq: false
Ack: false
Fcnt: 359
Port: 86
Modulation: LORA
Bandwidth: 125
SpreadFactor: 7
Bitrate: 0
CodeRate: 4/5
SNR: 12.8
RSSI: -91
Power: -
Payload(b64): Q1VTVE9NTUVTU0FHRVRFU1RGT1JHUklEQUNUSVZBVElPTg==
Payload(hex): 435553544f4d4d45535341474554455354464f524752494441435449564154494f4e
JSON: {""text"":""CUSTOMMESSAGETESTFORGRIDACTIVATION""}
MIC: ebd5a843",29-06- 1350.csv,,29-06- 1350,1350,,[1350],[1350],['R1350'],2026-06-29,2026-06-29 12:33:39+02:00,-91.0,12.8,0770d40a,24E124FFFEFE11C4,24E124C0002A0001,24E124445E318071,Class C,-,397979618,UpCnf,false,false,false,359,86,LORA,125,7,0,4/5,12.8,-91,-,Q1VTVE9NTUVTU0FHRVRFU1RGT1JHUklEQUNUSVZBVElPTg==,435553544f4d4d45535341474554455354464f524752494441435449564154494f4e,"{""text"":""CUSTOMMESSAGETESTFORGRIDACTIVATION""}",ebd5a843,86.0,435553544f4d4d45535341474554455354464f524752494441435449564154494f4e,{'text': 'CUSTOMMESSAGETESTFORGRIDACTIVATION'},,CUSTOMMESSAGETESTFORGRIDACTIVATION,['R1350'],R1350,['R1350'],['2026-06-29_R1350_01'],['R1350'],True,2026-06-29,True,True,2026-06-29_R1350_01,2026-06-29,R1350,1,7,assigned_manual_window,True,0.0,False,7,83.816,-1.5,2026-06-29 12:32:30+02:00,2026-06-29 12:32:30+02:00,2026-06-29 12:34:30+02:00,False,False,,18,46,28,0,326,371,0.391304347826087,0.6086956521739131,0.6086956521739131,group_7
24E124445E318071,24E124FFFEFE11C4,868100000,SF7BW125, -91/13.2,34,361,UpCnf,2026-06-29 10:33:42+00:00,"Dev Addr/Multicast Addr: 0770d40a
GwEUI: 24E124FFFEFE11C4
AppEUI: 24E124C0002A0001
Device EUI/Group Name: 24E124445E318071
Class Type: Class C
Immediately: -
Timestamp: 401027608
Type: UpCnf
Adr: false
AdrAcKReq: false
Ack: false
Fcnt: 361
Port: 86
Modulation: LORA
Bandwidth: 125
SpreadFactor: 7
Bitrate: 0
CodeRate: 4/5
SNR: 13.2
RSSI: -91
Power: -
Payload(b64): Q1VTVE9NTUVTU0FHRVRFU1RGT1JHUklEQUNUSVZBVElPTg==
Payload(hex): 435553544f4d4d45535341474554455354464f524752494441435449564154494f4e
JSON: {""text"":""CUSTOMMESSAGETESTFORGRIDACTIVATION""}
MIC: bdf7fd19",29-06- 1350.csv,,29-06- 1350,1350,,[1350],[1350],['R1350'],2026-06-29,2026-06-29 12:33:42+02:00,-91.0,13.2,0770d40a,24E124FFFEFE11C4,24E124C0002A0001,24E124445E318071,Class C,-,401027608,UpCnf,false,false,false,361,86,LORA,125,7,0,4/5,13.2,-91,-,Q1VTVE9NTUVTU0FHRVRFU1RGT1JHUklEQUNUSVZBVElPTg==,435553544f4d4d45535341474554455354464f524752494441435449564154494f4e,"{""text"":""CUSTOMMESSAGETESTFORGRIDACTIVATION""}",bdf7fd19,86.0,435553544f4d4d45535341474554455354464f524752494441435449564154494f4e,{'text': 'CUSTOMMESSAGETESTFORGRIDACTIVATION'},,CUSTOMMESSAGETESTFORGRIDACTIVATION,['R1350'],R1350,['R1350'],['2026-06-29_R1350_01'],['R1350'],True,2026-06-29,True,True,2026-06-29_R1350_01,2026-06-29,R1350,1,7,assigned_manual_window,True,0.0,False,7,83.816,-1.5,2026-06-29 12:32:30+02:00,2026-06-29 12:32:30+02:00,2026-06-29 12:34:30+02:00,False,False,,18,46,28,0,326,371,0.391304347826087,0.6086956521739131,0.6086956521739131,group_7
24E124445E318071,24E124FFFEFE11C4,868500000,SF7BW125, -92/10.8,34,362,UpCnf,2026-06-29 10:33:44+00:00,"Dev Addr/Multicast Addr: 0770d40a
GwEUI: 24E124FFFEFE11C4
AppEUI: 24E124C0002A0001
Device EUI/Group Name: 24E124445E318071
Class Type: Class C
Immediately: -
Timestamp: 402417596
Type: UpCnf
Adr: false
AdrAcKReq: false
Ack: false
Fcnt: 362
Port: 86
Modulation: LORA
Bandwidth: 125
SpreadFactor: 7
Bitrate: 0
CodeRate: 4/5
SNR: 10.8
RSSI: -92
Power: -
Payload(b64): Q1VTVE9NTUVTU0FHRVRFU1RGT1JHUklEQUNUSVZBVElPTg==
Payload(hex): 435553544f4d4d45535341474554455354464f524752494441435449564154494f4e
JSON: {""text"":""CUSTOMMESSAGETESTFORGRIDACTIVATION""}
MIC: 09f49956",29-06- 1350.csv,,29-06- 1350,1350,,[1350],[1350],['R1350'],2026-06-29,2026-06-29 12:33:44+02:00,-92.0,10.8,0770d40a,24E124FFFEFE11C4,24E124C0002A0001,24E124445E318071,Class C,-,402417596,UpCnf,false,false,false,362,86,LORA,125,7,0,4/5,10.8,-92,-,Q1VTVE9NTUVTU0FHRVRFU1RGT1JHUklEQUNUSVZBVElPTg==,435553544f4d4d45535341474554455354464f524752494441435449564154494f4e,"{""text"":""CUSTOMMESSAGETESTFORGRIDACTIVATION""}",09f49956,86.0,435553544f4d4d45535341474554455354464f524752494441435449564154494f4e,{'text': 'CUSTOMMESSAGETESTFORGRIDACTIVATION'},,CUSTOMMESSAGETESTFORGRIDACTIVATION,['R1350'],R1350,['R1350'],['2026-06-29_R1350_01'],['R1350'],True,2026-06-29,True,True,2026-06-29_R1350_01,2026-06-29,R1350,1,7,assigned_manual_window,True,0.0,False,7,83.816,-1.5,2026-06-29 12:32:30+02:00,2026-06-29 12:32:30+02:00,2026-06-29 12:34:30+02:00,False,False,,18,46,28,0,326,371,0.391304347826087,0.6086956521739131,0.6086956521739131,group_7
24E124445E318071,24E124FFFEFE11C4,868500000,SF7BW125, -91/11.0,34,365,UpCnf,2026-06-29 10:33:50+00:00,"Dev Addr/Multicast Addr: 0770d40a
GwEUI: 24E124FFFEFE11C4
AppEUI: 24E124C0002A0001
Device EUI/Group Name: 24E124445E318071
Class Type: Class C
Immediately: -
Timestamp: 408357602
Type: UpCnf
Adr: false
AdrAcKReq: false
Ack: false
Fcnt: 365
Port: 86
Modulation: LORA
Bandwidth: 125
SpreadFactor: 7
Bitrate: 0
CodeRate: 4/5
SNR: 11.0
RSSI: -91
Power: -
Payload(b64): Q1VTVE9NTUVTU0FHRVRFU1RGT1JHUklEQUNUSVZBVElPTg==
Payload(hex): 435553544f4d4d45535341474554455354464f524752494441435449564154494f4e
JSON: {""text"":""CUSTOMMESSAGETESTFORGRIDACTIVATION""}
MIC: 86fc29e1",29-06- 1350.csv,,29-06- 1350,1350,,[1350],[1350],['R1350'],2026-06-29,2026-06-29 12:33:50+02:00,-91.0,11.0,0770d40a,24E124FFFEFE11C4,24E124C0002A0001,24E124445E318071,Class C,-,408357602,UpCnf,false,false,false,365,86,LORA,125,7,0,4/5,11.0,-91,-,Q1VTVE9NTUVTU0FHRVRFU1RGT1JHUklEQUNUSVZBVElPTg==,435553544f4d4d45535341474554455354464f524752494441435449564154494f4e,"{""text"":""CUSTOMMESSAGETESTFORGRIDACTIVATION""}",86fc29e1,86.0,435553544f4d4d45535341474554455354464f524752494441435449564154494f4e,{'text': 'CUSTOMMESSAGETESTFORGRIDACTIVATION'},,CUSTOMMESSAGETESTFORGRIDACTIVATION,['R1350'],R1350,['R1350'],['2026-06-29_R1350_01'],['R1350'],True,2026-06-29,True,True,2026-06-29_R1350_01,2026-06-29,R1350,1,7,assigned_manual_window,True,0.0,False,7,83.816,-1.5,2026-06-29 12:32:30+02:00,2026-06-29 12:32:30+02:00,2026-06-29 12:34:30+02:00,False,False,,18,46,28,0,326,371,0.391304347826087,0.6086956521739131,0.6086956521739131,group_7
24E124445E318071,24E124FFFEFE11C4,868500000,SF7BW125, -91/11.2,34,368,UpCnf,2026-06-29 10:33:55+00:00,"Dev Addr/Multicast Addr: 0770d40a
GwEUI: 24E124FFFEFE11C4
AppEUI: 24E124C0002A0001
Device EUI/Group Name: 24E124445E318071
Class Type: Class C
Immediately: -
Timestamp: 413301575
Type: UpCnf
Adr: false
AdrAcKReq: false
Ack: false
Fcnt: 368
Port: 86
Modulation: LORA
Bandwidth: 125
SpreadFactor: 7
Bitrate: 0
CodeRate: 4/5
SNR: 11.2
RSSI: -91
Power: -
Payload(b64): Q1VTVE9NTUVTU0FHRVRFU1RGT1JHUklEQUNUSVZBVElPTg==
Payload(hex): 435553544f4d4d45535341474554455354464f524752494441435449564154494f4e
JSON: {""text"":""CUSTOMMESSAGETESTFORGRIDACTIVATION""}
MIC: a89f7a5c",29-06- 1350.csv,,29-06- 1350,1350,,[1350],[1350],['R1350'],2026-06-29,2026-06-29 12:33:55+02:00,-91.0,11.2,0770d40a,24E124FFFEFE11C4,24E124C0002A0001,24E124445E318071,Class C,-,413301575,UpCnf,false,false,false,368,86,LORA,125,7,0,4/5,11.2,-91,-,Q1VTVE9NTUVTU0FHRVRFU1RGT1JHUklEQUNUSVZBVElPTg==,435553544f4d4d45535341474554455354464f524752494441435449564154494f4e,"{""text"":""CUSTOMMESSAGETESTFORGRIDACTIVATION""}",a89f7a5c,86.0,435553544f4d4d45535341474554455354464f524752494441435449564154494f4e,{'text': 'CUSTOMMESSAGETESTFORGRIDACTIVATION'},,CUSTOMMESSAGETESTFORGRIDACTIVATION,['R1350'],R1350,['R1350'],['2026-06-29_R1350_01'],['R1350'],True,2026-06-29,True,True,2026-06-29_R1350_01,2026-06-29,R1350,1,7,assigned_manual_window,True,0.0,False,7,83.816,-1.5,2026-06-29 12:32:30+02:00,2026-06-29 12:32:30+02:00,2026-06-29 12:34:30+02:00,False,False,,18,46,28,0,326,371,0.391304347826087,0.6086956521739131,0.6086956521739131,group_7
24E124445E318071,24E124FFFEFE11C4,868300000,SF7BW125, -94/11.8,34,371,UpCnf,2026-06-29 10:34:00+00:00,"Dev Addr/Multicast Addr: 0770d40a
GwEUI: 24E124FFFEFE11C4
AppEUI: 24E124C0002A0001
Device EUI/Group Name: 24E124445E318071
Class Type: Class C
Immediately: -
Timestamp: 418460114
Type: UpCnf
Adr: false
AdrAcKReq: false
Ack: false
Fcnt: 371
Port: 86
Modulation: LORA
Bandwidth: 125
SpreadFactor: 7
Bitrate: 0
CodeRate: 4/5
SNR: 11.8
RSSI: -94
Power: -
Payload(b64): Q1VTVE9NTUVTU0FHRVRFU1RGT1JHUklEQUNUSVZBVElPTg==
Payload(hex): 435553544f4d4d45535341474554455354464f524752494441435449564154494f4e
JSON: {""text"":""CUSTOMMESSAGETESTFORGRIDACTIVATION""}
MIC: a9ba5a01",29-06- 1350.csv,,29-06- 1350,1350,,[1350],[1350],['R1350'],2026-06-29,2026-06-29 12:34:00+02:00,-94.0,11.8,0770d40a,24E124FFFEFE11C4,24E124C0002A0001,24E124445E318071,Class C,-,418460114,UpCnf,false,false,false,371,86,LORA,125,7,0,4/5,11.8,-94,-,Q1VTVE9NTUVTU0FHRVRFU1RGT1JHUklEQUNUSVZBVElPTg==,435553544f4d4d45535341474554455354464f524752494441435449564154494f4e,"{""text"":""CUSTOMMESSAGETESTFORGRIDACTIVATION""}",a9ba5a01,86.0,435553544f4d4d45535341474554455354464f524752494441435449564154494f4e,{'text': 'CUSTOMMESSAGETESTFORGRIDACTIVATION'},,CUSTOMMESSAGETESTFORGRIDACTIVATION,['R1350'],R1350,['R1350'],['2026-06-29_R1350_01'],['R1350'],True,2026-06-29,True,True,2026-06-29_R1350_01,2026-06-29,R1350,1,7,assigned_manual_window,True,0.0,False,7,83.816,-1.5,2026-06-29 12:32:30+02:00,2026-06-29 12:32:30+02:00,2026-06-29 12:34:30+02:00,False,False,,18,46,28,0,326,371,0.391304347826087,0.6086956521739131,0.6086956521739131,group_7
24E124445E318071,24E124FFFEFE11C4,868300000,SF7BW125, -99/10.2,34,898,UpCnf,2026-06-29 11:16:29+00:00,"Dev Addr/Multicast Addr: 0770d40a
GwEUI: 24E124FFFEFE11C4
AppEUI: 24E124C0002A0001
Device EUI/Group Name: 24E124445E318071
Class Type: Class C
Immediately: -
Timestamp: 2967703653
Type: UpCnf
Adr: false
AdrAcKReq: false
Ack: false
Fcnt: 898
Port: 86
Modulation: LORA
Bandwidth: 125
SpreadFactor: 7
Bitrate: 0
CodeRate: 4/5
SNR: 10.2
RSSI: -99
Power: -
Payload(b64): Q1VTVE9NTUVTU0FHRVRFU1RGT1JHUklEQUNUSVZBVElPTg==
Payload(hex): 435553544f4d4d45535341474554455354464f524752494441435449564154494f4e
JSON: {""text"":""CUSTOMMESSAGETESTFORGRIDACTIVATION""}
MIC: c8cf03e7",29-06- 1344.csv,,29-06- 1344,1344,,[1344],[1344],['R1344'],2026-06-29,2026-06-29 13:16:29+02:00,-99.0,10.2,0770d40a,24E124FFFEFE11C4,24E124C0002A0001,24E124445E318071,Class C,-,2967703653,UpCnf,false,false,false,898,86,LORA,125,7,0,4/5,10.2,-99,-,Q1VTVE9NTUVTU0FHRVRFU1RGT1JHUklEQUNUSVZBVElPTg==,435553544f4d4d45535341474554455354464f524752494441435449564154494f4e,"{""text"":""CUSTOMMESSAGETESTFORGRIDACTIVATION""}",c8cf03e7,86.0,435553544f4d4d45535341474554455354464f524752494441435449564154494f4e,{'text': 'CUSTOMMESSAGETESTFORGRIDACTIVATION'},,CUSTOMMESSAGETESTFORGRIDACTIVATION,['R1344'],R1344,['R1344'],['2026-06-29_R1344_01'],['R1344'],True,2026-06-29,True,True,2026-06-29_R1344_01,2026-06-29,R1344,1,7,assigned_manual_window,True,0.0,False,7,83.816,-8.100000000000001,2026-06-29 13:16:25+02:00,2026-06-29 13:16:25+02:00,2026-06-29 13:17:25+02:00,False,False,,15,24,9,0,898,921,0.625,0.375,0.375,group_7
24E124445E318071,24E124FFFEFE11C4,868300000,SF7BW125, -100/8.5,34,901,UpCnf,2026-06-29 11:16:34+00:00,"Dev Addr/Multicast Addr: 0770d40a
GwEUI: 24E124FFFEFE11C4
AppEUI: 24E124C0002A0001
Device EUI/Group Name: 24E124445E318071
Class Type: Class C
Immediately: -
Timestamp: 2972336582
Type: UpCnf
Adr: false
AdrAcKReq: false
Ack: false
Fcnt: 901
Port: 86
Modulation: LORA
Bandwidth: 125
SpreadFactor: 7
Bitrate: 0
CodeRate: 4/5
SNR: 8.5
RSSI: -100
Power: -
Payload(b64): Q1VTVE9NTUVTU0FHRVRFU1RGT1JHUklEQUNUSVZBVElPTg==
Payload(hex): 435553544f4d4d45535341474554455354464f524752494441435449564154494f4e
JSON: {""text"":""CUSTOMMESSAGETESTFORGRIDACTIVATION""}
MIC: cc2a5861",29-06- 1344.csv,,29-06- 1344,1344,,[1344],[1344],['R1344'],2026-06-29,2026-06-29 13:16:34+02:00,-100.0,8.5,0770d40a,24E124FFFEFE11C4,24E124C0002A0001,24E124445E318071,Class C,-,2972336582,UpCnf,false,false,false,901,86,LORA,125,7,0,4/5,8.5,-100,-,Q1VTVE9NTUVTU0FHRVRFU1RGT1JHUklEQUNUSVZBVElPTg==,435553544f4d4d45535341474554455354464f524752494441435449564154494f4e,"{""text"":""CUSTOMMESSAGETESTFORGRIDACTIVATION""}",cc2a5861,86.0,435553544f4d4d45535341474554455354464f524752494441435449564154494f4e,{'text': 'CUSTOMMESSAGETESTFORGRIDACTIVATION'},,CUSTOMMESSAGETESTFORGRIDACTIVATION,['R1344'],R1344,['R1344'],['2026-06-29_R1344_01'],['R1344'],True,2026-06-29,True,True,2026-06-29_R1344_01,2026-06-29,R1344,1,7,assigned_manual_window,True,0.0,False,7,83.816,-8.100000000000001,2026-06-29 13:16:25+02:00,2026-06-29 13:16:25+02:00,2026-06-29 13:17:25+02:00,False,False,,15,24,9,0,898,921,0.625,0.375,0.375,group_7
24E124445E318071,24E124FFFEFE11C4,868500000,SF7BW125, -102/7.0,34,902,UpCnf,2026-06-29 11:16:35+00:00,"Dev Addr/Multicast Addr: 0770d40a
GwEUI: 24E124FFFEFE11C4
AppEUI: 24E124C0002A0001
Device EUI/Group Name: 24E124445E318071
Class Type: Class C
Immediately: -
Timestamp: 2973625605
Type: UpCnf
Adr: false
AdrAcKReq: false
Ack: false
Fcnt: 902
Port: 86
Modulation: LORA
Bandwidth: 125
SpreadFactor: 7
Bitrate: 0
CodeRate: 4/5
SNR: 7.0
RSSI: -102
Power: -
Payload(b64): Q1VTVE9NTUVTU0FHRVRFU1RGT1JHUklEQUNUSVZBVElPTg==
Payload(hex): 435553544f4d4d45535341474554455354464f524752494441435449564154494f4e
JSON: {""text"":""CUSTOMMESSAGETESTFORGRIDACTIVATION""}
MIC: 51b00ab6",29-06- 1344.csv,,29-06- 1344,1344,,[1344],[1344],['R1344'],2026-06-29,2026-06-29 13:16:35+02:00,-102.0,7.0,0770d40a,24E124FFFEFE11C4,24E124C0002A0001,24E124445E318071,Class C,-,2973625605,UpCnf,false,false,false,902,86,LORA,125,7,0,4/5,7.0,-102,-,Q1VTVE9NTUVTU0FHRVRFU1RGT1JHUklEQUNUSVZBVElPTg==,435553544f4d4d45535341474554455354464f524752494441435449564154494f4e,"{""text"":""CUSTOMMESSAGETESTFORGRIDACTIVATION""}",51b00ab6,86.0,435553544f4d4d45535341474554455354464f524752494441435449564154494f4e,{'text': 'CUSTOMMESSAGETESTFORGRIDACTIVATION'},,CUSTOMMESSAGETESTFORGRIDACTIVATION,['R1344'],R1344,['R1344'],['2026-06-29_R1344_01'],['R1344'],True,2026-06-29,True,True,2026-06-29_R1344_01,2026-06-29,R1344,1,7,assigned_manual_window,True,0.0,False,7,83.816,-8.100000000000001,2026-06-29 13:16:25+02:00,2026-06-29 13:16:25+02:00,2026-06-29 13:17:25+02:00,False,False,,15,24,9,0,898,921,0.625,0.375,0.375,group_7
24E124445E318071,24E124FFFEFE11C4,868300000,SF7BW125, -101/8.5,34,904,UpCnf,2026-06-29 11:16:39+00:00,"Dev Addr/Multicast Addr: 0770d40a
GwEUI: 24E124FFFEFE11C4
AppEUI: 24E124C0002A0001
Device EUI/Group Name: 24E124445E318071
Class Type: Class C
Immediately: -
Timestamp: 2977172616
Type: UpCnf
Adr: false
AdrAcKReq: false
Ack: false
Fcnt: 904
Port: 86
Modulation: LORA
Bandwidth: 125
SpreadFactor: 7
Bitrate: 0
CodeRate: 4/5
SNR: 8.5
RSSI: -101
Power: -
Payload(b64): Q1VTVE9NTUVTU0FHRVRFU1RGT1JHUklEQUNUSVZBVElPTg==
Payload(hex): 435553544f4d4d45535341474554455354464f524752494441435449564154494f4e
JSON: {""text"":""CUSTOMMESSAGETESTFORGRIDACTIVATION""}
MIC: 4e1d5ad8",29-06- 1344.csv,,29-06- 1344,1344,,[1344],[1344],['R1344'],2026-06-29,2026-06-29 13:16:39+02:00,-101.0,8.5,0770d40a,24E124FFFEFE11C4,24E124C0002A0001,24E124445E318071,Class C,-,2977172616,UpCnf,false,false,false,904,86,LORA,125,7,0,4/5,8.5,-101,-,Q1VTVE9NTUVTU0FHRVRFU1RGT1JHUklEQUNUSVZBVElPTg==,435553544f4d4d45535341474554455354464f524752494441435449564154494f4e,"{""text"":""CUSTOMMESSAGETESTFORGRIDACTIVATION""}",4e1d5ad8,86.0,435553544f4d4d45535341474554455354464f524752494441435449564154494f4e,{'text': 'CUSTOMMESSAGETESTFORGRIDACTIVATION'},,CUSTOMMESSAGETESTFORGRIDACTIVATION,['R1344'],R1344,['R1344'],['2026-06-29_R1344_01'],['R1344'],True,2026-06-29,True,True,2026-06-29_R1344_01,2026-06-29,R1344,1,7,assigned_manual_window,True,0.0,False,7,83.816,-8.100000000000001,2026-06-29 13:16:25+02:00,2026-06-29 13:16:25+02:00,2026-06-29 13:17:25+02:00,False,False,,15,24,9,0,898,921,0.625,0.375,0.375,group_7
24E124445E318071,24E124FFFEFE11C4,868500000,SF7BW125, -101/7.8,34,907,UpCnf,2026-06-29 11:16:45+00:00,"Dev Addr/Multicast Addr: 0770d40a
GwEUI: 24E124FFFEFE11C4
AppEUI: 24E124C0002A0001
Device EUI/Group Name: 24E124445E318071
Class Type: Class C
Immediately: -
Timestamp: 2983547583
Type: UpCnf
Adr: false
AdrAcKReq: false
Ack: false
Fcnt: 907
Port: 86
Modulation: LORA
Bandwidth: 125
SpreadFactor: 7
Bitrate: 0
CodeRate: 4/5
SNR: 7.8
RSSI: -101
Power: -
Payload(b64): Q1VTVE9NTUVTU0FHRVRFU1RGT1JHUklEQUNUSVZBVElPTg==
Payload(hex): 435553544f4d4d45535341474554455354464f524752494441435449564154494f4e
JSON: {""text"":""CUSTOMMESSAGETESTFORGRIDACTIVATION""}
MIC: 84dbed16",29-06- 1344.csv,,29-06- 1344,1344,,[1344],[1344],['R1344'],2026-06-29,2026-06-29 13:16:45+02:00,-101.0,7.8,0770d40a,24E124FFFEFE11C4,24E124C0002A0001,24E124445E318071,Class C,-,2983547583,UpCnf,false,false,false,907,86,LORA,125,7,0,4/5,7.8,-101,-,Q1VTVE9NTUVTU0FHRVRFU1RGT1JHUklEQUNUSVZBVElPTg==,435553544f4d4d45535341474554455354464f524752494441435449564154494f4e,"{""text"":""CUSTOMMESSAGETESTFORGRIDACTIVATION""}",84dbed16,86.0,435553544f4d4d45535341474554455354464f524752494441435449564154494f4e,{'text': 'CUSTOMMESSAGETESTFORGRIDACTIVATION'},,CUSTOMMESSAGETESTFORGRIDACTIVATION,['R1344'],R1344,['R1344'],['2026-06-29_R1344_01'],['R1344'],True,2026-06-29,True,True,2026-06-29_R1344_01,2026-06-29,R1344,1,7,assigned_manual_window,True,0.0,False,7,83.816,-8.100000000000001,2026-06-29 13:16:25+02:00,2026-06-29 13:16:25+02:00,2026-06-29 13:17:25+02:00,False,False,,15,24,9,0,898,921,0.625,0.375,0.375,group_7
24E124445E318071,24E124FFFEFE11C4,868300000,SF7BW125, -102/4.8,34,908,UpCnf,2026-06-29 11:16:48+00:00,"Dev Addr/Multicast Addr: 0770d40a
GwEUI: 24E124FFFEFE11C4
AppEUI: 24E124C0002A0001
Device EUI/Group Name: 24E124445E318071
Class Type: Class C
Immediately: -
Timestamp: 2986296643
Type: UpCnf
Adr: false
AdrAcKReq: false
Ack: false
Fcnt: 908
Port: 86
Modulation: LORA
Bandwidth: 125
SpreadFactor: 7
Bitrate: 0
CodeRate: 4/5
SNR: 4.8
RSSI: -102
Power: -
Payload(b64): Q1VTVE9NTUVTU0FHRVRFU1RGT1JHUklEQUNUSVZBVElPTg==
Payload(hex): 435553544f4d4d45535341474554455354464f524752494441435449564154494f4e
JSON: {""text"":""CUSTOMMESSAGETESTFORGRIDACTIVATION""}
MIC: 3b0d8692",29-06- 1344.csv,,29-06- 1344,1344,,[1344],[1344],['R1344'],2026-06-29,2026-06-29 13:16:48+02:00,-102.0,4.8,0770d40a,24E124FFFEFE11C4,24E124C0002A0001,24E124445E318071,Class C,-,2986296643,UpCnf,false,false,false,908,86,LORA,125,7,0,4/5,4.8,-102,-,Q1VTVE9NTUVTU0FHRVRFU1RGT1JHUklEQUNUSVZBVElPTg==,435553544f4d4d45535341474554455354464f524752494441435449564154494f4e,"{""text"":""CUSTOMMESSAGETESTFORGRIDACTIVATION""}",3b0d8692,86.0,435553544f4d4d45535341474554455354464f524752494441435449564154494f4e,{'text': 'CUSTOMMESSAGETESTFORGRIDACTIVATION'},,CUSTOMMESSAGETESTFORGRIDACTIVATION,['R1344'],R1344,['R1344'],['2026-06-29_R1344_01'],['R1344'],True,2026-06-29,True,True,2026-06-29_R1344_01,2026-06-29,R1344,1,7,assigned_manual_window,True,0.0,False,7,83.816,-8.100000000000001,2026-06-29 13:16:25+02:00,2026-06-29 13:16:25+02:00,2026-06-29 13:17:25+02:00,False,False,,15,24,9,0,898,921,0.625,0.375,0.375,group_7
24E124445E318071,24E124FFFEFE11C4,868500000,SF7BW125, -102/6.5,34,909,UpCnf,2026-06-29 11:16:50+00:00,"Dev Addr/Multicast Addr: 0770d40a
GwEUI: 24E124FFFEFE11C4
AppEUI: 24E124C0002A0001
Device EUI/Group Name: 24E124445E318071
Class Type: Class C
Immediately: -
Timestamp: 2988649585
Type: UpCnf
Adr: false
AdrAcKReq: false
Ack: false
Fcnt: 909
Port: 86
Modulation: LORA
Bandwidth: 125
SpreadFactor: 7
Bitrate: 0
CodeRate: 4/5
SNR: 6.5
RSSI: -102
Power: -
Payload(b64): Q1VTVE9NTUVTU0FHRVRFU1RGT1JHUklEQUNUSVZBVElPTg==
Payload(hex): 435553544f4d4d45535341474554455354464f524752494441435449564154494f4e
JSON: {""text"":""CUSTOMMESSAGETESTFORGRIDACTIVATION""}
MIC: f443f127",29-06- 1344.csv,,29-06- 1344,1344,,[1344],[1344],['R1344'],2026-06-29,2026-06-29 13:16:50+02:00,-102.0,6.5,0770d40a,24E124FFFEFE11C4,24E124C0002A0001,24E124445E318071,Class C,-,2988649585,UpCnf,false,false,false,909,86,LORA,125,7,0,4/5,6.5,-102,-,Q1VTVE9NTUVTU0FHRVRFU1RGT1JHUklEQUNUSVZBVElPTg==,435553544f4d4d45535341474554455354464f524752494441435449564154494f4e,"{""text"":""CUSTOMMESSAGETESTFORGRIDACTIVATION""}",f443f127,86.0,435553544f4d4d45535341474554455354464f524752494441435449564154494f4e,{'text': 'CUSTOMMESSAGETESTFORGRIDACTIVATION'},,CUSTOMMESSAGETESTFORGRIDACTIVATION,['R1344'],R1344,['R1344'],['2026-06-29_R1344_01'],['R1344'],True,2026-06-29,True,True,2026-06-29_R1344_01,2026-06-29,R1344,1,7,assigned_manual_window,True,0.0,False,7,83.816,-8.100000000000001,2026-06-29 13:16:25+02:00,2026-06-29 13:16:25+02:00,2026-06-29 13:17:25+02:00,False,False,,15,24,9,0,898,921,0.625,0.375,0.375,group_7
24E124445E318071,24E124FFFEFE11C4,868500000,SF7BW125, -102/6.2,34,910,UpCnf,2026-06-29 11:16:52+00:00,"Dev Addr/Multicast Addr: 0770d40a
GwEUI: 24E124FFFEFE11C4
AppEUI: 24E124C0002A0001
Device EUI/Group Name: 24E124445E318071
Class Type: Class C
Immediately: -
Timestamp: 2990395143
Type: UpCnf
Adr: false
AdrAcKReq: false
Ack: false
Fcnt: 910
Port: 86
Modulation: LORA
Bandwidth: 125
SpreadFactor: 7
Bitrate: 0
CodeRate: 4/5
SNR: 6.2
RSSI: -102
Power: -
Payload(b64): Q1VTVE9NTUVTU0FHRVRFU1RGT1JHUklEQUNUSVZBVElPTg==
Payload(hex): 435553544f4d4d45535341474554455354464f524752494441435449564154494f4e
JSON: {""text"":""CUSTOMMESSAGETESTFORGRIDACTIVATION""}
MIC: d33a1b26",29-06- 1344.csv,,29-06- 1344,1344,,[1344],[1344],['R1344'],2026-06-29,2026-06-29 13:16:52+02:00,-102.0,6.2,0770d40a,24E124FFFEFE11C4,24E124C0002A0001,24E124445E318071,Class C,-,2990395143,UpCnf,false,false,false,910,86,LORA,125,7,0,4/5,6.2,-102,-,Q1VTVE9NTUVTU0FHRVRFU1RGT1JHUklEQUNUSVZBVElPTg==,435553544f4d4d45535341474554455354464f524752494441435449564154494f4e,"{""text"":""CUSTOMMESSAGETESTFORGRIDACTIVATION""}",d33a1b26,86.0,435553544f4d4d45535341474554455354464f524752494441435449564154494f4e,{'text': 'CUSTOMMESSAGETESTFORGRIDACTIVATION'},,CUSTOMMESSAGETESTFORGRIDACTIVATION,['R1344'],R1344,['R1344'],['2026-06-29_R1344_01'],['R1344'],True,2026-06-29,True,True,2026-06-29_R1344_01,2026-06-29,R1344,1,7,assigned_manual_window,True,0.0,False,7,83.816,-8.100000000000001,2026-06-29 13:16:25+02:00,2026-06-29 13:16:25+02:00,2026-06-29 13:17:25+02:00,False,False,,15,24,9,0,898,921,0.625,0.375,0.375,group_7
24E124445E318071,24E124FFFEFE11C4,868100000,SF7BW125, -103/7.0,34,911,UpCnf,2026-06-29 11:16:54+00:00,"Dev Addr/Multicast Addr: 0770d40a
GwEUI: 24E124FFFEFE11C4
AppEUI: 24E124C0002A0001
Device EUI/Group Name: 24E124445E318071
Class Type: Class C
Immediately: -
Timestamp: 2992327586
Type: UpCnf
Adr: false
AdrAcKReq: false
Ack: false
Fcnt: 911
Port: 86
Modulation: LORA
Bandwidth: 125
SpreadFactor: 7
Bitrate: 0
CodeRate: 4/5
SNR: 7.0
RSSI: -103
Power: -
Payload(b64): Q1VTVE9NTUVTU0FHRVRFU1RGT1JHUklEQUNUSVZBVElPTg==
Payload(hex): 435553544f4d4d45535341474554455354464f524752494441435449564154494f4e
JSON: {""text"":""CUSTOMMESSAGETESTFORGRIDACTIVATION""}
MIC: 6292a755",29-06- 1344.csv,,29-06- 1344,1344,,[1344],[1344],['R1344'],2026-06-29,2026-06-29 13:16:54+02:00,-103.0,7.0,0770d40a,24E124FFFEFE11C4,24E124C0002A0001,24E124445E318071,Class C,-,2992327586,UpCnf,false,false,false,911,86,LORA,125,7,0,4/5,7.0,-103,-,Q1VTVE9NTUVTU0FHRVRFU1RGT1JHUklEQUNUSVZBVElPTg==,435553544f4d4d45535341474554455354464f524752494441435449564154494f4e,"{""text"":""CUSTOMMESSAGETESTFORGRIDACTIVATION""}",6292a755,86.0,435553544f4d4d45535341474554455354464f524752494441435449564154494f4e,{'text': 'CUSTOMMESSAGETESTFORGRIDACTIVATION'},,CUSTOMMESSAGETESTFORGRIDACTIVATION,['R1344'],R1344,['R1344'],['2026-06-29_R1344_01'],['R1344'],True,2026-06-29,True,True,2026-06-29_R1344_01,2026-06-29,R1344,1,7,assigned_manual_window,True,0.0,False,7,83.816,-8.100000000000001,2026-06-29 13:16:25+02:00,2026-06-29 13:16:25+02:00,2026-06-29 13:17:25+02:00,False,False,,15,24,9,0,898,921,0.625,0.375,0.375,group_7
24E124445E318071,24E124FFFEFE11C4,868100000,SF7BW125, -102/5.0,34,912,UpCnf,2026-06-29 11:16:57+00:00,"Dev Addr/Multicast Addr: 0770d40a
GwEUI: 24E124FFFEFE11C4
AppEUI: 24E124C0002A0001
Device EUI/Group Name: 24E124445E318071
Class Type: Class C
Immediately: -
Timestamp: 2995414593
Type: UpCnf
Adr: false
AdrAcKReq: false
Ack: false
Fcnt: 912
Port: 86
Modulation: LORA
Bandwidth: 125
SpreadFactor: 7
Bitrate: 0
CodeRate: 4/5
SNR: 5.0
RSSI: -102
Power: -
Payload(b64): Q1VTVE9NTUVTU0FHRVRFU1RGT1JHUklEQUNUSVZBVElPTg==
Payload(hex): 435553544f4d4d45535341474554455354464f524752494441435449564154494f4e
JSON: {""text"":""CUSTOMMESSAGETESTFORGRIDACTIVATION""}
MIC: f14a85b1",29-06- 1344.csv,,29-06- 1344,1344,,[1344],[1344],['R1344'],2026-06-29,2026-06-29 13:16:57+02:00,-102.0,5.0,0770d40a,24E124FFFEFE11C4,24E124C0002A0001,24E124445E318071,Class C,-,2995414593,UpCnf,false,false,false,912,86,LORA,125,7,0,4/5,5.0,-102,-,Q1VTVE9NTUVTU0FHRVRFU1RGT1JHUklEQUNUSVZBVElPTg==,435553544f4d4d45535341474554455354464f524752494441435449564154494f4e,"{""text"":""CUSTOMMESSAGETESTFORGRIDACTIVATION""}",f14a85b1,86.0,435553544f4d4d45535341474554455354464f524752494441435449564154494f4e,{'text': 'CUSTOMMESSAGETESTFORGRIDACTIVATION'},,CUSTOMMESSAGETESTFORGRIDACTIVATION,['R1344'],R1344,['R1344'],['2026-06-29_R1344_01'],['R1344'],True,2026-06-29,True,True,2026-06-29_R1344_01,2026-06-29,R1344,1,7,assigned_manual_window,True,0.0,False,7,83.816,-8.100000000000001,2026-06-29 13:16:25+02:00,2026-06-29 13:16:25+02:00,2026-06-29 13:17:25+02:00,False,False,,15,24,9,0,898,921,0.625,0.375,0.375,group_7
24E124445E318071,24E124FFFEFE11C4,868500000,SF7BW125, -103/6.5,34,913,UpCnf,2026-06-29 11:16:59+00:00,"Dev Addr/Multicast Addr: 0770d40a
GwEUI: 24E124FFFEFE11C4
AppEUI: 24E124C0002A0001
Device EUI/Group Name: 24E124445E318071
Class Type: Class C
Immediately: -
Timestamp: 2997745628
Type: UpCnf
Adr: false
AdrAcKReq: false
Ack: false
Fcnt: 913
Port: 86
Modulation: LORA
Bandwidth: 125
SpreadFactor: 7
Bitrate: 0
CodeRate: 4/5
SNR: 6.5
RSSI: -103
Power: -
Payload(b64): Q1VTVE9NTUVTU0FHRVRFU1RGT1JHUklEQUNUSVZBVElPTg==
Payload(hex): 435553544f4d4d45535341474554455354464f524752494441435449564154494f4e
JSON: {""text"":""CUSTOMMESSAGETESTFORGRIDACTIVATION""}
MIC: 214e25df",29-06- 1344.csv,,29-06- 1344,1344,,[1344],[1344],['R1344'],2026-06-29,2026-06-29 13:16:59+02:00,-103.0,6.5,0770d40a,24E124FFFEFE11C4,24E124C0002A0001,24E124445E318071,Class C,-,2997745628,UpCnf,false,false,false,913,86,LORA,125,7,0,4/5,6.5,-103,-,Q1VTVE9NTUVTU0FHRVRFU1RGT1JHUklEQUNUSVZBVElPTg==,435553544f4d4d45535341474554455354464f524752494441435449564154494f4e,"{""text"":""CUSTOMMESSAGETESTFORGRIDACTIVATION""}",214e25df,86.0,435553544f4d4d45535341474554455354464f524752494441435449564154494f4e,{'text': 'CUSTOMMESSAGETESTFORGRIDACTIVATION'},,CUSTOMMESSAGETESTFORGRIDACTIVATION,['R1344'],R1344,['R1344'],['2026-06-29_R1344_01'],['R1344'],True,2026-06-29,True,True,2026-06-29_R1344_01,2026-06-29,R1344,1,7,assigned_manual_window,True,0.0,False,7,83.816,-8.100000000000001,2026-06-29 13:16:25+02:00,2026-06-29 13:16:25+02:00,2026-06-29 13:17:25+02:00,False,False,,15,24,9,0,898,921,0.625,0.375,0.375,group_7
24E124445E318071,24E124FFFEFE11C4,868300000,SF7BW125, -101/8.5,34,916,UpCnf,2026-06-29 11:17:04+00:00,"Dev Addr/Multicast Addr: 0770d40a
GwEUI: 24E124FFFEFE11C4
AppEUI: 24E124C0002A0001
Device EUI/Group Name: 24E124445E318071
Class Type: Class C
Immediately: -
Timestamp: 3003023625
Type: UpCnf
Adr: false
AdrAcKReq: false
Ack: false
Fcnt: 916
Port: 86
Modulation: LORA
Bandwidth: 125
SpreadFactor: 7
Bitrate: 0
CodeRate: 4/5
SNR: 8.5
RSSI: -101
Power: -
Payload(b64): Q1VTVE9NTUVTU0FHRVRFU1RGT1JHUklEQUNUSVZBVElPTg==
Payload(hex): 435553544f4d4d45535341474554455354464f524752494441435449564154494f4e
JSON: {""text"":""CUSTOMMESSAGETESTFORGRIDACTIVATION""}
MIC: 8a440384",29-06- 1344.csv,,29-06- 1344,1344,,[1344],[1344],['R1344'],2026-06-29,2026-06-29 13:17:04+02:00,-101.0,8.5,0770d40a,24E124FFFEFE11C4,24E124C0002A0001,24E124445E318071,Class C,-,3003023625,UpCnf,false,false,false,916,86,LORA,125,7,0,4/5,8.5,-101,-,Q1VTVE9NTUVTU0FHRVRFU1RGT1JHUklEQUNUSVZBVElPTg==,435553544f4d4d45535341474554455354464f524752494441435449564154494f4e,"{""text"":""CUSTOMMESSAGETESTFORGRIDACTIVATION""}",8a440384,86.0,435553544f4d4d45535341474554455354464f524752494441435449564154494f4e,{'text': 'CUSTOMMESSAGETESTFORGRIDACTIVATION'},,CUSTOMMESSAGETESTFORGRIDACTIVATION,['R1344'],R1344,['R1344'],['2026-06-29_R1344_01'],['R1344'],True,2026-06-29,True,True,2026-06-29_R1344_01,2026-06-29,R1344,1,7,assigned_manual_window,True,0.0,False,7,83.816,-8.100000000000001,2026-06-29 13:16:25+02:00,2026-06-29 13:16:25+02:00,2026-06-29 13:17:25+02:00,False,False,,15,24,9,0,898,921,0.625,0.375,0.375,group_7
24E124445E318071,24E124FFFEFE11C4,868500000,SF7BW125, -99/9.0,34,919,UpCnf,2026-06-29 11:17:09+00:00,"Dev Addr/Multicast Addr: 0770d40a
GwEUI: 24E124FFFEFE11C4
AppEUI: 24E124C0002A0001
Device EUI/Group Name: 24E124445E318071
Class Type: Class C
Immediately: -
Timestamp: 3007815624
Type: UpCnf
Adr: false
AdrAcKReq: false
Ack: false
Fcnt: 919
Port: 86
Modulation: LORA
Bandwidth: 125
SpreadFactor: 7
Bitrate: 0
CodeRate: 4/5
SNR: 9.0
RSSI: -99
Power: -
Payload(b64): Q1VTVE9NTUVTU0FHRVRFU1RGT1JHUklEQUNUSVZBVElPTg==
Payload(hex): 435553544f4d4d45535341474554455354464f524752494441435449564154494f4e
JSON: {""text"":""CUSTOMMESSAGETESTFORGRIDACTIVATION""}
MIC: 42b55b47",29-06- 1344.csv,,29-06- 1344,1344,,[1344],[1344],['R1344'],2026-06-29,2026-06-29 13:17:09+02:00,-99.0,9.0,0770d40a,24E124FFFEFE11C4,24E124C0002A0001,24E124445E318071,Class C,-,3007815624,UpCnf,false,false,false,919,86,LORA,125,7,0,4/5,9.0,-99,-,Q1VTVE9NTUVTU0FHRVRFU1RGT1JHUklEQUNUSVZBVElPTg==,435553544f4d4d45535341474554455354464f524752494441435449564154494f4e,"{""text"":""CUSTOMMESSAGETESTFORGRIDACTIVATION""}",42b55b47,86.0,435553544f4d4d45535341474554455354464f524752494441435449564154494f4e,{'text': 'CUSTOMMESSAGETESTFORGRIDACTIVATION'},,CUSTOMMESSAGETESTFORGRIDACTIVATION,['R1344'],R1344,['R1344'],['2026-06-29_R1344_01'],['R1344'],True,2026-06-29,True,True,2026-06-29_R1344_01,2026-06-29,R1344,1,7,assigned_manual_window,True,0.0,False,7,83.816,-8.100000000000001,2026-06-29 13:16:25+02:00,2026-06-29 13:16:25+02:00,2026-06-29 13:17:25+02:00,False,False,,15,24,9,0,898,921,0.625,0.375,0.375,group_7
24E124445E318071,24E124FFFEFE11C4,868100000,SF7BW125, -102/4.0,34,920,UpCnf,2026-06-29 11:17:11+00:00,"Dev Addr/Multicast Addr: 0770d40a
GwEUI: 24E124FFFEFE11C4
AppEUI: 24E124C0002A0001
Device EUI/Group Name: 24E124445E318071
Class Type: Class C
Immediately: -
Timestamp: 3009633576
Type: UpCnf
Adr: false
AdrAcKReq: false
Ack: false
Fcnt: 920
Port: 86
Modulation: LORA
Bandwidth: 125
SpreadFactor: 7
Bitrate: 0
CodeRate: 4/5
SNR: 4.0
RSSI: -102
Power: -
Payload(b64): Q1VTVE9NTUVTU0FHRVRFU1RGT1JHUklEQUNUSVZBVElPTg==
Payload(hex): 435553544f4d4d45535341474554455354464f524752494441435449564154494f4e
JSON: {""text"":""CUSTOMMESSAGETESTFORGRIDACTIVATION""}
MIC: 8419443c",29-06- 1344.csv,,29-06- 1344,1344,,[1344],[1344],['R1344'],2026-06-29,2026-06-29 13:17:11+02:00,-102.0,4.0,0770d40a,24E124FFFEFE11C4,24E124C0002A0001,24E124445E318071,Class C,-,3009633576,UpCnf,false,false,false,920,86,LORA,125,7,0,4/5,4.0,-102,-,Q1VTVE9NTUVTU0FHRVRFU1RGT1JHUklEQUNUSVZBVElPTg==,435553544f4d4d45535341474554455354464f524752494441435449564154494f4e,"{""text"":""CUSTOMMESSAGETESTFORGRIDACTIVATION""}",8419443c,86.0,435553544f4d4d45535341474554455354464f524752494441435449564154494f4e,{'text': 'CUSTOMMESSAGETESTFORGRIDACTIVATION'},,CUSTOMMESSAGETESTFORGRIDACTIVATION,['R1344'],R1344,['R1344'],['2026-06-29_R1344_01'],['R1344'],True,2026-06-29,True,True,2026-06-29_R1344_01,2026-06-29,R1344,1,7,assigned_manual_window,True,0.0,False,7,83.816,-8.100000000000001,2026-06-29 13:16:25+02:00,2026-06-29 13:16:25+02:00,2026-06-29 13:17:25+02:00,False,False,,15,24,9,0,898,921,0.625,0.375,0.375,group_7
24E124445E318071,24E124FFFEFE11C4,868100000,SF7BW125, -96/11.5,34,921,UpCnf,2026-06-29 11:17:13+00:00,"Dev Addr/Multicast Addr: 0770d40a
GwEUI: 24E124FFFEFE11C4
AppEUI: 24E124C0002A0001
Device EUI/Group Name: 24E124445E318071
Class Type: Class C
Immediately: -
Timestamp: 3011449614
Type: UpCnf
Adr: false
AdrAcKReq: false
Ack: false
Fcnt: 921
Port: 86
Modulation: LORA
Bandwidth: 125
SpreadFactor: 7
Bitrate: 0
CodeRate: 4/5
SNR: 11.5
RSSI: -96
Power: -
Payload(b64): Q1VTVE9NTUVTU0FHRVRFU1RGT1JHUklEQUNUSVZBVElPTg==
Payload(hex): 435553544f4d4d45535341474554455354464f524752494441435449564154494f4e
JSON: {""text"":""CUSTOMMESSAGETESTFORGRIDACTIVATION""}
MIC: 0810aa08",29-06- 1344.csv,,29-06- 1344,1344,,[1344],[1344],['R1344'],2026-06-29,2026-06-29 13:17:13+02:00,-96.0,11.5,0770d40a,24E124FFFEFE11C4,24E124C0002A0001,24E124445E318071,Class C,-,3011449614,UpCnf,false,false,false,921,86,LORA,125,7,0,4/5,11.5,-96,-,Q1VTVE9NTUVTU0FHRVRFU1RGT1JHUklEQUNUSVZBVElPTg==,435553544f4d4d45535341474554455354464f524752494441435449564154494f4e,"{""text"":""CUSTOMMESSAGETESTFORGRIDACTIVATION""}",0810aa08,86.0,435553544f4d4d45535341474554455354464f524752494441435449564154494f4e,{'text': 'CUSTOMMESSAGETESTFORGRIDACTIVATION'},,CUSTOMMESSAGETESTFORGRIDACTIVATION,['R1344'],R1344,['R1344'],['2026-06-29_R1344_01'],['R1344'],True,2026-06-29,True,True,2026-06-29_R1344_01,2026-06-29,R1344,1,7,assigned_manual_window,True,0.0,False,7,83.816,-8.100000000000001,2026-06-29 13:16:25+02:00,2026-06-29 13:16:25+02:00,2026-06-29 13:17:25+02:00,False,False,,15,24,9,0,898,921,0.625,0.375,0.375,group_7
24E124445E318071,24E124FFFEFE11C4,868300000,SF7BW125, -87/13.5,34,2242,UpCnf,2026-06-29 13:24:06+00:00,"Dev Addr/Multicast Addr: 0770d40a
GwEUI: 24E124FFFEFE11C4
AppEUI: 24E124C0002A0001
Device EUI/Group Name: 24E124445E318071
Class Type: Class C
Immediately: -
Timestamp: 2034705703
Type: UpCnf
Adr: false
AdrAcKReq: false
Ack: false
Fcnt: 2242
Port: 86
Modulation: LORA
Bandwidth: 125
SpreadFactor: 7
Bitrate: 0
CodeRate: 4/5
SNR: 13.5
RSSI: -87
Power: -
Payload(b64): Q1VTVE9NTUVTU0FHRVRFU1RGT1JHUklEQUNUSVZBVElPTg==
Payload(hex): 435553544f4d4d45535341474554455354464f524752494441435449564154494f4e
JSON: {""text"":""CUSTOMMESSAGETESTFORGRIDACTIVATION""}
MIC: 91b751c7",29-06-1368.csv,,29-06-1368,1368,,[1368],[1368],['R1368'],2026-06-29,2026-06-29 15:24:06+02:00,-87.0,13.5,0770d40a,24E124FFFEFE11C4,24E124C0002A0001,24E124445E318071,Class C,-,2034705703,UpCnf,false,false,false,2242,86,LORA,125,7,0,4/5,13.5,-87,-,Q1VTVE9NTUVTU0FHRVRFU1RGT1JHUklEQUNUSVZBVElPTg==,435553544f4d4d45535341474554455354464f524752494441435449564154494f4e,"{""text"":""CUSTOMMESSAGETESTFORGRIDACTIVATION""}",91b751c7,86.0,435553544f4d4d45535341474554455354464f524752494441435449564154494f4e,{'text': 'CUSTOMMESSAGETESTFORGRIDACTIVATION'},,CUSTOMMESSAGETESTFORGRIDACTIVATION,['R1368'],R1368,['R1368'],['2026-06-29_R1368_01'],['R1368'],True,2026-06-29,True,True,2026-06-29_R1368_01,2026-06-29,R1368,1,7,assigned_manual_window,True,0.0,False,7,83.816,18.3,2026-06-29 15:24:03+02:00,2026-06-29 15:24:03+02:00,2026-06-29 15:25:26+02:00,False,False,,17,38,21,0,2242,2279,0.4473684210526316,0.5526315789473685,0.5526315789473685,group_7
24E124445E318071,24E124FFFEFE11C4,868100000,SF7BW125, -88/13.8,34,2245,UpCnf,2026-06-29 13:24:11+00:00,"Dev Addr/Multicast Addr: 0770d40a
GwEUI: 24E124FFFEFE11C4
AppEUI: 24E124C0002A0001
Device EUI/Group Name: 24E124445E318071
Class Type: Class C
Immediately: -
Timestamp: 2039924265
Type: UpCnf
Adr: false
AdrAcKReq: false
Ack: false
Fcnt: 2245
Port: 86
Modulation: LORA
Bandwidth: 125
SpreadFactor: 7
Bitrate: 0
CodeRate: 4/5
SNR: 13.8
RSSI: -88
Power: -
Payload(b64): Q1VTVE9NTUVTU0FHRVRFU1RGT1JHUklEQUNUSVZBVElPTg==
Payload(hex): 435553544f4d4d45535341474554455354464f524752494441435449564154494f4e
JSON: {""text"":""CUSTOMMESSAGETESTFORGRIDACTIVATION""}
MIC: 7593f50b",29-06-1368.csv,,29-06-1368,1368,,[1368],[1368],['R1368'],2026-06-29,2026-06-29 15:24:11+02:00,-88.0,13.8,0770d40a,24E124FFFEFE11C4,24E124C0002A0001,24E124445E318071,Class C,-,2039924265,UpCnf,false,false,false,2245,86,LORA,125,7,0,4/5,13.8,-88,-,Q1VTVE9NTUVTU0FHRVRFU1RGT1JHUklEQUNUSVZBVElPTg==,435553544f4d4d45535341474554455354464f524752494441435449564154494f4e,"{""text"":""CUSTOMMESSAGETESTFORGRIDACTIVATION""}",7593f50b,86.0,435553544f4d4d45535341474554455354464f524752494441435449564154494f4e,{'text': 'CUSTOMMESSAGETESTFORGRIDACTIVATION'},,CUSTOMMESSAGETESTFORGRIDACTIVATION,['R1368'],R1368,['R1368'],['2026-06-29_R1368_01'],['R1368'],True,2026-06-29,True,True,2026-06-29_R1368_01,2026-06-29,R1368,1,7,assigned_manual_window,True,0.0,False,7,83.816,18.3,2026-06-29 15:24:03+02:00,2026-06-29 15:24:03+02:00,2026-06-29 15:25:26+02:00,False,False,,17,38,21,0,2242,2279,0.4473684210526316,0.5526315789473685,0.5526315789473685,group_7
24E124445E318071,24E124FFFEFE11C4,868100000,SF7BW125, -88/13.5,34,2247,UpCnf,2026-06-29 13:24:15+00:00,"Dev Addr/Multicast Addr: 0770d40a
GwEUI: 24E124FFFEFE11C4
AppEUI: 24E124C0002A0001
Device EUI/Group Name: 24E124445E318071
Class Type: Class C
Immediately: -
Timestamp: 2043358717
Type: UpCnf
Adr: false
AdrAcKReq: false
Ack: false
Fcnt: 2247
Port: 86
Modulation: LORA
Bandwidth: 125
SpreadFactor: 7
Bitrate: 0
CodeRate: 4/5
SNR: 13.5
RSSI: -88
Power: -
Payload(b64): Q1VTVE9NTUVTU0FHRVRFU1RGT1JHUklEQUNUSVZBVElPTg==
Payload(hex): 435553544f4d4d45535341474554455354464f524752494441435449564154494f4e
JSON: {""text"":""CUSTOMMESSAGETESTFORGRIDACTIVATION""}
MIC: aaa08f6d",29-06-1368.csv,,29-06-1368,1368,,[1368],[1368],['R1368'],2026-06-29,2026-06-29 15:24:15+02:00,-88.0,13.5,0770d40a,24E124FFFEFE11C4,24E124C0002A0001,24E124445E318071,Class C,-,2043358717,UpCnf,false,false,false,2247,86,LORA,125,7,0,4/5,13.5,-88,-,Q1VTVE9NTUVTU0FHRVRFU1RGT1JHUklEQUNUSVZBVElPTg==,435553544f4d4d45535341474554455354464f524752494441435449564154494f4e,"{""text"":""CUSTOMMESSAGETESTFORGRIDACTIVATION""}",aaa08f6d,86.0,435553544f4d4d45535341474554455354464f524752494441435449564154494f4e,{'text': 'CUSTOMMESSAGETESTFORGRIDACTIVATION'},,CUSTOMMESSAGETESTFORGRIDACTIVATION,['R1368'],R1368,['R1368'],['2026-06-29_R1368_01'],['R1368'],True,2026-06-29,True,True,2026-06-29_R1368_01,2026-06-29,R1368,1,7,assigned_manual_window,True,0.0,False,7,83.816,18.3,2026-06-29 15:24:03+02:00,2026-06-29 15:24:03+02:00,2026-06-29 15:25:26+02:00,False,False,,17,38,21,0,2242,2279,0.4473684210526316,0.5526315789473685,0.5526315789473685,group_7
24E124445E318071,24E124FFFEFE11C4,868100000,SF7BW125, -88/13.5,34,2249,UpCnf,2026-06-29 13:24:18+00:00,"Dev Addr/Multicast Addr: 0770d40a
GwEUI: 24E124FFFEFE11C4
AppEUI: 24E124C0002A0001
Device EUI/Group Name: 24E124445E318071
Class Type: Class C
Immediately: -
Timestamp: 2046261705
Type: UpCnf
Adr: false
AdrAcKReq: false
Ack: false
Fcnt: 2249
Port: 86
Modulation: LORA
Bandwidth: 125
SpreadFactor: 7
Bitrate: 0
CodeRate: 4/5
SNR: 13.5
RSSI: -88
Power: -
Payload(b64): Q1VTVE9NTUVTU0FHRVRFU1RGT1JHUklEQUNUSVZBVElPTg==
Payload(hex): 435553544f4d4d45535341474554455354464f524752494441435449564154494f4e
JSON: {""text"":""CUSTOMMESSAGETESTFORGRIDACTIVATION""}
MIC: 369c08e2",29-06-1368.csv,,29-06-1368,1368,,[1368],[1368],['R1368'],2026-06-29,2026-06-29 15:24:18+02:00,-88.0,13.5,0770d40a,24E124FFFEFE11C4,24E124C0002A0001,24E124445E318071,Class C,-,2046261705,UpCnf,false,false,false,2249,86,LORA,125,7,0,4/5,13.5,-88,-,Q1VTVE9NTUVTU0FHRVRFU1RGT1JHUklEQUNUSVZBVElPTg==,435553544f4d4d45535341474554455354464f524752494441435449564154494f4e,"{""text"":""CUSTOMMESSAGETESTFORGRIDACTIVATION""}",369c08e2,86.0,435553544f4d4d45535341474554455354464f524752494441435449564154494f4e,{'text': 'CUSTOMMESSAGETESTFORGRIDACTIVATION'},,CUSTOMMESSAGETESTFORGRIDACTIVATION,['R1368'],R1368,['R1368'],['2026-06-29_R1368_01'],['R1368'],True,2026-06-29,True,True,2026-06-29_R1368_01,2026-06-29,R1368,1,7,assigned_manual_window,True,0.0,False,7,83.816,18.3,2026-06-29 15:24:03+02:00,2026-06-29 15:24:03+02:00,2026-06-29 15:25:26+02:00,False,False,,17,38,21,0,2242,2279,0.4473684210526316,0.5526315789473685,0.5526315789473685,group_7
24E124445E318071,24E124FFFEFE11C4,868500000,SF7BW125, -87/11.5,34,2252,UpCnf,2026-06-29 13:24:23+00:00,"Dev Addr/Multicast Addr: 0770d40a
GwEUI: 24E124FFFEFE11C4
AppEUI: 24E124C0002A0001
Device EUI/Group Name: 24E124445E318071
Class Type: Class C
Immediately: -
Timestamp: 2051338648
Type: UpCnf
Adr: false
AdrAcKReq: false
Ack: false
Fcnt: 2252
Port: 86
Modulation: LORA
Bandwidth: 125
SpreadFactor: 7
Bitrate: 0
CodeRate: 4/5
SNR: 11.5
RSSI: -87
Power: -
Payload(b64): Q1VTVE9NTUVTU0FHRVRFU1RGT1JHUklEQUNUSVZBVElPTg==
Payload(hex): 435553544f4d4d45535341474554455354464f524752494441435449564154494f4e
JSON: {""text"":""CUSTOMMESSAGETESTFORGRIDACTIVATION""}
MIC: 7cff2e90",29-06-1368.csv,,29-06-1368,1368,,[1368],[1368],['R1368'],2026-06-29,2026-06-29 15:24:23+02:00,-87.0,11.5,0770d40a,24E124FFFEFE11C4,24E124C0002A0001,24E124445E318071,Class C,-,2051338648,UpCnf,false,false,false,2252,86,LORA,125,7,0,4/5,11.5,-87,-,Q1VTVE9NTUVTU0FHRVRFU1RGT1JHUklEQUNUSVZBVElPTg==,435553544f4d4d45535341474554455354464f524752494441435449564154494f4e,"{""text"":""CUSTOMMESSAGETESTFORGRIDACTIVATION""}",7cff2e90,86.0,435553544f4d4d45535341474554455354464f524752494441435449564154494f4e,{'text': 'CUSTOMMESSAGETESTFORGRIDACTIVATION'},,CUSTOMMESSAGETESTFORGRIDACTIVATION,['R1368'],R1368,['R1368'],['2026-06-29_R1368_01'],['R1368'],True,2026-06-29,True,True,2026-06-29_R1368_01,2026-06-29,R1368,1,7,assigned_manual_window,True,0.0,False,7,83.816,18.3,2026-06-29 15:24:03+02:00,2026-06-29 15:24:03+02:00,2026-06-29 15:25:26+02:00,False,False,,17,38,21,0,2242,2279,0.4473684210526316,0.5526315789473685,0.5526315789473685,group_7
24E124445E318071,24E124FFFEFE11C4,868100000,SF7BW125, -88/13.2,34,2255,UpCnf,2026-06-29 13:24:29+00:00,"Dev Addr/Multicast Addr: 0770d40a
GwEUI: 24E124FFFEFE11C4
AppEUI: 24E124C0002A0001
Device EUI/Group Name: 24E124445E318071
Class Type: Class C
Immediately: -
Timestamp: 2057516722
Type: UpCnf
Adr: false
AdrAcKReq: false
Ack: false
Fcnt: 2255
Port: 86
Modulation: LORA
Bandwidth: 125
SpreadFactor: 7
Bitrate: 0
CodeRate: 4/5
SNR: 13.2
RSSI: -88
Power: -
Payload(b64): Q1VTVE9NTUVTU0FHRVRFU1RGT1JHUklEQUNUSVZBVElPTg==
Payload(hex): 435553544f4d4d45535341474554455354464f524752494441435449564154494f4e
JSON: {""text"":""CUSTOMMESSAGETESTFORGRIDACTIVATION""}
MIC: 54790445",29-06-1368.csv,,29-06-1368,1368,,[1368],[1368],['R1368'],2026-06-29,2026-06-29 15:24:29+02:00,-88.0,13.2,0770d40a,24E124FFFEFE11C4,24E124C0002A0001,24E124445E318071,Class C,-,2057516722,UpCnf,false,false,false,2255,86,LORA,125,7,0,4/5,13.2,-88,-,Q1VTVE9NTUVTU0FHRVRFU1RGT1JHUklEQUNUSVZBVElPTg==,435553544f4d4d45535341474554455354464f524752494441435449564154494f4e,"{""text"":""CUSTOMMESSAGETESTFORGRIDACTIVATION""}",54790445,86.0,435553544f4d4d45535341474554455354464f524752494441435449564154494f4e,{'text': 'CUSTOMMESSAGETESTFORGRIDACTIVATION'},,CUSTOMMESSAGETESTFORGRIDACTIVATION,['R1368'],R1368,['R1368'],['2026-06-29_R1368_01'],['R1368'],True,2026-06-29,True,True,2026-06-29_R1368_01,2026-06-29,R1368,1,7,assigned_manual_window,True,0.0,False,7,83.816,18.3,2026-06-29 15:24:03+02:00,2026-06-29 15:24:03+02:00,2026-06-29 15:25:26+02:00,False,False,,17,38,21,0,2242,2279,0.4473684210526316,0.5526315789473685,0.5526315789473685,group_7
24E124445E318071,24E124FFFEFE11C4,868500000,SF7BW125, -88/11.2,34,2258,UpCnf,2026-06-29 13:24:34+00:00,"Dev Addr/Multicast Addr: 0770d40a
GwEUI: 24E124FFFEFE11C4
AppEUI: 24E124C0002A0001
Device EUI/Group Name: 24E124445E318071
Class Type: Class C
Immediately: -
Timestamp: 2063036747
Type: UpCnf
Adr: false
AdrAcKReq: false
Ack: false
Fcnt: 2258
Port: 86
Modulation: LORA
Bandwidth: 125
SpreadFactor: 7
Bitrate: 0
CodeRate: 4/5
SNR: 11.2
RSSI: -88
Power: -
Payload(b64): Q1VTVE9NTUVTU0FHRVRFU1RGT1JHUklEQUNUSVZBVElPTg==
Payload(hex): 435553544f4d4d45535341474554455354464f524752494441435449564154494f4e
JSON: {""text"":""CUSTOMMESSAGETESTFORGRIDACTIVATION""}
MIC: 405aba8e",29-06-1368.csv,,29-06-1368,1368,,[1368],[1368],['R1368'],2026-06-29,2026-06-29 15:24:34+02:00,-88.0,11.2,0770d40a,24E124FFFEFE11C4,24E124C0002A0001,24E124445E318071,Class C,-,2063036747,UpCnf,false,false,false,2258,86,LORA,125,7,0,4/5,11.2,-88,-,Q1VTVE9NTUVTU0FHRVRFU1RGT1JHUklEQUNUSVZBVElPTg==,435553544f4d4d45535341474554455354464f524752494441435449564154494f4e,"{""text"":""CUSTOMMESSAGETESTFORGRIDACTIVATION""}",405aba8e,86.0,435553544f4d4d45535341474554455354464f524752494441435449564154494f4e,{'text': 'CUSTOMMESSAGETESTFORGRIDACTIVATION'},,CUSTOMMESSAGETESTFORGRIDACTIVATION,['R1368'],R1368,['R1368'],['2026-06-29_R1368_01'],['R1368'],True,2026-06-29,True,True,2026-06-29_R1368_01,2026-06-29,R1368,1,7,assigned_manual_window,True,0.0,False,7,83.816,18.3,2026-06-29 15:24:03+02:00,2026-06-29 15:24:03+02:00,2026-06-29 15:25:26+02:00,False,False,,17,38,21,0,2242,2279,0.4473684210526316,0.5526315789473685,0.5526315789473685,group_7
24E124445E318071,24E124FFFEFE11C4,868300000,SF7BW125, -88/13.2,34,2261,UpCnf,2026-06-29 13:24:41+00:00,"Dev Addr/Multicast Addr: 0770d40a
GwEUI: 24E124FFFEFE11C4
AppEUI: 24E124C0002A0001
Device EUI/Group Name: 24E124445E318071
Class Type: Class C
Immediately: -
Timestamp: 2069457744
Type: UpCnf
Adr: false
AdrAcKReq: false
Ack: false
Fcnt: 2261
Port: 86
Modulation: LORA
Bandwidth: 125
SpreadFactor: 7
Bitrate: 0
CodeRate: 4/5
SNR: 13.2
RSSI: -88
Power: -
Payload(b64): Q1VTVE9NTUVTU0FHRVRFU1RGT1JHUklEQUNUSVZBVElPTg==
Payload(hex): 435553544f4d4d45535341474554455354464f524752494441435449564154494f4e
JSON: {""text"":""CUSTOMMESSAGETESTFORGRIDACTIVATION""}
MIC: 599a3faa",29-06-1368.csv,,29-06-1368,1368,,[1368],[1368],['R1368'],2026-06-29,2026-06-29 15:24:41+02:00,-88.0,13.2,0770d40a,24E124FFFEFE11C4,24E124C0002A0001,24E124445E318071,Class C,-,2069457744,UpCnf,false,false,false,2261,86,LORA,125,7,0,4/5,13.2,-88,-,Q1VTVE9NTUVTU0FHRVRFU1RGT1JHUklEQUNUSVZBVElPTg==,435553544f4d4d45535341474554455354464f524752494441435449564154494f4e,"{""text"":""CUSTOMMESSAGETESTFORGRIDACTIVATION""}",599a3faa,86.0,435553544f4d4d45535341474554455354464f524752494441435449564154494f4e,{'text': 'CUSTOMMESSAGETESTFORGRIDACTIVATION'},,CUSTOMMESSAGETESTFORGRIDACTIVATION,['R1368'],R1368,['R1368'],['2026-06-29_R1368_01'],['R1368'],True,2026-06-29,True,True,2026-06-29_R1368_01,2026-06-29,R1368,1,7,assigned_manual_window,True,0.0,False,7,83.816,18.3,2026-06-29 15:24:03+02:00,2026-06-29 15:24:03+02:00,2026-06-29 15:25:26+02:00,False,False,,17,38,21,0,2242,2279,0.4473684210526316,0.5526315789473685,0.5526315789473685,group_7
24E124445E318071,24E124FFFEFE11C4,868100000,SF7BW125, -89/12.8,34,2264,UpCnf,2026-06-29 13:24:45+00:00,"Dev Addr/Multicast Addr: 0770d40a
GwEUI: 24E124FFFEFE11C4
AppEUI: 24E124C0002A0001
Device EUI/Group Name: 24E124445E318071
Class Type: Class C
Immediately: -
Timestamp: 2073709727
Type: UpCnf
Adr: false
AdrAcKReq: false
Ack: false
Fcnt: 2264
Port: 86
Modulation: LORA
Bandwidth: 125
SpreadFactor: 7
Bitrate: 0
CodeRate: 4/5
SNR: 12.8
RSSI: -89
Power: -
Payload(b64): Q1VTVE9NTUVTU0FHRVRFU1RGT1JHUklEQUNUSVZBVElPTg==
Payload(hex): 435553544f4d4d45535341474554455354464f524752494441435449564154494f4e
JSON: {""text"":""CUSTOMMESSAGETESTFORGRIDACTIVATION""}
MIC: 9c94069a",29-06-1368.csv,,29-06-1368,1368,,[1368],[1368],['R1368'],2026-06-29,2026-06-29 15:24:45+02:00,-89.0,12.8,0770d40a,24E124FFFEFE11C4,24E124C0002A0001,24E124445E318071,Class C,-,2073709727,UpCnf,false,false,false,2264,86,LORA,125,7,0,4/5,12.8,-89,-,Q1VTVE9NTUVTU0FHRVRFU1RGT1JHUklEQUNUSVZBVElPTg==,435553544f4d4d45535341474554455354464f524752494441435449564154494f4e,"{""text"":""CUSTOMMESSAGETESTFORGRIDACTIVATION""}",9c94069a,86.0,435553544f4d4d45535341474554455354464f524752494441435449564154494f4e,{'text': 'CUSTOMMESSAGETESTFORGRIDACTIVATION'},,CUSTOMMESSAGETESTFORGRIDACTIVATION,['R1368'],R1368,['R1368'],['2026-06-29_R1368_01'],['R1368'],True,2026-06-29,True,True,2026-06-29_R1368_01,2026-06-29,R1368,1,7,assigned_manual_window,True,0.0,False,7,83.816,18.3,2026-06-29 15:24:03+02:00,2026-06-29 15:24:03+02:00,2026-06-29 15:25:26+02:00,False,False,,17,38,21,0,2242,2279,0.4473684210526316,0.5526315789473685,0.5526315789473685,group_7
24E124445E318071,24E124FFFEFE11C4,868300000,SF7BW125, -89/12.2,34,2267,UpCnf,2026-06-29 13:24:50+00:00,"Dev Addr/Multicast Addr: 0770d40a
GwEUI: 24E124FFFEFE11C4
AppEUI: 24E124C0002A0001
Device EUI/Group Name: 24E124445E318071
Class Type: Class C
Immediately: -
Timestamp: 2078540748
Type: UpCnf
Adr: false
AdrAcKReq: false
Ack: false
Fcnt: 2267
Port: 86
Modulation: LORA
Bandwidth: 125
SpreadFactor: 7
Bitrate: 0
CodeRate: 4/5
SNR: 12.2
RSSI: -89
Power: -
Payload(b64): Q1VTVE9NTUVTU0FHRVRFU1RGT1JHUklEQUNUSVZBVElPTg==
Payload(hex): 435553544f4d4d45535341474554455354464f524752494441435449564154494f4e
JSON: {""text"":""CUSTOMMESSAGETESTFORGRIDACTIVATION""}
MIC: 9f26630d",29-06-1368.csv,,29-06-1368,1368,,[1368],[1368],['R1368'],2026-06-29,2026-06-29 15:24:50+02:00,-89.0,12.2,0770d40a,24E124FFFEFE11C4,24E124C0002A0001,24E124445E318071,Class C,-,2078540748,UpCnf,false,false,false,2267,86,LORA,125,7,0,4/5,12.2,-89,-,Q1VTVE9NTUVTU0FHRVRFU1RGT1JHUklEQUNUSVZBVElPTg==,435553544f4d4d45535341474554455354464f524752494441435449564154494f4e,"{""text"":""CUSTOMMESSAGETESTFORGRIDACTIVATION""}",9f26630d,86.0,435553544f4d4d45535341474554455354464f524752494441435449564154494f4e,{'text': 'CUSTOMMESSAGETESTFORGRIDACTIVATION'},,CUSTOMMESSAGETESTFORGRIDACTIVATION,['R1368'],R1368,['R1368'],['2026-06-29_R1368_01'],['R1368'],True,2026-06-29,True,True,2026-06-29_R1368_01,2026-06-29,R1368,1,7,assigned_manual_window,True,0.0,False,7,83.816,18.3,2026-06-29 15:24:03+02:00,2026-06-29 15:24:03+02:00,2026-06-29 15:25:26+02:00,False,False,,17,38,21,0,2242,2279,0.4473684210526316,0.5526315789473685,0.5526315789473685,group_7
24E124445E318071,24E124FFFEFE11C4,868300000,SF7BW125, -92/12.5,34,2268,UpCnf,2026-06-29 13:24:52+00:00,"Dev Addr/Multicast Addr: 0770d40a
GwEUI: 24E124FFFEFE11C4
AppEUI: 24E124C0002A0001
Device EUI/Group Name: 24E124445E318071
Class Type: Class C
Immediately: -
Timestamp: 2080157717
Type: UpCnf
Adr: false
AdrAcKReq: false
Ack: false
Fcnt: 2268
Port: 86
Modulation: LORA
Bandwidth: 125
SpreadFactor: 7
Bitrate: 0
CodeRate: 4/5
SNR: 12.5
RSSI: -92
Power: -
Payload(b64): Q1VTVE9NTUVTU0FHRVRFU1RGT1JHUklEQUNUSVZBVElPTg==
Payload(hex): 435553544f4d4d45535341474554455354464f524752494441435449564154494f4e
JSON: {""text"":""CUSTOMMESSAGETESTFORGRIDACTIVATION""}
MIC: 6ab6c633",29-06-1368.csv,,29-06-1368,1368,,[1368],[1368],['R1368'],2026-06-29,2026-06-29 15:24:52+02:00,-92.0,12.5,0770d40a,24E124FFFEFE11C4,24E124C0002A0001,24E124445E318071,Class C,-,2080157717,UpCnf,false,false,false,2268,86,LORA,125,7,0,4/5,12.5,-92,-,Q1VTVE9NTUVTU0FHRVRFU1RGT1JHUklEQUNUSVZBVElPTg==,435553544f4d4d45535341474554455354464f524752494441435449564154494f4e,"{""text"":""CUSTOMMESSAGETESTFORGRIDACTIVATION""}",6ab6c633,86.0,435553544f4d4d45535341474554455354464f524752494441435449564154494f4e,{'text': 'CUSTOMMESSAGETESTFORGRIDACTIVATION'},,CUSTOMMESSAGETESTFORGRIDACTIVATION,['R1368'],R1368,['R1368'],['2026-06-29_R1368_01'],['R1368'],True,2026-06-29,True,True,2026-06-29_R1368_01,2026-06-29,R1368,1,7,assigned_manual_window,True,0.0,False,7,83.816,18.3,2026-06-29 15:24:03+02:00,2026-06-29 15:24:03+02:00,2026-06-29 15:25:26+02:00,False,False,,17,38,21,0,2242,2279,0.4473684210526316,0.5526315789473685,0.5526315789473685,group_7
24E124445E318071,24E124FFFEFE11C4,868100000,SF7BW125, -92/12.5,34,2271,UpCnf,2026-06-29 13:24:56+00:00,"Dev Addr/Multicast Addr: 0770d40a
GwEUI: 24E124FFFEFE11C4
AppEUI: 24E124C0002A0001
Device EUI/Group Name: 24E124445E318071
Class Type: Class C
Immediately: -
Timestamp: 2085018718
Type: UpCnf
Adr: false
AdrAcKReq: false
Ack: false
Fcnt: 2271
Port: 86
Modulation: LORA
Bandwidth: 125
SpreadFactor: 7
Bitrate: 0
CodeRate: 4/5
SNR: 12.5
RSSI: -92
Power: -
Payload(b64): Q1VTVE9NTUVTU0FHRVRFU1RGT1JHUklEQUNUSVZBVElPTg==
Payload(hex): 435553544f4d4d45535341474554455354464f524752494441435449564154494f4e
JSON: {""text"":""CUSTOMMESSAGETESTFORGRIDACTIVATION""}
MIC: 4593dce8",29-06-1368.csv,,29-06-1368,1368,,[1368],[1368],['R1368'],2026-06-29,2026-06-29 15:24:56+02:00,-92.0,12.5,0770d40a,24E124FFFEFE11C4,24E124C0002A0001,24E124445E318071,Class C,-,2085018718,UpCnf,false,false,false,2271,86,LORA,125,7,0,4/5,12.5,-92,-,Q1VTVE9NTUVTU0FHRVRFU1RGT1JHUklEQUNUSVZBVElPTg==,435553544f4d4d45535341474554455354464f524752494441435449564154494f4e,"{""text"":""CUSTOMMESSAGETESTFORGRIDACTIVATION""}",4593dce8,86.0,435553544f4d4d45535341474554455354464f524752494441435449564154494f4e,{'text': 'CUSTOMMESSAGETESTFORGRIDACTIVATION'},,CUSTOMMESSAGETESTFORGRIDACTIVATION,['R1368'],R1368,['R1368'],['2026-06-29_R1368_01'],['R1368'],True,2026-06-29,True,True,2026-06-29_R1368_01,2026-06-29,R1368,1,7,assigned_manual_window,True,0.0,False,7,83.816,18.3,2026-06-29 15:24:03+02:00,2026-06-29 15:24:03+02:00,2026-06-29 15:25:26+02:00,False,False,,17,38,21,0,2242,2279,0.4473684210526316,0.5526315789473685,0.5526315789473685,group_7
24E124445E318071,24E124FFFEFE11C4,868500000,SF7BW125, -91/11.0,34,2273,UpCnf,2026-06-29 13:25:00+00:00,"Dev Addr/Multicast Addr: 0770d40a
GwEUI: 24E124FFFEFE11C4
AppEUI: 24E124C0002A0001
Device EUI/Group Name: 24E124445E318071
Class Type: Class C
Immediately: -
Timestamp: 2088908674
Type: UpCnf
Adr: false
AdrAcKReq: false
Ack: false
Fcnt: 2273
Port: 86
Modulation: LORA
Bandwidth: 125
SpreadFactor: 7
Bitrate: 0
CodeRate: 4/5
SNR: 11.0
RSSI: -91
Power: -
Payload(b64): Q1VTVE9NTUVTU0FHRVRFU1RGT1JHUklEQUNUSVZBVElPTg==
Payload(hex): 435553544f4d4d45535341474554455354464f524752494441435449564154494f4e
JSON: {""text"":""CUSTOMMESSAGETESTFORGRIDACTIVATION""}
MIC: 0f7f6e52",29-06-1368.csv,,29-06-1368,1368,,[1368],[1368],['R1368'],2026-06-29,2026-06-29 15:25:00+02:00,-91.0,11.0,0770d40a,24E124FFFEFE11C4,24E124C0002A0001,24E124445E318071,Class C,-,2088908674,UpCnf,false,false,false,2273,86,LORA,125,7,0,4/5,11.0,-91,-,Q1VTVE9NTUVTU0FHRVRFU1RGT1JHUklEQUNUSVZBVElPTg==,435553544f4d4d45535341474554455354464f524752494441435449564154494f4e,"{""text"":""CUSTOMMESSAGETESTFORGRIDACTIVATION""}",0f7f6e52,86.0,435553544f4d4d45535341474554455354464f524752494441435449564154494f4e,{'text': 'CUSTOMMESSAGETESTFORGRIDACTIVATION'},,CUSTOMMESSAGETESTFORGRIDACTIVATION,['R1368'],R1368,['R1368'],['2026-06-29_R1368_01'],['R1368'],True,2026-06-29,True,True,2026-06-29_R1368_01,2026-06-29,R1368,1,7,assigned_manual_window,True,0.0,False,7,83.816,18.3,2026-06-29 15:24:03+02:00,2026-06-29 15:24:03+02:00,2026-06-29 15:25:26+02:00,False,False,,17,38,21,0,2242,2279,0.4473684210526316,0.5526315789473685,0.5526315789473685,group_7
24E124445E318071,24E124FFFEFE11C4,868100000,SF7BW125, -92/12.5,34,2275,UpCnf,2026-06-29 13:25:03+00:00,"Dev Addr/Multicast Addr: 0770d40a
GwEUI: 24E124FFFEFE11C4
AppEUI: 24E124C0002A0001
Device EUI/Group Name: 24E124445E318071
Class Type: Class C
Immediately: -
Timestamp: 2091925715
Type: UpCnf
Adr: false
AdrAcKReq: false
Ack: false
Fcnt: 2275
Port: 86
Modulation: LORA
Bandwidth: 125
SpreadFactor: 7
Bitrate: 0
CodeRate: 4/5
SNR: 12.5
RSSI: -92
Power: -
Payload(b64): Q1VTVE9NTUVTU0FHRVRFU1RGT1JHUklEQUNUSVZBVElPTg==
Payload(hex): 435553544f4d4d45535341474554455354464f524752494441435449564154494f4e
JSON: {""text"":""CUSTOMMESSAGETESTFORGRIDACTIVATION""}
MIC: 5a01463e",29-06-1368.csv,,29-06-1368,1368,,[1368],[1368],['R1368'],2026-06-29,2026-06-29 15:25:03+02:00,-92.0,12.5,0770d40a,24E124FFFEFE11C4,24E124C0002A0001,24E124445E318071,Class C,-,2091925715,UpCnf,false,false,false,2275,86,LORA,125,7,0,4/5,12.5,-92,-,Q1VTVE9NTUVTU0FHRVRFU1RGT1JHUklEQUNUSVZBVElPTg==,435553544f4d4d45535341474554455354464f524752494441435449564154494f4e,"{""text"":""CUSTOMMESSAGETESTFORGRIDACTIVATION""}",5a01463e,86.0,435553544f4d4d45535341474554455354464f524752494441435449564154494f4e,{'text': 'CUSTOMMESSAGETESTFORGRIDACTIVATION'},,CUSTOMMESSAGETESTFORGRIDACTIVATION,['R1368'],R1368,['R1368'],['2026-06-29_R1368_01'],['R1368'],True,2026-06-29,True,True,2026-06-29_R1368_01,2026-06-29,R1368,1,7,assigned_manual_window,True,0.0,False,7,83.816,18.3,2026-06-29 15:24:03+02:00,2026-06-29 15:24:03+02:00,2026-06-29 15:25:26+02:00,False,False,,17,38,21,0,2242,2279,0.4473684210526316,0.5526315789473685,0.5526315789473685,group_7
24E124445E318071,24E124FFFEFE11C4,868300000,SF7BW125, -92/12.2,34,2277,UpCnf,2026-06-29 13:25:07+00:00,"Dev Addr/Multicast Addr: 0770d40a
GwEUI: 24E124FFFEFE11C4
AppEUI: 24E124C0002A0001
Device EUI/Group Name: 24E124445E318071
Class Type: Class C
Immediately: -
Timestamp: 2095689754
Type: UpCnf
Adr: false
AdrAcKReq: false
Ack: false
Fcnt: 2277
Port: 86
Modulation: LORA
Bandwidth: 125
SpreadFactor: 7
Bitrate: 0
CodeRate: 4/5
SNR: 12.2
RSSI: -92
Power: -
Payload(b64): Q1VTVE9NTUVTU0FHRVRFU1RGT1JHUklEQUNUSVZBVElPTg==
Payload(hex): 435553544f4d4d45535341474554455354464f524752494441435449564154494f4e
JSON: {""text"":""CUSTOMMESSAGETESTFORGRIDACTIVATION""}
MIC: 838e2de1",29-06-1368.csv,,29-06-1368,1368,,[1368],[1368],['R1368'],2026-06-29,2026-06-29 15:25:07+02:00,-92.0,12.2,0770d40a,24E124FFFEFE11C4,24E124C0002A0001,24E124445E318071,Class C,-,2095689754,UpCnf,false,false,false,2277,86,LORA,125,7,0,4/5,12.2,-92,-,Q1VTVE9NTUVTU0FHRVRFU1RGT1JHUklEQUNUSVZBVElPTg==,435553544f4d4d45535341474554455354464f524752494441435449564154494f4e,"{""text"":""CUSTOMMESSAGETESTFORGRIDACTIVATION""}",838e2de1,86.0,435553544f4d4d45535341474554455354464f524752494441435449564154494f4e,{'text': 'CUSTOMMESSAGETESTFORGRIDACTIVATION'},,CUSTOMMESSAGETESTFORGRIDACTIVATION,['R1368'],R1368,['R1368'],['2026-06-29_R1368_01'],['R1368'],True,2026-06-29,True,True,2026-06-29_R1368_01,2026-06-29,R1368,1,7,assigned_manual_window,True,0.0,False,7,83.816,18.3,2026-06-29 15:24:03+02:00,2026-06-29 15:24:03+02:00,2026-06-29 15:25:26+02:00,False,False,,17,38,21,0,2242,2279,0.4473684210526316,0.5526315789473685,0.5526315789473685,group_7
24E124445E318071,24E124FFFEFE11C4,868300000,SF7BW125, -92/12.5,34,2278,UpCnf,2026-06-29 13:25:08+00:00,"Dev Addr/Multicast Addr: 0770d40a
GwEUI: 24E124FFFEFE11C4
AppEUI: 24E124C0002A0001
Device EUI/Group Name: 24E124445E318071
Class Type: Class C
Immediately: -
Timestamp: 2097025711
Type: UpCnf
Adr: false
AdrAcKReq: false
Ack: false
Fcnt: 2278
Port: 86
Modulation: LORA
Bandwidth: 125
SpreadFactor: 7
Bitrate: 0
CodeRate: 4/5
SNR: 12.5
RSSI: -92
Power: -
Payload(b64): Q1VTVE9NTUVTU0FHRVRFU1RGT1JHUklEQUNUSVZBVElPTg==
Payload(hex): 435553544f4d4d45535341474554455354464f524752494441435449564154494f4e
JSON: {""text"":""CUSTOMMESSAGETESTFORGRIDACTIVATION""}
MIC: 7c81042f",29-06-1368.csv,,29-06-1368,1368,,[1368],[1368],['R1368'],2026-06-29,2026-06-29 15:25:08+02:00,-92.0,12.5,0770d40a,24E124FFFEFE11C4,24E124C0002A0001,24E124445E318071,Class C,-,2097025711,UpCnf,false,false,false,2278,86,LORA,125,7,0,4/5,12.5,-92,-,Q1VTVE9NTUVTU0FHRVRFU1RGT1JHUklEQUNUSVZBVElPTg==,435553544f4d4d45535341474554455354464f524752494441435449564154494f4e,"{""text"":""CUSTOMMESSAGETESTFORGRIDACTIVATION""}",7c81042f,86.0,435553544f4d4d45535341474554455354464f524752494441435449564154494f4e,{'text': 'CUSTOMMESSAGETESTFORGRIDACTIVATION'},,CUSTOMMESSAGETESTFORGRIDACTIVATION,['R1368'],R1368,['R1368'],['2026-06-29_R1368_01'],['R1368'],True,2026-06-29,True,True,2026-06-29_R1368_01,2026-06-29,R1368,1,7,assigned_manual_window,True,0.0,False,7,83.816,18.3,2026-06-29 15:24:03+02:00,2026-06-29 15:24:03+02:00,2026-06-29 15:25:26+02:00,False,False,,17,38,21,0,2242,2279,0.4473684210526316,0.5526315789473685,0.5526315789473685,group_7
24E124445E318071,24E124FFFEFE11C4,868100000,SF7BW125, -89/13.2,34,2279,UpCnf,2026-06-29 13:25:12+00:00,"Dev Addr/Multicast Addr: 0770d40a
GwEUI: 24E124FFFEFE11C4
AppEUI: 24E124C0002A0001
Device EUI/Group Name: 24E124445E318071
Class Type: Class C
Immediately: -
Timestamp: 2100228704
Type: UpCnf
Adr: false
AdrAcKReq: false
Ack: false
Fcnt: 2279
Port: 86
Modulation: LORA
Bandwidth: 125
SpreadFactor: 7
Bitrate: 0
CodeRate: 4/5
SNR: 13.2
RSSI: -89
Power: -
Payload(b64): Q1VTVE9NTUVTU0FHRVRFU1RGT1JHUklEQUNUSVZBVElPTg==
Payload(hex): 435553544f4d4d45535341474554455354464f524752494441435449564154494f4e
JSON: {""text"":""CUSTOMMESSAGETESTFORGRIDACTIVATION""}
MIC: b285abb5",29-06-1368.csv,,29-06-1368,1368,,[1368],[1368],['R1368'],2026-06-29,2026-06-29 15:25:12+02:00,-89.0,13.2,0770d40a,24E124FFFEFE11C4,24E124C0002A0001,24E124445E318071,Class C,-,2100228704,UpCnf,false,false,false,2279,86,LORA,125,7,0,4/5,13.2,-89,-,Q1VTVE9NTUVTU0FHRVRFU1RGT1JHUklEQUNUSVZBVElPTg==,435553544f4d4d45535341474554455354464f524752494441435449564154494f4e,"{""text"":""CUSTOMMESSAGETESTFORGRIDACTIVATION""}",b285abb5,86.0,435553544f4d4d45535341474554455354464f524752494441435449564154494f4e,{'text': 'CUSTOMMESSAGETESTFORGRIDACTIVATION'},,CUSTOMMESSAGETESTFORGRIDACTIVATION,['R1368'],R1368,['R1368'],['2026-06-29_R1368_01'],['R1368'],True,2026-06-29,True,True,2026-06-29_R1368_01,2026-06-29,R1368,1,7,assigned_manual_window,True,0.0,False,7,83.816,18.3,2026-06-29 15:24:03+02:00,2026-06-29 15:24:03+02:00,2026-06-29 15:25:26+02:00,False,False,,17,38,21,0,2242,2279,0.4473684210526316,0.5526315789473685,0.5526315789473685,group_7
24E124445E318071,24E124FFFEFE11C4,868300000,SF7BW125, -105/4.0,34,2446,UpCnf,2026-06-29 13:40:22+00:00,"Dev Addr/Multicast Addr: 0770d40a
GwEUI: 24E124FFFEFE11C4
AppEUI: 24E124C0002A0001
Device EUI/Group Name: 24E124445E318071
Class Type: Class C
Immediately: -
Timestamp: 3010698558
Type: UpCnf
Adr: false
AdrAcKReq: false
Ack: false
Fcnt: 2446
Port: 86
Modulation: LORA
Bandwidth: 125
SpreadFactor: 7
Bitrate: 0
CodeRate: 4/5
SNR: 4.0
RSSI: -105
Power: -
Payload(b64): Q1VTVE9NTUVTU0FHRVRFU1RGT1JHUklEQUNUSVZBVElPTg==
Payload(hex): 435553544f4d4d45535341474554455354464f524752494441435449564154494f4e
JSON: {""text"":""CUSTOMMESSAGETESTFORGRIDACTIVATION""}
MIC: 6532a76a",29-06-1376.csv,,29-06-1376,1376,,[1376],[1376],['R1376'],2026-06-29,2026-06-29 15:40:22+02:00,-105.0,4.0,0770d40a,24E124FFFEFE11C4,24E124C0002A0001,24E124445E318071,Class C,-,3010698558,UpCnf,false,false,false,2446,86,LORA,125,7,0,4/5,4.0,-105,-,Q1VTVE9NTUVTU0FHRVRFU1RGT1JHUklEQUNUSVZBVElPTg==,435553544f4d4d45535341474554455354464f524752494441435449564154494f4e,"{""text"":""CUSTOMMESSAGETESTFORGRIDACTIVATION""}",6532a76a,86.0,435553544f4d4d45535341474554455354464f524752494441435449564154494f4e,{'text': 'CUSTOMMESSAGETESTFORGRIDACTIVATION'},,CUSTOMMESSAGETESTFORGRIDACTIVATION,['R1376'],R1376,['R1376'],['2026-06-29_R1376_01'],['R1376'],True,2026-06-29,True,True,2026-06-29_R1376_01,2026-06-29,R1376,1,7,assigned_manual_window,True,0.0,False,7,83.816,27.1,2026-06-29 15:40:20+02:00,2026-06-29 15:40:20+02:00,2026-06-29 15:41:44+02:00,False,False,,16,36,20,1,2446,2481,0.4444444444444444,0.5555555555555556,0.5555555555555556,group_7
24E124445E318071,24E124FFFEFE11C4,868300000,SF7BW125, -100/8.2,34,2448,UpCnf,2026-06-29 13:40:25+00:00,"Dev Addr/Multicast Addr: 0770d40a
GwEUI: 24E124FFFEFE11C4
AppEUI: 24E124C0002A0001
Device EUI/Group Name: 24E124445E318071
Class Type: Class C
Immediately: -
Timestamp: 3013828020
Type: UpCnf
Adr: false
AdrAcKReq: false
Ack: false
Fcnt: 2448
Port: 86
Modulation: LORA
Bandwidth: 125
SpreadFactor: 7
Bitrate: 0
CodeRate: 4/5
SNR: 8.2
RSSI: -100
Power: -
Payload(b64): Q1VTVE9NTUVTU0FHRVRFU1RGT1JHUklEQUNUSVZBVElPTg==
Payload(hex): 435553544f4d4d45535341474554455354464f524752494441435449564154494f4e
JSON: {""text"":""CUSTOMMESSAGETESTFORGRIDACTIVATION""}
MIC: 2c10b8ed",29-06-1376.csv,,29-06-1376,1376,,[1376],[1376],['R1376'],2026-06-29,2026-06-29 15:40:25+02:00,-100.0,8.2,0770d40a,24E124FFFEFE11C4,24E124C0002A0001,24E124445E318071,Class C,-,3013828020,UpCnf,false,false,false,2448,86,LORA,125,7,0,4/5,8.2,-100,-,Q1VTVE9NTUVTU0FHRVRFU1RGT1JHUklEQUNUSVZBVElPTg==,435553544f4d4d45535341474554455354464f524752494441435449564154494f4e,"{""text"":""CUSTOMMESSAGETESTFORGRIDACTIVATION""}",2c10b8ed,86.0,435553544f4d4d45535341474554455354464f524752494441435449564154494f4e,{'text': 'CUSTOMMESSAGETESTFORGRIDACTIVATION'},,CUSTOMMESSAGETESTFORGRIDACTIVATION,['R1376'],R1376,['R1376'],['2026-06-29_R1376_01'],['R1376'],True,2026-06-29,True,True,2026-06-29_R1376_01,2026-06-29,R1376,1,7,assigned_manual_window,True,0.0,False,7,83.816,27.1,2026-06-29 15:40:20+02:00,2026-06-29 15:40:20+02:00,2026-06-29 15:41:44+02:00,False,False,,16,36,20,1,2446,2481,0.4444444444444444,0.5555555555555556,0.5555555555555556,group_7
24E124445E318071,24E124FFFEFE11C4,868500000,SF7BW125, -99/8.0,34,2451,UpCnf,2026-06-29 13:40:31+00:00,"Dev Addr/Multicast Addr: 0770d40a
GwEUI: 24E124FFFEFE11C4
AppEUI: 24E124C0002A0001
Device EUI/Group Name: 24E124445E318071
Class Type: Class C
Immediately: -
Timestamp: 3019376535
Type: UpCnf
Adr: false
AdrAcKReq: false
Ack: false
Fcnt: 2451
Port: 86
Modulation: LORA
Bandwidth: 125
SpreadFactor: 7
Bitrate: 0
CodeRate: 4/5
SNR: 8.0
RSSI: -99
Power: -
Payload(b64): Q1VTVE9NTUVTU0FHRVRFU1RGT1JHUklEQUNUSVZBVElPTg==
Payload(hex): 435553544f4d4d45535341474554455354464f524752494441435449564154494f4e
JSON: {""text"":""CUSTOMMESSAGETESTFORGRIDACTIVATION""}
MIC: be218652",29-06-1376.csv,,29-06-1376,1376,,[1376],[1376],['R1376'],2026-06-29,2026-06-29 15:40:31+02:00,-99.0,8.0,0770d40a,24E124FFFEFE11C4,24E124C0002A0001,24E124445E318071,Class C,-,3019376535,UpCnf,false,false,false,2451,86,LORA,125,7,0,4/5,8.0,-99,-,Q1VTVE9NTUVTU0FHRVRFU1RGT1JHUklEQUNUSVZBVElPTg==,435553544f4d4d45535341474554455354464f524752494441435449564154494f4e,"{""text"":""CUSTOMMESSAGETESTFORGRIDACTIVATION""}",be218652,86.0,435553544f4d4d45535341474554455354464f524752494441435449564154494f4e,{'text': 'CUSTOMMESSAGETESTFORGRIDACTIVATION'},,CUSTOMMESSAGETESTFORGRIDACTIVATION,['R1376'],R1376,['R1376'],['2026-06-29_R1376_01'],['R1376'],True,2026-06-29,True,True,2026-06-29_R1376_01,2026-06-29,R1376,1,7,assigned_manual_window,True,0.0,False,7,83.816,27.1,2026-06-29 15:40:20+02:00,2026-06-29 15:40:20+02:00,2026-06-29 15:41:44+02:00,False,False,,16,36,20,1,2446,2481,0.4444444444444444,0.5555555555555556,0.5555555555555556,group_7
24E124445E318071,24E124FFFEFE11C4,868500000,SF7BW125, -97/8.0,34,2453,UpCnf,2026-06-29 13:40:35+00:00,"Dev Addr/Multicast Addr: 0770d40a
GwEUI: 24E124FFFEFE11C4
AppEUI: 24E124C0002A0001
Device EUI/Group Name: 24E124445E318071
Class Type: Class C
Immediately: -
Timestamp: 3023288518
Type: UpCnf
Adr: false
AdrAcKReq: false
Ack: false
Fcnt: 2453
Port: 86
Modulation: LORA
Bandwidth: 125
SpreadFactor: 7
Bitrate: 0
CodeRate: 4/5
SNR: 8.0
RSSI: -97
Power: -
Payload(b64): Q1VTVE9NTUVTU0FHRVRFU1RGT1JHUklEQUNUSVZBVElPTg==
Payload(hex): 435553544f4d4d45535341474554455354464f524752494441435449564154494f4e
JSON: {""text"":""CUSTOMMESSAGETESTFORGRIDACTIVATION""}
MIC: 9ace844d",29-06-1376.csv,,29-06-1376,1376,,[1376],[1376],['R1376'],2026-06-29,2026-06-29 15:40:35+02:00,-97.0,8.0,0770d40a,24E124FFFEFE11C4,24E124C0002A0001,24E124445E318071,Class C,-,3023288518,UpCnf,false,false,false,2453,86,LORA,125,7,0,4/5,8.0,-97,-,Q1VTVE9NTUVTU0FHRVRFU1RGT1JHUklEQUNUSVZBVElPTg==,435553544f4d4d45535341474554455354464f524752494441435449564154494f4e,"{""text"":""CUSTOMMESSAGETESTFORGRIDACTIVATION""}",9ace844d,86.0,435553544f4d4d45535341474554455354464f524752494441435449564154494f4e,{'text': 'CUSTOMMESSAGETESTFORGRIDACTIVATION'},,CUSTOMMESSAGETESTFORGRIDACTIVATION,['R1376'],R1376,['R1376'],['2026-06-29_R1376_01'],['R1376'],True,2026-06-29,True,True,2026-06-29_R1376_01,2026-06-29,R1376,1,7,assigned_manual_window,True,0.0,False,7,83.816,27.1,2026-06-29 15:40:20+02:00,2026-06-29 15:40:20+02:00,2026-06-29 15:41:44+02:00,False,False,,16,36,20,1,2446,2481,0.4444444444444444,0.5555555555555556,0.5555555555555556,group_7
24E124445E318071,24E124FFFEFE11C4,868300000,SF7BW125, -97/10.0,34,2455,UpCnf,2026-06-29 13:40:39+00:00,"Dev Addr/Multicast Addr: 0770d40a
GwEUI: 24E124FFFEFE11C4
AppEUI: 24E124C0002A0001
Device EUI/Group Name: 24E124445E318071
Class Type: Class C
Immediately: -
Timestamp: 3027414535
Type: UpCnf
Adr: false
AdrAcKReq: false
Ack: false
Fcnt: 2455
Port: 86
Modulation: LORA
Bandwidth: 125
SpreadFactor: 7
Bitrate: 0
CodeRate: 4/5
SNR: 10.0
RSSI: -97
Power: -
Payload(b64): Q1VTVE9NTUVTU0FHRVRFU1RGT1JHUklEQUNUSVZBVElPTg==
Payload(hex): 435553544f4d4d45535341474554455354464f524752494441435449564154494f4e
JSON: {""text"":""CUSTOMMESSAGETESTFORGRIDACTIVATION""}
MIC: fd438371",29-06-1376.csv,,29-06-1376,1376,,[1376],[1376],['R1376'],2026-06-29,2026-06-29 15:40:39+02:00,-97.0,10.0,0770d40a,24E124FFFEFE11C4,24E124C0002A0001,24E124445E318071,Class C,-,3027414535,UpCnf,false,false,false,2455,86,LORA,125,7,0,4/5,10.0,-97,-,Q1VTVE9NTUVTU0FHRVRFU1RGT1JHUklEQUNUSVZBVElPTg==,435553544f4d4d45535341474554455354464f524752494441435449564154494f4e,"{""text"":""CUSTOMMESSAGETESTFORGRIDACTIVATION""}",fd438371,86.0,435553544f4d4d45535341474554455354464f524752494441435449564154494f4e,{'text': 'CUSTOMMESSAGETESTFORGRIDACTIVATION'},,CUSTOMMESSAGETESTFORGRIDACTIVATION,['R1376'],R1376,['R1376'],['2026-06-29_R1376_01'],['R1376'],True,2026-06-29,True,True,2026-06-29_R1376_01,2026-06-29,R1376,1,7,assigned_manual_window,True,0.0,False,7,83.816,27.1,2026-06-29 15:40:20+02:00,2026-06-29 15:40:20+02:00,2026-06-29 15:41:44+02:00,False,False,,16,36,20,1,2446,2481,0.4444444444444444,0.5555555555555556,0.5555555555555556,group_7
24E124445E318071,24E124FFFEFE11C4,868100000,SF7BW125, -96/10.8,34,2457,UpCnf,2026-06-29 13:40:42+00:00,"Dev Addr/Multicast Addr: 0770d40a
GwEUI: 24E124FFFEFE11C4
AppEUI: 24E124C0002A0001
Device EUI/Group Name: 24E124445E318071
Class Type: Class C
Immediately: -
Timestamp: 3030255520
Type: UpCnf
Adr: false
AdrAcKReq: false
Ack: false
Fcnt: 2457
Port: 86
Modulation: LORA
Bandwidth: 125
SpreadFactor: 7
Bitrate: 0
CodeRate: 4/5
SNR: 10.8
RSSI: -96
Power: -
Payload(b64): Q1VTVE9NTUVTU0FHRVRFU1RGT1JHUklEQUNUSVZBVElPTg==
Payload(hex): 435553544f4d4d45535341474554455354464f524752494441435449564154494f4e
JSON: {""text"":""CUSTOMMESSAGETESTFORGRIDACTIVATION""}
MIC: 277229e5",29-06-1376.csv,,29-06-1376,1376,,[1376],[1376],['R1376'],2026-06-29,2026-06-29 15:40:42+02:00,-96.0,10.8,0770d40a,24E124FFFEFE11C4,24E124C0002A0001,24E124445E318071,Class C,-,3030255520,UpCnf,false,false,false,2457,86,LORA,125,7,0,4/5,10.8,-96,-,Q1VTVE9NTUVTU0FHRVRFU1RGT1JHUklEQUNUSVZBVElPTg==,435553544f4d4d45535341474554455354464f524752494441435449564154494f4e,"{""text"":""CUSTOMMESSAGETESTFORGRIDACTIVATION""}",277229e5,86.0,435553544f4d4d45535341474554455354464f524752494441435449564154494f4e,{'text': 'CUSTOMMESSAGETESTFORGRIDACTIVATION'},,CUSTOMMESSAGETESTFORGRIDACTIVATION,['R1376'],R1376,['R1376'],['2026-06-29_R1376_01'],['R1376'],True,2026-06-29,True,True,2026-06-29_R1376_01,2026-06-29,R1376,1,7,assigned_manual_window,True,0.0,False,7,83.816,27.1,2026-06-29 15:40:20+02:00,2026-06-29 15:40:20+02:00,2026-06-29 15:41:44+02:00,False,False,,16,36,20,1,2446,2481,0.4444444444444444,0.5555555555555556,0.5555555555555556,group_7
24E124445E318071,24E124FFFEFE11C4,868500000,SF7BW125, -97/9.5,34,2460,UpCnf,2026-06-29 13:40:46+00:00,"Dev Addr/Multicast Addr: 0770d40a
GwEUI: 24E124FFFEFE11C4
AppEUI: 24E124C0002A0001
Device EUI/Group Name: 24E124445E318071
Class Type: Class C
Immediately: -
Timestamp: 3034741559
Type: UpCnf
Adr: false
AdrAcKReq: false
Ack: false
Fcnt: 2460
Port: 86
Modulation: LORA
Bandwidth: 125
SpreadFactor: 7
Bitrate: 0
CodeRate: 4/5
SNR: 9.5
RSSI: -97
Power: -
Payload(b64): Q1VTVE9NTUVTU0FHRVRFU1RGT1JHUklEQUNUSVZBVElPTg==
Payload(hex): 435553544f4d4d45535341474554455354464f524752494441435449564154494f4e
JSON: {""text"":""CUSTOMMESSAGETESTFORGRIDACTIVATION""}
MIC: 83d5b796",29-06-1376.csv,,29-06-1376,1376,,[1376],[1376],['R1376'],2026-06-29,2026-06-29 15:40:46+02:00,-97.0,9.5,0770d40a,24E124FFFEFE11C4,24E124C0002A0001,24E124445E318071,Class C,-,3034741559,UpCnf,false,false,false,2460,86,LORA,125,7,0,4/5,9.5,-97,-,Q1VTVE9NTUVTU0FHRVRFU1RGT1JHUklEQUNUSVZBVElPTg==,435553544f4d4d45535341474554455354464f524752494441435449564154494f4e,"{""text"":""CUSTOMMESSAGETESTFORGRIDACTIVATION""}",83d5b796,86.0,435553544f4d4d45535341474554455354464f524752494441435449564154494f4e,{'text': 'CUSTOMMESSAGETESTFORGRIDACTIVATION'},,CUSTOMMESSAGETESTFORGRIDACTIVATION,['R1376'],R1376,['R1376'],['2026-06-29_R1376_01'],['R1376'],True,2026-06-29,True,True,2026-06-29_R1376_01,2026-06-29,R1376,1,7,assigned_manual_window,True,0.0,False,7,83.816,27.1,2026-06-29 15:40:20+02:00,2026-06-29 15:40:20+02:00,2026-06-29 15:41:44+02:00,False,False,,16,36,20,1,2446,2481,0.4444444444444444,0.5555555555555556,0.5555555555555556,group_7
24E124445E318071,24E124FFFEFE11C4,868300000,SF7BW125, -96/10.0,34,2463,UpCnf,2026-06-29 13:40:51+00:00,"Dev Addr/Multicast Addr: 0770d40a
GwEUI: 24E124FFFEFE11C4
AppEUI: 24E124C0002A0001
Device EUI/Group Name: 24E124445E318071
Class Type: Class C
Immediately: -
Timestamp: 3040058576
Type: UpCnf
Adr: false
AdrAcKReq: false
Ack: false
Fcnt: 2463
Port: 86
Modulation: LORA
Bandwidth: 125
SpreadFactor: 7
Bitrate: 0
CodeRate: 4/5
SNR: 10.0
RSSI: -96
Power: -
Payload(b64): Q1VTVE9NTUVTU0FHRVRFU1RGT1JHUklEQUNUSVZBVElPTg==
Payload(hex): 435553544f4d4d45535341474554455354464f524752494441435449564154494f4e
JSON: {""text"":""CUSTOMMESSAGETESTFORGRIDACTIVATION""}
MIC: efad5e2d",29-06-1376.csv,,29-06-1376,1376,,[1376],[1376],['R1376'],2026-06-29,2026-06-29 15:40:51+02:00,-96.0,10.0,0770d40a,24E124FFFEFE11C4,24E124C0002A0001,24E124445E318071,Class C,-,3040058576,UpCnf,false,false,false,2463,86,LORA,125,7,0,4/5,10.0,-96,-,Q1VTVE9NTUVTU0FHRVRFU1RGT1JHUklEQUNUSVZBVElPTg==,435553544f4d4d45535341474554455354464f524752494441435449564154494f4e,"{""text"":""CUSTOMMESSAGETESTFORGRIDACTIVATION""}",efad5e2d,86.0,435553544f4d4d45535341474554455354464f524752494441435449564154494f4e,{'text': 'CUSTOMMESSAGETESTFORGRIDACTIVATION'},,CUSTOMMESSAGETESTFORGRIDACTIVATION,['R1376'],R1376,['R1376'],['2026-06-29_R1376_01'],['R1376'],True,2026-06-29,True,True,2026-06-29_R1376_01,2026-06-29,R1376,1,7,assigned_manual_window,True,0.0,False,7,83.816,27.1,2026-06-29 15:40:20+02:00,2026-06-29 15:40:20+02:00,2026-06-29 15:41:44+02:00,False,False,,16,36,20,1,2446,2481,0.4444444444444444,0.5555555555555556,0.5555555555555556,group_7
24E124445E318071,24E124FFFEFE11C4,868300000,SF7BW125, -97/10.2,34,2465,UpCnf,2026-06-29 13:40:55+00:00,"Dev Addr/Multicast Addr: 0770d40a
GwEUI: 24E124FFFEFE11C4
AppEUI: 24E124C0002A0001
Device EUI/Group Name: 24E124445E318071
Class Type: Class C
Immediately: -
Timestamp: 3043507508
Type: UpCnf
Adr: false
AdrAcKReq: false
Ack: false
Fcnt: 2465
Port: 86
Modulation: LORA
Bandwidth: 125
SpreadFactor: 7
Bitrate: 0
CodeRate: 4/5
SNR: 10.2
RSSI: -97
Power: -
Payload(b64): Q1VTVE9NTUVTU0FHRVRFU1RGT1JHUklEQUNUSVZBVElPTg==
Payload(hex): 435553544f4d4d45535341474554455354464f524752494441435449564154494f4e
JSON: {""text"":""CUSTOMMESSAGETESTFORGRIDACTIVATION""}
MIC: d4bf8b58",29-06-1376.csv,,29-06-1376,1376,,[1376],[1376],['R1376'],2026-06-29,2026-06-29 15:40:55+02:00,-97.0,10.2,0770d40a,24E124FFFEFE11C4,24E124C0002A0001,24E124445E318071,Class C,-,3043507508,UpCnf,false,false,false,2465,86,LORA,125,7,0,4/5,10.2,-97,-,Q1VTVE9NTUVTU0FHRVRFU1RGT1JHUklEQUNUSVZBVElPTg==,435553544f4d4d45535341474554455354464f524752494441435449564154494f4e,"{""text"":""CUSTOMMESSAGETESTFORGRIDACTIVATION""}",d4bf8b58,86.0,435553544f4d4d45535341474554455354464f524752494441435449564154494f4e,{'text': 'CUSTOMMESSAGETESTFORGRIDACTIVATION'},,CUSTOMMESSAGETESTFORGRIDACTIVATION,['R1376'],R1376,['R1376'],['2026-06-29_R1376_01'],['R1376'],True,2026-06-29,True,True,2026-06-29_R1376_01,2026-06-29,R1376,1,7,assigned_manual_window,True,0.0,False,7,83.816,27.1,2026-06-29 15:40:20+02:00,2026-06-29 15:40:20+02:00,2026-06-29 15:41:44+02:00,False,False,,16,36,20,1,2446,2481,0.4444444444444444,0.5555555555555556,0.5555555555555556,group_7
24E124445E318071,24E124FFFEFE11C4,868300000,SF7BW125, -94/11.5,34,2468,UpCnf,2026-06-29 13:41:00+00:00,"Dev Addr/Multicast Addr: 0770d40a
GwEUI: 24E124FFFEFE11C4
AppEUI: 24E124C0002A0001
Device EUI/Group Name: 24E124445E318071
Class Type: Class C
Immediately: -
Timestamp: 3048510586
Type: UpCnf
Adr: false
AdrAcKReq: false
Ack: false
Fcnt: 2468
Port: 86
Modulation: LORA
Bandwidth: 125
SpreadFactor: 7
Bitrate: 0
CodeRate: 4/5
SNR: 11.5
RSSI: -94
Power: -
Payload(b64): Q1VTVE9NTUVTU0FHRVRFU1RGT1JHUklEQUNUSVZBVElPTg==
Payload(hex): 435553544f4d4d45535341474554455354464f524752494441435449564154494f4e
JSON: {""text"":""CUSTOMMESSAGETESTFORGRIDACTIVATION""}
MIC: 2c6c6279",29-06-1376.csv,,29-06-1376,1376,,[1376],[1376],['R1376'],2026-06-29,2026-06-29 15:41:00+02:00,-94.0,11.5,0770d40a,24E124FFFEFE11C4,24E124C0002A0001,24E124445E318071,Class C,-,3048510586,UpCnf,false,false,false,2468,86,LORA,125,7,0,4/5,11.5,-94,-,Q1VTVE9NTUVTU0FHRVRFU1RGT1JHUklEQUNUSVZBVElPTg==,435553544f4d4d45535341474554455354464f524752494441435449564154494f4e,"{""text"":""CUSTOMMESSAGETESTFORGRIDACTIVATION""}",2c6c6279,86.0,435553544f4d4d45535341474554455354464f524752494441435449564154494f4e,{'text': 'CUSTOMMESSAGETESTFORGRIDACTIVATION'},,CUSTOMMESSAGETESTFORGRIDACTIVATION,['R1376'],R1376,['R1376'],['2026-06-29_R1376_01'],['R1376'],True,2026-06-29,True,True,2026-06-29_R1376_01,2026-06-29,R1376,1,7,assigned_manual_window,True,0.0,False,7,83.816,27.1,2026-06-29 15:40:20+02:00,2026-06-29 15:40:20+02:00,2026-06-29 15:41:44+02:00,False,False,,16,36,20,1,2446,2481,0.4444444444444444,0.5555555555555556,0.5555555555555556,group_7
24E124445E318071,24E124FFFEFE11C4,868500000,SF7BW125, -96/9.5,34,2470,UpCnf,2026-06-29 13:41:03+00:00,"Dev Addr/Multicast Addr: 0770d40a
GwEUI: 24E124FFFEFE11C4
AppEUI: 24E124C0002A0001
Device EUI/Group Name: 24E124445E318071
Class Type: Class C
Immediately: -
Timestamp: 3051288547
Type: UpCnf
Adr: false
AdrAcKReq: false
Ack: false
Fcnt: 2470
Port: 86
Modulation: LORA
Bandwidth: 125
SpreadFactor: 7
Bitrate: 0
CodeRate: 4/5
SNR: 9.5
RSSI: -96
Power: -
Payload(b64): Q1VTVE9NTUVTU0FHRVRFU1RGT1JHUklEQUNUSVZBVElPTg==
Payload(hex): 435553544f4d4d45535341474554455354464f524752494441435449564154494f4e
JSON: {""text"":""CUSTOMMESSAGETESTFORGRIDACTIVATION""}
MIC: b5cd8936",29-06-1376.csv,,29-06-1376,1376,,[1376],[1376],['R1376'],2026-06-29,2026-06-29 15:41:03+02:00,-96.0,9.5,0770d40a,24E124FFFEFE11C4,24E124C0002A0001,24E124445E318071,Class C,-,3051288547,UpCnf,false,false,false,2470,86,LORA,125,7,0,4/5,9.5,-96,-,Q1VTVE9NTUVTU0FHRVRFU1RGT1JHUklEQUNUSVZBVElPTg==,435553544f4d4d45535341474554455354464f524752494441435449564154494f4e,"{""text"":""CUSTOMMESSAGETESTFORGRIDACTIVATION""}",b5cd8936,86.0,435553544f4d4d45535341474554455354464f524752494441435449564154494f4e,{'text': 'CUSTOMMESSAGETESTFORGRIDACTIVATION'},,CUSTOMMESSAGETESTFORGRIDACTIVATION,['R1376'],R1376,['R1376'],['2026-06-29_R1376_01'],['R1376'],True,2026-06-29,True,True,2026-06-29_R1376_01,2026-06-29,R1376,1,7,assigned_manual_window,True,0.0,False,7,83.816,27.1,2026-06-29 15:40:20+02:00,2026-06-29 15:40:20+02:00,2026-06-29 15:41:44+02:00,False,False,,16,36,20,1,2446,2481,0.4444444444444444,0.5555555555555556,0.5555555555555556,group_7
24E124445E318071,24E124FFFEFE11C4,868100000,SF7BW125, -95/11.2,34,2473,UpCnf,2026-06-29 13:41:08+00:00,"Dev Addr/Multicast Addr: 0770d40a
GwEUI: 24E124FFFEFE11C4
AppEUI: 24E124C0002A0001
Device EUI/Group Name: 24E124445E318071
Class Type: Class C
Immediately: -
Timestamp: 3056842547
Type: UpCnf
Adr: false
AdrAcKReq: false
Ack: false
Fcnt: 2473
Port: 86
Modulation: LORA
Bandwidth: 125
SpreadFactor: 7
Bitrate: 0
CodeRate: 4/5
SNR: 11.2
RSSI: -95
Power: -
Payload(b64): Q1VTVE9NTUVTU0FHRVRFU1RGT1JHUklEQUNUSVZBVElPTg==
Payload(hex): 435553544f4d4d45535341474554455354464f524752494441435449564154494f4e
JSON: {""text"":""CUSTOMMESSAGETESTFORGRIDACTIVATION""}
MIC: 641ff508",29-06-1376.csv,,29-06-1376,1376,,[1376],[1376],['R1376'],2026-06-29,2026-06-29 15:41:08+02:00,-95.0,11.2,0770d40a,24E124FFFEFE11C4,24E124C0002A0001,24E124445E318071,Class C,-,3056842547,UpCnf,false,false,false,2473,86,LORA,125,7,0,4/5,11.2,-95,-,Q1VTVE9NTUVTU0FHRVRFU1RGT1JHUklEQUNUSVZBVElPTg==,435553544f4d4d45535341474554455354464f524752494441435449564154494f4e,"{""text"":""CUSTOMMESSAGETESTFORGRIDACTIVATION""}",641ff508,86.0,435553544f4d4d45535341474554455354464f524752494441435449564154494f4e,{'text': 'CUSTOMMESSAGETESTFORGRIDACTIVATION'},,CUSTOMMESSAGETESTFORGRIDACTIVATION,['R1376'],R1376,['R1376'],['2026-06-29_R1376_01'],['R1376'],True,2026-06-29,True,True,2026-06-29_R1376_01,2026-06-29,R1376,1,7,assigned_manual_window,True,0.0,False,7,83.816,27.1,2026-06-29 15:40:20+02:00,2026-06-29 15:40:20+02:00,2026-06-29 15:41:44+02:00,False,False,,16,36,20,1,2446,2481,0.4444444444444444,0.5555555555555556,0.5555555555555556,group_7
24E124445E318071,24E124FFFEFE11C4,868100000,SF7BW125, -95/11.5,34,2473,UpCnf,2026-06-29 13:41:12+00:00,"Dev Addr/Multicast Addr: 0770d40a
GwEUI: 24E124FFFEFE11C4
AppEUI: 24E124C0002A0001
Device EUI/Group Name: 24E124445E318071
Class Type: Class C
Immediately: -
Timestamp: 3060664638
Type: UpCnf
Adr: false
AdrAcKReq: false
Ack: false
Fcnt: 2473
Port: 86
Modulation: LORA
Bandwidth: 125
SpreadFactor: 7
Bitrate: 0
CodeRate: 4/5
SNR: 11.5
RSSI: -95
Power: -
Payload(b64): Q1VTVE9NTUVTU0FHRVRFU1RGT1JHUklEQUNUSVZBVElPTg==
Payload(hex): 435553544f4d4d45535341474554455354464f524752494441435449564154494f4e
JSON: {""text"":""CUSTOMMESSAGETESTFORGRIDACTIVATION""}
MIC: 641ff508",29-06-1376.csv,,29-06-1376,1376,,[1376],[1376],['R1376'],2026-06-29,2026-06-29 15:41:12+02:00,-95.0,11.5,0770d40a,24E124FFFEFE11C4,24E124C0002A0001,24E124445E318071,Class C,-,3060664638,UpCnf,false,false,false,2473,86,LORA,125,7,0,4/5,11.5,-95,-,Q1VTVE9NTUVTU0FHRVRFU1RGT1JHUklEQUNUSVZBVElPTg==,435553544f4d4d45535341474554455354464f524752494441435449564154494f4e,"{""text"":""CUSTOMMESSAGETESTFORGRIDACTIVATION""}",641ff508,86.0,435553544f4d4d45535341474554455354464f524752494441435449564154494f4e,{'text': 'CUSTOMMESSAGETESTFORGRIDACTIVATION'},,CUSTOMMESSAGETESTFORGRIDACTIVATION,['R1376'],R1376,['R1376'],['2026-06-29_R1376_01'],['R1376'],True,2026-06-29,True,True,2026-06-29_R1376_01,2026-06-29,R1376,1,7,assigned_manual_window,True,0.0,False,7,83.816,27.1,2026-06-29 15:40:20+02:00,2026-06-29 15:40:20+02:00,2026-06-29 15:41:44+02:00,False,False,,16,36,20,1,2446,2481,0.4444444444444444,0.5555555555555556,0.5555555555555556,group_7
24E124445E318071,24E124FFFEFE11C4,868300000,SF7BW125, -94/10.5,34,2475,UpCnf,2026-06-29 13:41:16+00:00,"Dev Addr/Multicast Addr: 0770d40a
GwEUI: 24E124FFFEFE11C4
AppEUI: 24E124C0002A0001
Device EUI/Group Name: 24E124445E318071
Class Type: Class C
Immediately: -
Timestamp: 3064581546
Type: UpCnf
Adr: false
AdrAcKReq: false
Ack: false
Fcnt: 2475
Port: 86
Modulation: LORA
Bandwidth: 125
SpreadFactor: 7
Bitrate: 0
CodeRate: 4/5
SNR: 10.5
RSSI: -94
Power: -
Payload(b64): Q1VTVE9NTUVTU0FHRVRFU1RGT1JHUklEQUNUSVZBVElPTg==
Payload(hex): 435553544f4d4d45535341474554455354464f524752494441435449564154494f4e
JSON: {""text"":""CUSTOMMESSAGETESTFORGRIDACTIVATION""}
MIC: b0a59b23",29-06-1376.csv,,29-06-1376,1376,,[1376],[1376],['R1376'],2026-06-29,2026-06-29 15:41:16+02:00,-94.0,10.5,0770d40a,24E124FFFEFE11C4,24E124C0002A0001,24E124445E318071,Class C,-,3064581546,UpCnf,false,false,false,2475,86,LORA,125,7,0,4/5,10.5,-94,-,Q1VTVE9NTUVTU0FHRVRFU1RGT1JHUklEQUNUSVZBVElPTg==,435553544f4d4d45535341474554455354464f524752494441435449564154494f4e,"{""text"":""CUSTOMMESSAGETESTFORGRIDACTIVATION""}",b0a59b23,86.0,435553544f4d4d45535341474554455354464f524752494441435449564154494f4e,{'text': 'CUSTOMMESSAGETESTFORGRIDACTIVATION'},,CUSTOMMESSAGETESTFORGRIDACTIVATION,['R1376'],R1376,['R1376'],['2026-06-29_R1376_01'],['R1376'],True,2026-06-29,True,True,2026-06-29_R1376_01,2026-06-29,R1376,1,7,assigned_manual_window,True,0.0,False,7,83.816,27.1,2026-06-29 15:40:20+02:00,2026-06-29 15:40:20+02:00,2026-06-29 15:41:44+02:00,False,False,,16,36,20,1,2446,2481,0.4444444444444444,0.5555555555555556,0.5555555555555556,group_7
24E124445E318071,24E124FFFEFE11C4,868100000,SF7BW125, -94/11.8,34,2477,UpCnf,2026-06-29 13:41:19+00:00,"Dev Addr/Multicast Addr: 0770d40a
GwEUI: 24E124FFFEFE11C4
AppEUI: 24E124C0002A0001
Device EUI/Group Name: 24E124445E318071
Class Type: Class C
Immediately: -
Timestamp: 3067998911
Type: UpCnf
Adr: false
AdrAcKReq: false
Ack: false
Fcnt: 2477
Port: 86
Modulation: LORA
Bandwidth: 125
SpreadFactor: 7
Bitrate: 0
CodeRate: 4/5
SNR: 11.8
RSSI: -94
Power: -
Payload(b64): Q1VTVE9NTUVTU0FHRVRFU1RGT1JHUklEQUNUSVZBVElPTg==
Payload(hex): 435553544f4d4d45535341474554455354464f524752494441435449564154494f4e
JSON: {""text"":""CUSTOMMESSAGETESTFORGRIDACTIVATION""}
MIC: 5a4defe9",29-06-1376.csv,,29-06-1376,1376,,[1376],[1376],['R1376'],2026-06-29,2026-06-29 15:41:19+02:00,-94.0,11.8,0770d40a,24E124FFFEFE11C4,24E124C0002A0001,24E124445E318071,Class C,-,3067998911,UpCnf,false,false,false,2477,86,LORA,125,7,0,4/5,11.8,-94,-,Q1VTVE9NTUVTU0FHRVRFU1RGT1JHUklEQUNUSVZBVElPTg==,435553544f4d4d45535341474554455354464f524752494441435449564154494f4e,"{""text"":""CUSTOMMESSAGETESTFORGRIDACTIVATION""}",5a4defe9,86.0,435553544f4d4d45535341474554455354464f524752494441435449564154494f4e,{'text': 'CUSTOMMESSAGETESTFORGRIDACTIVATION'},,CUSTOMMESSAGETESTFORGRIDACTIVATION,['R1376'],R1376,['R1376'],['2026-06-29_R1376_01'],['R1376'],True,2026-06-29,True,True,2026-06-29_R1376_01,2026-06-29,R1376,1,7,assigned_manual_window,True,0.0,False,7,83.816,27.1,2026-06-29 15:40:20+02:00,2026-06-29 15:40:20+02:00,2026-06-29 15:41:44+02:00,False,False,,16,36,20,1,2446,2481,0.4444444444444444,0.5555555555555556,0.5555555555555556,group_7
24E124445E318071,24E124FFFEFE11C4,868100000,SF7BW125, -94/12.2,34,2478,UpCnf,2026-06-29 13:41:21+00:00,"Dev Addr/Multicast Addr: 0770d40a
GwEUI: 24E124FFFEFE11C4
AppEUI: 24E124C0002A0001
Device EUI/Group Name: 24E124445E318071
Class Type: Class C
Immediately: -
Timestamp: 3069419516
Type: UpCnf
Adr: false
AdrAcKReq: false
Ack: false
Fcnt: 2478
Port: 86
Modulation: LORA
Bandwidth: 125
SpreadFactor: 7
Bitrate: 0
CodeRate: 4/5
SNR: 12.2
RSSI: -94
Power: -
Payload(b64): Q1VTVE9NTUVTU0FHRVRFU1RGT1JHUklEQUNUSVZBVElPTg==
Payload(hex): 435553544f4d4d45535341474554455354464f524752494441435449564154494f4e
JSON: {""text"":""CUSTOMMESSAGETESTFORGRIDACTIVATION""}
MIC: 8106f9a0",29-06-1376.csv,,29-06-1376,1376,,[1376],[1376],['R1376'],2026-06-29,2026-06-29 15:41:21+02:00,-94.0,12.2,0770d40a,24E124FFFEFE11C4,24E124C0002A0001,24E124445E318071,Class C,-,3069419516,UpCnf,false,false,false,2478,86,LORA,125,7,0,4/5,12.2,-94,-,Q1VTVE9NTUVTU0FHRVRFU1RGT1JHUklEQUNUSVZBVElPTg==,435553544f4d4d45535341474554455354464f524752494441435449564154494f4e,"{""text"":""CUSTOMMESSAGETESTFORGRIDACTIVATION""}",8106f9a0,86.0,435553544f4d4d45535341474554455354464f524752494441435449564154494f4e,{'text': 'CUSTOMMESSAGETESTFORGRIDACTIVATION'},,CUSTOMMESSAGETESTFORGRIDACTIVATION,['R1376'],R1376,['R1376'],['2026-06-29_R1376_01'],['R1376'],True,2026-06-29,True,True,2026-06-29_R1376_01,2026-06-29,R1376,1,7,assigned_manual_window,True,0.0,False,7,83.816,27.1,2026-06-29 15:40:20+02:00,2026-06-29 15:40:20+02:00,2026-06-29 15:41:44+02:00,False,False,,16,36,20,1,2446,2481,0.4444444444444444,0.5555555555555556,0.5555555555555556,group_7
24E124445E318071,24E124FFFEFE11C4,868100000,SF7BW125, -94/12.0,34,2481,UpCnf,2026-06-29 13:41:27+00:00,"Dev Addr/Multicast Addr: 0770d40a
GwEUI: 24E124FFFEFE11C4
AppEUI: 24E124C0002A0001
Device EUI/Group Name: 24E124445E318071
Class Type: Class C
Immediately: -
Timestamp: 3075112973
Type: UpCnf
Adr: false
AdrAcKReq: false
Ack: false
Fcnt: 2481
Port: 86
Modulation: LORA
Bandwidth: 125
SpreadFactor: 7
Bitrate: 0
CodeRate: 4/5
SNR: 12.0
RSSI: -94
Power: -
Payload(b64): Q1VTVE9NTUVTU0FHRVRFU1RGT1JHUklEQUNUSVZBVElPTg==
Payload(hex): 435553544f4d4d45535341474554455354464f524752494441435449564154494f4e
JSON: {""text"":""CUSTOMMESSAGETESTFORGRIDACTIVATION""}
MIC: 951ad63a",29-06-1376.csv,,29-06-1376,1376,,[1376],[1376],['R1376'],2026-06-29,2026-06-29 15:41:27+02:00,-94.0,12.0,0770d40a,24E124FFFEFE11C4,24E124C0002A0001,24E124445E318071,Class C,-,3075112973,UpCnf,false,false,false,2481,86,LORA,125,7,0,4/5,12.0,-94,-,Q1VTVE9NTUVTU0FHRVRFU1RGT1JHUklEQUNUSVZBVElPTg==,435553544f4d4d45535341474554455354464f524752494441435449564154494f4e,"{""text"":""CUSTOMMESSAGETESTFORGRIDACTIVATION""}",951ad63a,86.0,435553544f4d4d45535341474554455354464f524752494441435449564154494f4e,{'text': 'CUSTOMMESSAGETESTFORGRIDACTIVATION'},,CUSTOMMESSAGETESTFORGRIDACTIVATION,['R1376'],R1376,['R1376'],['2026-06-29_R1376_01'],['R1376'],True,2026-06-29,True,True,2026-06-29_R1376_01,2026-06-29,R1376,1,7,assigned_manual_window,True,0.0,False,7,83.816,27.1,2026-06-29 15:40:20+02:00,2026-06-29 15:40:20+02:00,2026-06-29 15:41:44+02:00,False,False,,16,36,20,1,2446,2481,0.4444444444444444,0.5555555555555556,0.5555555555555556,group_7
24E124445E318071,24E124FFFEFE11C4,868300000,SF7BW125, -90/13.0,34,2659,UpCnf,2026-06-29 13:55:15+00:00,"Dev Addr/Multicast Addr: 0770d40a
GwEUI: 24E124FFFEFE11C4
AppEUI: 24E124C0002A0001
Device EUI/Group Name: 24E124445E318071
Class Type: Class C
Immediately: -
Timestamp: 3903357611
Type: UpCnf
Adr: false
AdrAcKReq: false
Ack: false
Fcnt: 2659
Port: 86
Modulation: LORA
Bandwidth: 125
SpreadFactor: 7
Bitrate: 0
CodeRate: 4/5
SNR: 13.0
RSSI: -90
Power: -
Payload(b64): Q1VTVE9NTUVTU0FHRVRFU1RGT1JHUklEQUNUSVZBVElPTg==
Payload(hex): 435553544f4d4d45535341474554455354464f524752494441435449564154494f4e
JSON: {""text"":""CUSTOMMESSAGETESTFORGRIDACTIVATION""}
MIC: f119e6ff",29-06-1386.csv,,29-06-1386,1386,,[1386],[1386],['R1386'],2026-06-29,2026-06-29 15:55:15+02:00,-90.0,13.0,0770d40a,24E124FFFEFE11C4,24E124C0002A0001,24E124445E318071,Class C,-,3903357611,UpCnf,false,false,false,2659,86,LORA,125,7,0,4/5,13.0,-90,-,Q1VTVE9NTUVTU0FHRVRFU1RGT1JHUklEQUNUSVZBVElPTg==,435553544f4d4d45535341474554455354464f524752494441435449564154494f4e,"{""text"":""CUSTOMMESSAGETESTFORGRIDACTIVATION""}",f119e6ff,86.0,435553544f4d4d45535341474554455354464f524752494441435449564154494f4e,{'text': 'CUSTOMMESSAGETESTFORGRIDACTIVATION'},,CUSTOMMESSAGETESTFORGRIDACTIVATION,['R1386'],R1386,['R1386'],['2026-06-29_R1386_01'],['R1386'],True,2026-06-29,True,True,2026-06-29_R1386_01,2026-06-29,R1386,1,7,assigned_manual_window,True,0.0,False,7,83.816,38.1,2026-06-29 15:55:12+02:00,2026-06-29 15:55:12+02:00,2026-06-29 15:56:37+02:00,False,False,,20,37,17,0,2659,2695,0.5405405405405406,0.4594594594594595,0.4594594594594595,group_7
24E124445E318071,24E124FFFEFE11C4,868300000,SF7BW125, -90/12.0,34,2661,UpCnf,2026-06-29 13:55:22+00:00,"Dev Addr/Multicast Addr: 0770d40a
GwEUI: 24E124FFFEFE11C4
AppEUI: 24E124C0002A0001
Device EUI/Group Name: 24E124445E318071
Class Type: Class C
Immediately: -
Timestamp: 3910494944
Type: UpCnf
Adr: false
AdrAcKReq: false
Ack: false
Fcnt: 2661
Port: 86
Modulation: LORA
Bandwidth: 125
SpreadFactor: 7
Bitrate: 0
CodeRate: 4/5
SNR: 12.0
RSSI: -90
Power: -
Payload(b64): Q1VTVE9NTUVTU0FHRVRFU1RGT1JHUklEQUNUSVZBVElPTg==
Payload(hex): 435553544f4d4d45535341474554455354464f524752494441435449564154494f4e
JSON: {""text"":""CUSTOMMESSAGETESTFORGRIDACTIVATION""}
MIC: c4446503",29-06-1386.csv,,29-06-1386,1386,,[1386],[1386],['R1386'],2026-06-29,2026-06-29 15:55:22+02:00,-90.0,12.0,0770d40a,24E124FFFEFE11C4,24E124C0002A0001,24E124445E318071,Class C,-,3910494944,UpCnf,false,false,false,2661,86,LORA,125,7,0,4/5,12.0,-90,-,Q1VTVE9NTUVTU0FHRVRFU1RGT1JHUklEQUNUSVZBVElPTg==,435553544f4d4d45535341474554455354464f524752494441435449564154494f4e,"{""text"":""CUSTOMMESSAGETESTFORGRIDACTIVATION""}",c4446503,86.0,435553544f4d4d45535341474554455354464f524752494441435449564154494f4e,{'text': 'CUSTOMMESSAGETESTFORGRIDACTIVATION'},,CUSTOMMESSAGETESTFORGRIDACTIVATION,['R1386'],R1386,['R1386'],['2026-06-29_R1386_01'],['R1386'],True,2026-06-29,True,True,2026-06-29_R1386_01,2026-06-29,R1386,1,7,assigned_manual_window,True,0.0,False,7,83.816,38.1,2026-06-29 15:55:12+02:00,2026-06-29 15:55:12+02:00,2026-06-29 15:56:37+02:00,False,False,,20,37,17,0,2659,2695,0.5405405405405406,0.4594594594594595,0.4594594594594595,group_7
24E124445E318071,24E124FFFEFE11C4,868500000,SF7BW125, -90/11.0,34,2663,UpCnf,2026-06-29 13:55:25+00:00,"Dev Addr/Multicast Addr: 0770d40a
GwEUI: 24E124FFFEFE11C4
AppEUI: 24E124C0002A0001
Device EUI/Group Name: 24E124445E318071
Class Type: Class C
Immediately: -
Timestamp: 3913382619
Type: UpCnf
Adr: false
AdrAcKReq: false
Ack: false
Fcnt: 2663
Port: 86
Modulation: LORA
Bandwidth: 125
SpreadFactor: 7
Bitrate: 0
CodeRate: 4/5
SNR: 11.0
RSSI: -90
Power: -
Payload(b64): Q1VTVE9NTUVTU0FHRVRFU1RGT1JHUklEQUNUSVZBVElPTg==
Payload(hex): 435553544f4d4d45535341474554455354464f524752494441435449564154494f4e
JSON: {""text"":""CUSTOMMESSAGETESTFORGRIDACTIVATION""}
MIC: f72a00c5",29-06-1386.csv,,29-06-1386,1386,,[1386],[1386],['R1386'],2026-06-29,2026-06-29 15:55:25+02:00,-90.0,11.0,0770d40a,24E124FFFEFE11C4,24E124C0002A0001,24E124445E318071,Class C,-,3913382619,UpCnf,false,false,false,2663,86,LORA,125,7,0,4/5,11.0,-90,-,Q1VTVE9NTUVTU0FHRVRFU1RGT1JHUklEQUNUSVZBVElPTg==,435553544f4d4d45535341474554455354464f524752494441435449564154494f4e,"{""text"":""CUSTOMMESSAGETESTFORGRIDACTIVATION""}",f72a00c5,86.0,435553544f4d4d45535341474554455354464f524752494441435449564154494f4e,{'text': 'CUSTOMMESSAGETESTFORGRIDACTIVATION'},,CUSTOMMESSAGETESTFORGRIDACTIVATION,['R1386'],R1386,['R1386'],['2026-06-29_R1386_01'],['R1386'],True,2026-06-29,True,True,2026-06-29_R1386_01,2026-06-29,R1386,1,7,assigned_manual_window,True,0.0,False,7,83.816,38.1,2026-06-29 15:55:12+02:00,2026-06-29 15:55:12+02:00,2026-06-29 15:56:37+02:00,False,False,,20,37,17,0,2659,2695,0.5405405405405406,0.4594594594594595,0.4594594594594595,group_7
24E124445E318071,24E124FFFEFE11C4,868500000,SF7BW125, -90/11.2,34,2665,UpCnf,2026-06-29 13:55:28+00:00,"Dev Addr/Multicast Addr: 0770d40a
GwEUI: 24E124FFFEFE11C4
AppEUI: 24E124C0002A0001
Device EUI/Group Name: 24E124445E318071
Class Type: Class C
Immediately: -
Timestamp: 3917067654
Type: UpCnf
Adr: false
AdrAcKReq: false
Ack: false
Fcnt: 2665
Port: 86
Modulation: LORA
Bandwidth: 125
SpreadFactor: 7
Bitrate: 0
CodeRate: 4/5
SNR: 11.2
RSSI: -90
Power: -
Payload(b64): Q1VTVE9NTUVTU0FHRVRFU1RGT1JHUklEQUNUSVZBVElPTg==
Payload(hex): 435553544f4d4d45535341474554455354464f524752494441435449564154494f4e
JSON: {""text"":""CUSTOMMESSAGETESTFORGRIDACTIVATION""}
MIC: 10bd35ef",29-06-1386.csv,,29-06-1386,1386,,[1386],[1386],['R1386'],2026-06-29,2026-06-29 15:55:28+02:00,-90.0,11.2,0770d40a,24E124FFFEFE11C4,24E124C0002A0001,24E124445E318071,Class C,-,3917067654,UpCnf,false,false,false,2665,86,LORA,125,7,0,4/5,11.2,-90,-,Q1VTVE9NTUVTU0FHRVRFU1RGT1JHUklEQUNUSVZBVElPTg==,435553544f4d4d45535341474554455354464f524752494441435449564154494f4e,"{""text"":""CUSTOMMESSAGETESTFORGRIDACTIVATION""}",10bd35ef,86.0,435553544f4d4d45535341474554455354464f524752494441435449564154494f4e,{'text': 'CUSTOMMESSAGETESTFORGRIDACTIVATION'},,CUSTOMMESSAGETESTFORGRIDACTIVATION,['R1386'],R1386,['R1386'],['2026-06-29_R1386_01'],['R1386'],True,2026-06-29,True,True,2026-06-29_R1386_01,2026-06-29,R1386,1,7,assigned_manual_window,True,0.0,False,7,83.816,38.1,2026-06-29 15:55:12+02:00,2026-06-29 15:55:12+02:00,2026-06-29 15:56:37+02:00,False,False,,20,37,17,0,2659,2695,0.5405405405405406,0.4594594594594595,0.4594594594594595,group_7
24E124445E318071,24E124FFFEFE11C4,868300000,SF7BW125, -88/13.0,34,2667,UpCnf,2026-06-29 13:55:31+00:00,"Dev Addr/Multicast Addr: 0770d40a
GwEUI: 24E124FFFEFE11C4
AppEUI: 24E124C0002A0001
Device EUI/Group Name: 24E124445E318071
Class Type: Class C
Immediately: -
Timestamp: 3919857580
Type: UpCnf
Adr: false
AdrAcKReq: false
Ack: false
Fcnt: 2667
Port: 86
Modulation: LORA
Bandwidth: 125
SpreadFactor: 7
Bitrate: 0
CodeRate: 4/5
SNR: 13.0
RSSI: -88
Power: -
Payload(b64): Q1VTVE9NTUVTU0FHRVRFU1RGT1JHUklEQUNUSVZBVElPTg==
Payload(hex): 435553544f4d4d45535341474554455354464f524752494441435449564154494f4e
JSON: {""text"":""CUSTOMMESSAGETESTFORGRIDACTIVATION""}
MIC: 6648ef07",29-06-1386.csv,,29-06-1386,1386,,[1386],[1386],['R1386'],2026-06-29,2026-06-29 15:55:31+02:00,-88.0,13.0,0770d40a,24E124FFFEFE11C4,24E124C0002A0001,24E124445E318071,Class C,-,3919857580,UpCnf,false,false,false,2667,86,LORA,125,7,0,4/5,13.0,-88,-,Q1VTVE9NTUVTU0FHRVRFU1RGT1JHUklEQUNUSVZBVElPTg==,435553544f4d4d45535341474554455354464f524752494441435449564154494f4e,"{""text"":""CUSTOMMESSAGETESTFORGRIDACTIVATION""}",6648ef07,86.0,435553544f4d4d45535341474554455354464f524752494441435449564154494f4e,{'text': 'CUSTOMMESSAGETESTFORGRIDACTIVATION'},,CUSTOMMESSAGETESTFORGRIDACTIVATION,['R1386'],R1386,['R1386'],['2026-06-29_R1386_01'],['R1386'],True,2026-06-29,True,True,2026-06-29_R1386_01,2026-06-29,R1386,1,7,assigned_manual_window,True,0.0,False,7,83.816,38.1,2026-06-29 15:55:12+02:00,2026-06-29 15:55:12+02:00,2026-06-29 15:56:37+02:00,False,False,,20,37,17,0,2659,2695,0.5405405405405406,0.4594594594594595,0.4594594594594595,group_7
24E124445E318071,24E124FFFEFE11C4,868500000,SF7BW125, -88/10.8,34,2670,UpCnf,2026-06-29 13:55:36+00:00,"Dev Addr/Multicast Addr: 0770d40a
GwEUI: 24E124FFFEFE11C4
AppEUI: 24E124C0002A0001
Device EUI/Group Name: 24E124445E318071
Class Type: Class C
Immediately: -
Timestamp: 3924645643
Type: UpCnf
Adr: false
AdrAcKReq: false
Ack: false
Fcnt: 2670
Port: 86
Modulation: LORA
Bandwidth: 125
SpreadFactor: 7
Bitrate: 0
CodeRate: 4/5
SNR: 10.8
RSSI: -88
Power: -
Payload(b64): Q1VTVE9NTUVTU0FHRVRFU1RGT1JHUklEQUNUSVZBVElPTg==
Payload(hex): 435553544f4d4d45535341474554455354464f524752494441435449564154494f4e
JSON: {""text"":""CUSTOMMESSAGETESTFORGRIDACTIVATION""}
MIC: ac79bbef",29-06-1386.csv,,29-06-1386,1386,,[1386],[1386],['R1386'],2026-06-29,2026-06-29 15:55:36+02:00,-88.0,10.8,0770d40a,24E124FFFEFE11C4,24E124C0002A0001,24E124445E318071,Class C,-,3924645643,UpCnf,false,false,false,2670,86,LORA,125,7,0,4/5,10.8,-88,-,Q1VTVE9NTUVTU0FHRVRFU1RGT1JHUklEQUNUSVZBVElPTg==,435553544f4d4d45535341474554455354464f524752494441435449564154494f4e,"{""text"":""CUSTOMMESSAGETESTFORGRIDACTIVATION""}",ac79bbef,86.0,435553544f4d4d45535341474554455354464f524752494441435449564154494f4e,{'text': 'CUSTOMMESSAGETESTFORGRIDACTIVATION'},,CUSTOMMESSAGETESTFORGRIDACTIVATION,['R1386'],R1386,['R1386'],['2026-06-29_R1386_01'],['R1386'],True,2026-06-29,True,True,2026-06-29_R1386_01,2026-06-29,R1386,1,7,assigned_manual_window,True,0.0,False,7,83.816,38.1,2026-06-29 15:55:12+02:00,2026-06-29 15:55:12+02:00,2026-06-29 15:56:37+02:00,False,False,,20,37,17,0,2659,2695,0.5405405405405406,0.4594594594594595,0.4594594594594595,group_7
24E124445E318071,24E124FFFEFE11C4,868100000,SF7BW125, -88/13.0,34,2673,UpCnf,2026-06-29 13:55:41+00:00,"Dev Addr/Multicast Addr: 0770d40a
GwEUI: 24E124FFFEFE11C4
AppEUI: 24E124C0002A0001
Device EUI/Group Name: 24E124445E318071
Class Type: Class C
Immediately: -
Timestamp: 3929670161
Type: UpCnf
Adr: false
AdrAcKReq: false
Ack: false
Fcnt: 2673
Port: 86
Modulation: LORA
Bandwidth: 125
SpreadFactor: 7
Bitrate: 0
CodeRate: 4/5
SNR: 13.0
RSSI: -88
Power: -
Payload(b64): Q1VTVE9NTUVTU0FHRVRFU1RGT1JHUklEQUNUSVZBVElPTg==
Payload(hex): 435553544f4d4d45535341474554455354464f524752494441435449564154494f4e
JSON: {""text"":""CUSTOMMESSAGETESTFORGRIDACTIVATION""}
MIC: 57d7394d",29-06-1386.csv,,29-06-1386,1386,,[1386],[1386],['R1386'],2026-06-29,2026-06-29 15:55:41+02:00,-88.0,13.0,0770d40a,24E124FFFEFE11C4,24E124C0002A0001,24E124445E318071,Class C,-,3929670161,UpCnf,false,false,false,2673,86,LORA,125,7,0,4/5,13.0,-88,-,Q1VTVE9NTUVTU0FHRVRFU1RGT1JHUklEQUNUSVZBVElPTg==,435553544f4d4d45535341474554455354464f524752494441435449564154494f4e,"{""text"":""CUSTOMMESSAGETESTFORGRIDACTIVATION""}",57d7394d,86.0,435553544f4d4d45535341474554455354464f524752494441435449564154494f4e,{'text': 'CUSTOMMESSAGETESTFORGRIDACTIVATION'},,CUSTOMMESSAGETESTFORGRIDACTIVATION,['R1386'],R1386,['R1386'],['2026-06-29_R1386_01'],['R1386'],True,2026-06-29,True,True,2026-06-29_R1386_01,2026-06-29,R1386,1,7,assigned_manual_window,True,0.0,False,7,83.816,38.1,2026-06-29 15:55:12+02:00,2026-06-29 15:55:12+02:00,2026-06-29 15:56:37+02:00,False,False,,20,37,17,0,2659,2695,0.5405405405405406,0.4594594594594595,0.4594594594594595,group_7
24E124445E318071,24E124FFFEFE11C4,868500000,SF7BW125, -88/11.5,34,2675,UpCnf,2026-06-29 13:55:44+00:00,"Dev Addr/Multicast Addr: 0770d40a
GwEUI: 24E124FFFEFE11C4
AppEUI: 24E124C0002A0001
Device EUI/Group Name: 24E124445E318071
Class Type: Class C
Immediately: -
Timestamp: 3932917653
Type: UpCnf
Adr: false
AdrAcKReq: false
Ack: false
Fcnt: 2675
Port: 86
Modulation: LORA
Bandwidth: 125
SpreadFactor: 7
Bitrate: 0
CodeRate: 4/5
SNR: 11.5
RSSI: -88
Power: -
Payload(b64): Q1VTVE9NTUVTU0FHRVRFU1RGT1JHUklEQUNUSVZBVElPTg==
Payload(hex): 435553544f4d4d45535341474554455354464f524752494441435449564154494f4e
JSON: {""text"":""CUSTOMMESSAGETESTFORGRIDACTIVATION""}
MIC: a9e7e6ce",29-06-1386.csv,,29-06-1386,1386,,[1386],[1386],['R1386'],2026-06-29,2026-06-29 15:55:44+02:00,-88.0,11.5,0770d40a,24E124FFFEFE11C4,24E124C0002A0001,24E124445E318071,Class C,-,3932917653,UpCnf,false,false,false,2675,86,LORA,125,7,0,4/5,11.5,-88,-,Q1VTVE9NTUVTU0FHRVRFU1RGT1JHUklEQUNUSVZBVElPTg==,435553544f4d4d45535341474554455354464f524752494441435449564154494f4e,"{""text"":""CUSTOMMESSAGETESTFORGRIDACTIVATION""}",a9e7e6ce,86.0,435553544f4d4d45535341474554455354464f524752494441435449564154494f4e,{'text': 'CUSTOMMESSAGETESTFORGRIDACTIVATION'},,CUSTOMMESSAGETESTFORGRIDACTIVATION,['R1386'],R1386,['R1386'],['2026-06-29_R1386_01'],['R1386'],True,2026-06-29,True,True,2026-06-29_R1386_01,2026-06-29,R1386,1,7,assigned_manual_window,True,0.0,False,7,83.816,38.1,2026-06-29 15:55:12+02:00,2026-06-29 15:55:12+02:00,2026-06-29 15:56:37+02:00,False,False,,20,37,17,0,2659,2695,0.5405405405405406,0.4594594594594595,0.4594594594594595,group_7
24E124445E318071,24E124FFFEFE11C4,868500000,SF7BW125, -88/11.0,34,2677,UpCnf,2026-06-29 13:55:48+00:00,"Dev Addr/Multicast Addr: 0770d40a
GwEUI: 24E124FFFEFE11C4
AppEUI: 24E124C0002A0001
Device EUI/Group Name: 24E124445E318071
Class Type: Class C
Immediately: -
Timestamp: 3936690672
Type: UpCnf
Adr: false
AdrAcKReq: false
Ack: false
Fcnt: 2677
Port: 86
Modulation: LORA
Bandwidth: 125
SpreadFactor: 7
Bitrate: 0
CodeRate: 4/5
SNR: 11.0
RSSI: -88
Power: -
Payload(b64): Q1VTVE9NTUVTU0FHRVRFU1RGT1JHUklEQUNUSVZBVElPTg==
Payload(hex): 435553544f4d4d45535341474554455354464f524752494441435449564154494f4e
JSON: {""text"":""CUSTOMMESSAGETESTFORGRIDACTIVATION""}
MIC: 841b872e",29-06-1386.csv,,29-06-1386,1386,,[1386],[1386],['R1386'],2026-06-29,2026-06-29 15:55:48+02:00,-88.0,11.0,0770d40a,24E124FFFEFE11C4,24E124C0002A0001,24E124445E318071,Class C,-,3936690672,UpCnf,false,false,false,2677,86,LORA,125,7,0,4/5,11.0,-88,-,Q1VTVE9NTUVTU0FHRVRFU1RGT1JHUklEQUNUSVZBVElPTg==,435553544f4d4d45535341474554455354464f524752494441435449564154494f4e,"{""text"":""CUSTOMMESSAGETESTFORGRIDACTIVATION""}",841b872e,86.0,435553544f4d4d45535341474554455354464f524752494441435449564154494f4e,{'text': 'CUSTOMMESSAGETESTFORGRIDACTIVATION'},,CUSTOMMESSAGETESTFORGRIDACTIVATION,['R1386'],R1386,['R1386'],['2026-06-29_R1386_01'],['R1386'],True,2026-06-29,True,True,2026-06-29_R1386_01,2026-06-29,R1386,1,7,assigned_manual_window,True,0.0,False,7,83.816,38.1,2026-06-29 15:55:12+02:00,2026-06-29 15:55:12+02:00,2026-06-29 15:56:37+02:00,False,False,,20,37,17,0,2659,2695,0.5405405405405406,0.4594594594594595,0.4594594594594595,group_7
24E124445E318071,24E124FFFEFE11C4,868500000,SF7BW125, -87/11.2,34,2679,UpCnf,2026-06-29 13:55:52+00:00,"Dev Addr/Multicast Addr: 0770d40a
GwEUI: 24E124FFFEFE11C4
AppEUI: 24E124C0002A0001
Device EUI/Group Name: 24E124445E318071
Class Type: Class C
Immediately: -
Timestamp: 3940413682
Type: UpCnf
Adr: false
AdrAcKReq: false
Ack: false
Fcnt: 2679
Port: 86
Modulation: LORA
Bandwidth: 125
SpreadFactor: 7
Bitrate: 0
CodeRate: 4/5
SNR: 11.2
RSSI: -87
Power: -
Payload(b64): Q1VTVE9NTUVTU0FHRVRFU1RGT1JHUklEQUNUSVZBVElPTg==
Payload(hex): 435553544f4d4d45535341474554455354464f524752494441435449564154494f4e
JSON: {""text"":""CUSTOMMESSAGETESTFORGRIDACTIVATION""}
MIC: 66b79ea7",29-06-1386.csv,,29-06-1386,1386,,[1386],[1386],['R1386'],2026-06-29,2026-06-29 15:55:52+02:00,-87.0,11.2,0770d40a,24E124FFFEFE11C4,24E124C0002A0001,24E124445E318071,Class C,-,3940413682,UpCnf,false,false,false,2679,86,LORA,125,7,0,4/5,11.2,-87,-,Q1VTVE9NTUVTU0FHRVRFU1RGT1JHUklEQUNUSVZBVElPTg==,435553544f4d4d45535341474554455354464f524752494441435449564154494f4e,"{""text"":""CUSTOMMESSAGETESTFORGRIDACTIVATION""}",66b79ea7,86.0,435553544f4d4d45535341474554455354464f524752494441435449564154494f4e,{'text': 'CUSTOMMESSAGETESTFORGRIDACTIVATION'},,CUSTOMMESSAGETESTFORGRIDACTIVATION,['R1386'],R1386,['R1386'],['2026-06-29_R1386_01'],['R1386'],True,2026-06-29,True,True,2026-06-29_R1386_01,2026-06-29,R1386,1,7,assigned_manual_window,True,0.0,False,7,83.816,38.1,2026-06-29 15:55:12+02:00,2026-06-29 15:55:12+02:00,2026-06-29 15:56:37+02:00,False,False,,20,37,17,0,2659,2695,0.5405405405405406,0.4594594594594595,0.4594594594594595,group_7
24E124445E318071,24E124FFFEFE11C4,868300000,SF7BW125, -88/12.2,34,2681,UpCnf,2026-06-29 13:55:56+00:00,"Dev Addr/Multicast Addr: 0770d40a
GwEUI: 24E124FFFEFE11C4
AppEUI: 24E124C0002A0001
Device EUI/Group Name: 24E124445E318071
Class Type: Class C
Immediately: -
Timestamp: 3944301680
Type: UpCnf
Adr: false
AdrAcKReq: false
Ack: false
Fcnt: 2681
Port: 86
Modulation: LORA
Bandwidth: 125
SpreadFactor: 7
Bitrate: 0
CodeRate: 4/5
SNR: 12.2
RSSI: -88
Power: -
Payload(b64): Q1VTVE9NTUVTU0FHRVRFU1RGT1JHUklEQUNUSVZBVElPTg==
Payload(hex): 435553544f4d4d45535341474554455354464f524752494441435449564154494f4e
JSON: {""text"":""CUSTOMMESSAGETESTFORGRIDACTIVATION""}
MIC: c0611301",29-06-1386.csv,,29-06-1386,1386,,[1386],[1386],['R1386'],2026-06-29,2026-06-29 15:55:56+02:00,-88.0,12.2,0770d40a,24E124FFFEFE11C4,24E124C0002A0001,24E124445E318071,Class C,-,3944301680,UpCnf,false,false,false,2681,86,LORA,125,7,0,4/5,12.2,-88,-,Q1VTVE9NTUVTU0FHRVRFU1RGT1JHUklEQUNUSVZBVElPTg==,435553544f4d4d45535341474554455354464f524752494441435449564154494f4e,"{""text"":""CUSTOMMESSAGETESTFORGRIDACTIVATION""}",c0611301,86.0,435553544f4d4d45535341474554455354464f524752494441435449564154494f4e,{'text': 'CUSTOMMESSAGETESTFORGRIDACTIVATION'},,CUSTOMMESSAGETESTFORGRIDACTIVATION,['R1386'],R1386,['R1386'],['2026-06-29_R1386_01'],['R1386'],True,2026-06-29,True,True,2026-06-29_R1386_01,2026-06-29,R1386,1,7,assigned_manual_window,True,0.0,False,7,83.816,38.1,2026-06-29 15:55:12+02:00,2026-06-29 15:55:12+02:00,2026-06-29 15:56:37+02:00,False,False,,20,37,17,0,2659,2695,0.5405405405405406,0.4594594594594595,0.4594594594594595,group_7
24E124445E318071,24E124FFFEFE11C4,868300000,SF7BW125, -88/13.5,34,2683,UpCnf,2026-06-29 13:55:59+00:00,"Dev Addr/Multicast Addr: 0770d40a
GwEUI: 24E124FFFEFE11C4
AppEUI: 24E124C0002A0001
Device EUI/Group Name: 24E124445E318071
Class Type: Class C
Immediately: -
Timestamp: 3947175673
Type: UpCnf
Adr: false
AdrAcKReq: false
Ack: false
Fcnt: 2683
Port: 86
Modulation: LORA
Bandwidth: 125
SpreadFactor: 7
Bitrate: 0
CodeRate: 4/5
SNR: 13.5
RSSI: -88
Power: -
Payload(b64): Q1VTVE9NTUVTU0FHRVRFU1RGT1JHUklEQUNUSVZBVElPTg==
Payload(hex): 435553544f4d4d45535341474554455354464f524752494441435449564154494f4e
JSON: {""text"":""CUSTOMMESSAGETESTFORGRIDACTIVATION""}
MIC: 4d9e3c00",29-06-1386.csv,,29-06-1386,1386,,[1386],[1386],['R1386'],2026-06-29,2026-06-29 15:55:59+02:00,-88.0,13.5,0770d40a,24E124FFFEFE11C4,24E124C0002A0001,24E124445E318071,Class C,-,3947175673,UpCnf,false,false,false,2683,86,LORA,125,7,0,4/5,13.5,-88,-,Q1VTVE9NTUVTU0FHRVRFU1RGT1JHUklEQUNUSVZBVElPTg==,435553544f4d4d45535341474554455354464f524752494441435449564154494f4e,"{""text"":""CUSTOMMESSAGETESTFORGRIDACTIVATION""}",4d9e3c00,86.0,435553544f4d4d45535341474554455354464f524752494441435449564154494f4e,{'text': 'CUSTOMMESSAGETESTFORGRIDACTIVATION'},,CUSTOMMESSAGETESTFORGRIDACTIVATION,['R1386'],R1386,['R1386'],['2026-06-29_R1386_01'],['R1386'],True,2026-06-29,True,True,2026-06-29_R1386_01,2026-06-29,R1386,1,7,assigned_manual_window,True,0.0,False,7,83.816,38.1,2026-06-29 15:55:12+02:00,2026-06-29 15:55:12+02:00,2026-06-29 15:56:37+02:00,False,False,,20,37,17,0,2659,2695,0.5405405405405406,0.4594594594594595,0.4594594594594595,group_7
24E124445E318071,24E124FFFEFE11C4,868500000,SF7BW125, -88/11.0,34,2685,UpCnf,2026-06-29 13:56:02+00:00,"Dev Addr/Multicast Addr: 0770d40a
GwEUI: 24E124FFFEFE11C4
AppEUI: 24E124C0002A0001
Device EUI/Group Name: 24E124445E318071
Class Type: Class C
Immediately: -
Timestamp: 3950213684
Type: UpCnf
Adr: false
AdrAcKReq: false
Ack: false
Fcnt: 2685
Port: 86
Modulation: LORA
Bandwidth: 125
SpreadFactor: 7
Bitrate: 0
CodeRate: 4/5
SNR: 11.0
RSSI: -88
Power: -
Payload(b64): Q1VTVE9NTUVTU0FHRVRFU1RGT1JHUklEQUNUSVZBVElPTg==
Payload(hex): 435553544f4d4d45535341474554455354464f524752494441435449564154494f4e
JSON: {""text"":""CUSTOMMESSAGETESTFORGRIDACTIVATION""}
MIC: 5ce9f27d",29-06-1386.csv,,29-06-1386,1386,,[1386],[1386],['R1386'],2026-06-29,2026-06-29 15:56:02+02:00,-88.0,11.0,0770d40a,24E124FFFEFE11C4,24E124C0002A0001,24E124445E318071,Class C,-,3950213684,UpCnf,false,false,false,2685,86,LORA,125,7,0,4/5,11.0,-88,-,Q1VTVE9NTUVTU0FHRVRFU1RGT1JHUklEQUNUSVZBVElPTg==,435553544f4d4d45535341474554455354464f524752494441435449564154494f4e,"{""text"":""CUSTOMMESSAGETESTFORGRIDACTIVATION""}",5ce9f27d,86.0,435553544f4d4d45535341474554455354464f524752494441435449564154494f4e,{'text': 'CUSTOMMESSAGETESTFORGRIDACTIVATION'},,CUSTOMMESSAGETESTFORGRIDACTIVATION,['R1386'],R1386,['R1386'],['2026-06-29_R1386_01'],['R1386'],True,2026-06-29,True,True,2026-06-29_R1386_01,2026-06-29,R1386,1,7,assigned_manual_window,True,0.0,False,7,83.816,38.1,2026-06-29 15:55:12+02:00,2026-06-29 15:55:12+02:00,2026-06-29 15:56:37+02:00,False,False,,20,37,17,0,2659,2695,0.5405405405405406,0.4594594594594595,0.4594594594594595,group_7
24E124445E318071,24E124FFFEFE11C4,868500000,SF7BW125, -88/11.2,34,2688,UpCnf,2026-06-29 13:56:06+00:00,"Dev Addr/Multicast Addr: 0770d40a
GwEUI: 24E124FFFEFE11C4
AppEUI: 24E124C0002A0001
Device EUI/Group Name: 24E124445E318071
Class Type: Class C
Immediately: -
Timestamp: 3955037731
Type: UpCnf
Adr: false
AdrAcKReq: false
Ack: false
Fcnt: 2688
Port: 86
Modulation: LORA
Bandwidth: 125
SpreadFactor: 7
Bitrate: 0
CodeRate: 4/5
SNR: 11.2
RSSI: -88
Power: -
Payload(b64): Q1VTVE9NTUVTU0FHRVRFU1RGT1JHUklEQUNUSVZBVElPTg==
Payload(hex): 435553544f4d4d45535341474554455354464f524752494441435449564154494f4e
JSON: {""text"":""CUSTOMMESSAGETESTFORGRIDACTIVATION""}
MIC: 286c9684",29-06-1386.csv,,29-06-1386,1386,,[1386],[1386],['R1386'],2026-06-29,2026-06-29 15:56:06+02:00,-88.0,11.2,0770d40a,24E124FFFEFE11C4,24E124C0002A0001,24E124445E318071,Class C,-,3955037731,UpCnf,false,false,false,2688,86,LORA,125,7,0,4/5,11.2,-88,-,Q1VTVE9NTUVTU0FHRVRFU1RGT1JHUklEQUNUSVZBVElPTg==,435553544f4d4d45535341474554455354464f524752494441435449564154494f4e,"{""text"":""CUSTOMMESSAGETESTFORGRIDACTIVATION""}",286c9684,86.0,435553544f4d4d45535341474554455354464f524752494441435449564154494f4e,{'text': 'CUSTOMMESSAGETESTFORGRIDACTIVATION'},,CUSTOMMESSAGETESTFORGRIDACTIVATION,['R1386'],R1386,['R1386'],['2026-06-29_R1386_01'],['R1386'],True,2026-06-29,True,True,2026-06-29_R1386_01,2026-06-29,R1386,1,7,assigned_manual_window,True,0.0,False,7,83.816,38.1,2026-06-29 15:55:12+02:00,2026-06-29 15:55:12+02:00,2026-06-29 15:56:37+02:00,False,False,,20,37,17,0,2659,2695,0.5405405405405406,0.4594594594594595,0.4594594594594595,group_7
24E124445E318071,24E124FFFEFE11C4,868500000,SF7BW125, -88/11.2,34,2689,UpCnf,2026-06-29 13:56:08+00:00,"Dev Addr/Multicast Addr: 0770d40a
GwEUI: 24E124FFFEFE11C4
AppEUI: 24E124C0002A0001
Device EUI/Group Name: 24E124445E318071
Class Type: Class C
Immediately: -
Timestamp: 3956995676
Type: UpCnf
Adr: false
AdrAcKReq: false
Ack: false
Fcnt: 2689
Port: 86
Modulation: LORA
Bandwidth: 125
SpreadFactor: 7
Bitrate: 0
CodeRate: 4/5
SNR: 11.2
RSSI: -88
Power: -
Payload(b64): Q1VTVE9NTUVTU0FHRVRFU1RGT1JHUklEQUNUSVZBVElPTg==
Payload(hex): 435553544f4d4d45535341474554455354464f524752494441435449564154494f4e
JSON: {""text"":""CUSTOMMESSAGETESTFORGRIDACTIVATION""}
MIC: 5e67c652",29-06-1386.csv,,29-06-1386,1386,,[1386],[1386],['R1386'],2026-06-29,2026-06-29 15:56:08+02:00,-88.0,11.2,0770d40a,24E124FFFEFE11C4,24E124C0002A0001,24E124445E318071,Class C,-,3956995676,UpCnf,false,false,false,2689,86,LORA,125,7,0,4/5,11.2,-88,-,Q1VTVE9NTUVTU0FHRVRFU1RGT1JHUklEQUNUSVZBVElPTg==,435553544f4d4d45535341474554455354464f524752494441435449564154494f4e,"{""text"":""CUSTOMMESSAGETESTFORGRIDACTIVATION""}",5e67c652,86.0,435553544f4d4d45535341474554455354464f524752494441435449564154494f4e,{'text': 'CUSTOMMESSAGETESTFORGRIDACTIVATION'},,CUSTOMMESSAGETESTFORGRIDACTIVATION,['R1386'],R1386,['R1386'],['2026-06-29_R1386_01'],['R1386'],True,2026-06-29,True,True,2026-06-29_R1386_01,2026-06-29,R1386,1,7,assigned_manual_window,True,0.0,False,7,83.816,38.1,2026-06-29 15:55:12+02:00,2026-06-29 15:55:12+02:00,2026-06-29 15:56:37+02:00,False,False,,20,37,17,0,2659,2695,0.5405405405405406,0.4594594594594595,0.4594594594594595,group_7
24E124445E318071,24E124FFFEFE11C4,868100000,SF7BW125, -88/13.0,34,2690,UpCnf,2026-06-29 13:56:11+00:00,"Dev Addr/Multicast Addr: 0770d40a
GwEUI: 24E124FFFEFE11C4
AppEUI: 24E124C0002A0001
Device EUI/Group Name: 24E124445E318071
Class Type: Class C
Immediately: -
Timestamp: 3959521653
Type: UpCnf
Adr: false
AdrAcKReq: false
Ack: false
Fcnt: 2690
Port: 86
Modulation: LORA
Bandwidth: 125
SpreadFactor: 7
Bitrate: 0
CodeRate: 4/5
SNR: 13.0
RSSI: -88
Power: -
Payload(b64): Q1VTVE9NTUVTU0FHRVRFU1RGT1JHUklEQUNUSVZBVElPTg==
Payload(hex): 435553544f4d4d45535341474554455354464f524752494441435449564154494f4e
JSON: {""text"":""CUSTOMMESSAGETESTFORGRIDACTIVATION""}
MIC: dfbc0380",29-06-1386.csv,,29-06-1386,1386,,[1386],[1386],['R1386'],2026-06-29,2026-06-29 15:56:11+02:00,-88.0,13.0,0770d40a,24E124FFFEFE11C4,24E124C0002A0001,24E124445E318071,Class C,-,3959521653,UpCnf,false,false,false,2690,86,LORA,125,7,0,4/5,13.0,-88,-,Q1VTVE9NTUVTU0FHRVRFU1RGT1JHUklEQUNUSVZBVElPTg==,435553544f4d4d45535341474554455354464f524752494441435449564154494f4e,"{""text"":""CUSTOMMESSAGETESTFORGRIDACTIVATION""}",dfbc0380,86.0,435553544f4d4d45535341474554455354464f524752494441435449564154494f4e,{'text': 'CUSTOMMESSAGETESTFORGRIDACTIVATION'},,CUSTOMMESSAGETESTFORGRIDACTIVATION,['R1386'],R1386,['R1386'],['2026-06-29_R1386_01'],['R1386'],True,2026-06-29,True,True,2026-06-29_R1386_01,2026-06-29,R1386,1,7,assigned_manual_window,True,0.0,False,7,83.816,38.1,2026-06-29 15:55:12+02:00,2026-06-29 15:55:12+02:00,2026-06-29 15:56:37+02:00,False,False,,20,37,17,0,2659,2695,0.5405405405405406,0.4594594594594595,0.4594594594594595,group_7
24E124445E318071,24E124FFFEFE11C4,868500000,SF7BW125, -87/11.5,34,2691,UpCnf,2026-06-29 13:56:14+00:00,"Dev Addr/Multicast Addr: 0770d40a
GwEUI: 24E124FFFEFE11C4
AppEUI: 24E124C0002A0001
Device EUI/Group Name: 24E124445E318071
Class Type: Class C
Immediately: -
Timestamp: 3962478679
Type: UpCnf
Adr: false
AdrAcKReq: false
Ack: false
Fcnt: 2691
Port: 86
Modulation: LORA
Bandwidth: 125
SpreadFactor: 7
Bitrate: 0
CodeRate: 4/5
SNR: 11.5
RSSI: -87
Power: -
Payload(b64): Q1VTVE9NTUVTU0FHRVRFU1RGT1JHUklEQUNUSVZBVElPTg==
Payload(hex): 435553544f4d4d45535341474554455354464f524752494441435449564154494f4e
JSON: {""text"":""CUSTOMMESSAGETESTFORGRIDACTIVATION""}
MIC: edb3ae18",29-06-1386.csv,,29-06-1386,1386,,[1386],[1386],['R1386'],2026-06-29,2026-06-29 15:56:14+02:00,-87.0,11.5,0770d40a,24E124FFFEFE11C4,24E124C0002A0001,24E124445E318071,Class C,-,3962478679,UpCnf,false,false,false,2691,86,LORA,125,7,0,4/5,11.5,-87,-,Q1VTVE9NTUVTU0FHRVRFU1RGT1JHUklEQUNUSVZBVElPTg==,435553544f4d4d45535341474554455354464f524752494441435449564154494f4e,"{""text"":""CUSTOMMESSAGETESTFORGRIDACTIVATION""}",edb3ae18,86.0,435553544f4d4d45535341474554455354464f524752494441435449564154494f4e,{'text': 'CUSTOMMESSAGETESTFORGRIDACTIVATION'},,CUSTOMMESSAGETESTFORGRIDACTIVATION,['R1386'],R1386,['R1386'],['2026-06-29_R1386_01'],['R1386'],True,2026-06-29,True,True,2026-06-29_R1386_01,2026-06-29,R1386,1,7,assigned_manual_window,True,0.0,False,7,83.816,38.1,2026-06-29 15:55:12+02:00,2026-06-29 15:55:12+02:00,2026-06-29 15:56:37+02:00,False,False,,20,37,17,0,2659,2695,0.5405405405405406,0.4594594594594595,0.4594594594594595,group_7
24E124445E318071,24E124FFFEFE11C4,868500000,SF7BW125, -87/11.0,34,2692,UpCnf,2026-06-29 13:56:17+00:00,"Dev Addr/Multicast Addr: 0770d40a
GwEUI: 24E124FFFEFE11C4
AppEUI: 24E124C0002A0001
Device EUI/Group Name: 24E124445E318071
Class Type: Class C
Immediately: -
Timestamp: 3965244684
Type: UpCnf
Adr: false
AdrAcKReq: false
Ack: false
Fcnt: 2692
Port: 86
Modulation: LORA
Bandwidth: 125
SpreadFactor: 7
Bitrate: 0
CodeRate: 4/5
SNR: 11.0
RSSI: -87
Power: -
Payload(b64): Q1VTVE9NTUVTU0FHRVRFU1RGT1JHUklEQUNUSVZBVElPTg==
Payload(hex): 435553544f4d4d45535341474554455354464f524752494441435449564154494f4e
JSON: {""text"":""CUSTOMMESSAGETESTFORGRIDACTIVATION""}
MIC: 83c0dad2",29-06-1386.csv,,29-06-1386,1386,,[1386],[1386],['R1386'],2026-06-29,2026-06-29 15:56:17+02:00,-87.0,11.0,0770d40a,24E124FFFEFE11C4,24E124C0002A0001,24E124445E318071,Class C,-,3965244684,UpCnf,false,false,false,2692,86,LORA,125,7,0,4/5,11.0,-87,-,Q1VTVE9NTUVTU0FHRVRFU1RGT1JHUklEQUNUSVZBVElPTg==,435553544f4d4d45535341474554455354464f524752494441435449564154494f4e,"{""text"":""CUSTOMMESSAGETESTFORGRIDACTIVATION""}",83c0dad2,86.0,435553544f4d4d45535341474554455354464f524752494441435449564154494f4e,{'text': 'CUSTOMMESSAGETESTFORGRIDACTIVATION'},,CUSTOMMESSAGETESTFORGRIDACTIVATION,['R1386'],R1386,['R1386'],['2026-06-29_R1386_01'],['R1386'],True,2026-06-29,True,True,2026-06-29_R1386_01,2026-06-29,R1386,1,7,assigned_manual_window,True,0.0,False,7,83.816,38.1,2026-06-29 15:55:12+02:00,2026-06-29 15:55:12+02:00,2026-06-29 15:56:37+02:00,False,False,,20,37,17,0,2659,2695,0.5405405405405406,0.4594594594594595,0.4594594594594595,group_7
24E124445E318071,24E124FFFEFE11C4,868500000,SF7BW125, -88/11.5,34,2694,UpCnf,2026-06-29 13:56:20+00:00,"Dev Addr/Multicast Addr: 0770d40a
GwEUI: 24E124FFFEFE11C4
AppEUI: 24E124C0002A0001
Device EUI/Group Name: 24E124445E318071
Class Type: Class C
Immediately: -
Timestamp: 3968911736
Type: UpCnf
Adr: false
AdrAcKReq: false
Ack: false
Fcnt: 2694
Port: 86
Modulation: LORA
Bandwidth: 125
SpreadFactor: 7
Bitrate: 0
CodeRate: 4/5
SNR: 11.5
RSSI: -88
Power: -
Payload(b64): Q1VTVE9NTUVTU0FHRVRFU1RGT1JHUklEQUNUSVZBVElPTg==
Payload(hex): 435553544f4d4d45535341474554455354464f524752494441435449564154494f4e
JSON: {""text"":""CUSTOMMESSAGETESTFORGRIDACTIVATION""}
MIC: 4f07f20b",29-06-1386.csv,,29-06-1386,1386,,[1386],[1386],['R1386'],2026-06-29,2026-06-29 15:56:20+02:00,-88.0,11.5,0770d40a,24E124FFFEFE11C4,24E124C0002A0001,24E124445E318071,Class C,-,3968911736,UpCnf,false,false,false,2694,86,LORA,125,7,0,4/5,11.5,-88,-,Q1VTVE9NTUVTU0FHRVRFU1RGT1JHUklEQUNUSVZBVElPTg==,435553544f4d4d45535341474554455354464f524752494441435449564154494f4e,"{""text"":""CUSTOMMESSAGETESTFORGRIDACTIVATION""}",4f07f20b,86.0,435553544f4d4d45535341474554455354464f524752494441435449564154494f4e,{'text': 'CUSTOMMESSAGETESTFORGRIDACTIVATION'},,CUSTOMMESSAGETESTFORGRIDACTIVATION,['R1386'],R1386,['R1386'],['2026-06-29_R1386_01'],['R1386'],True,2026-06-29,True,True,2026-06-29_R1386_01,2026-06-29,R1386,1,7,assigned_manual_window,True,0.0,False,7,83.816,38.1,2026-06-29 15:55:12+02:00,2026-06-29 15:55:12+02:00,2026-06-29 15:56:37+02:00,False,False,,20,37,17,0,2659,2695,0.5405405405405406,0.4594594594594595,0.4594594594594595,group_7
24E124445E318071,24E124FFFEFE11C4,868100000,SF7BW125, -88/13.5,34,2695,UpCnf,2026-06-29 13:56:23+00:00,"Dev Addr/Multicast Addr: 0770d40a
GwEUI: 24E124FFFEFE11C4
AppEUI: 24E124C0002A0001
Device EUI/Group Name: 24E124445E318071
Class Type: Class C
Immediately: -
Timestamp: 3971176703
Type: UpCnf
Adr: false
AdrAcKReq: false
Ack: false
Fcnt: 2695
Port: 86
Modulation: LORA
Bandwidth: 125
SpreadFactor: 7
Bitrate: 0
CodeRate: 4/5
SNR: 13.5
RSSI: -88
Power: -
Payload(b64): Q1VTVE9NTUVTU0FHRVRFU1RGT1JHUklEQUNUSVZBVElPTg==
Payload(hex): 435553544f4d4d45535341474554455354464f524752494441435449564154494f4e
JSON: {""text"":""CUSTOMMESSAGETESTFORGRIDACTIVATION""}
MIC: 5e0b334a",29-06-1386.csv,,29-06-1386,1386,,[1386],[1386],['R1386'],2026-06-29,2026-06-29 15:56:23+02:00,-88.0,13.5,0770d40a,24E124FFFEFE11C4,24E124C0002A0001,24E124445E318071,Class C,-,3971176703,UpCnf,false,false,false,2695,86,LORA,125,7,0,4/5,13.5,-88,-,Q1VTVE9NTUVTU0FHRVRFU1RGT1JHUklEQUNUSVZBVElPTg==,435553544f4d4d45535341474554455354464f524752494441435449564154494f4e,"{""text"":""CUSTOMMESSAGETESTFORGRIDACTIVATION""}",5e0b334a,86.0,435553544f4d4d45535341474554455354464f524752494441435449564154494f4e,{'text': 'CUSTOMMESSAGETESTFORGRIDACTIVATION'},,CUSTOMMESSAGETESTFORGRIDACTIVATION,['R1386'],R1386,['R1386'],['2026-06-29_R1386_01'],['R1386'],True,2026-06-29,True,True,2026-06-29_R1386_01,2026-06-29,R1386,1,7,assigned_manual_window,True,0.0,False,7,83.816,38.1,2026-06-29 15:55:12+02:00,2026-06-29 15:55:12+02:00,2026-06-29 15:56:37+02:00,False,False,,20,37,17,0,2659,2695,0.5405405405405406,0.4594594594594595,0.4594594594594595,group_7
24E124445E318071,24E124FFFEFE11C4,868100000,SF7BW125, -103/6.5,34,2844,UpCnf,2026-06-29 14:07:50+00:00,"Dev Addr/Multicast Addr: 0770d40a
GwEUI: 24E124FFFEFE11C4
AppEUI: 24E124C0002A0001
Device EUI/Group Name: 24E124445E318071
Class Type: Class C
Immediately: -
Timestamp: 363646474
Type: UpCnf
Adr: false
AdrAcKReq: false
Ack: false
Fcnt: 2844
Port: 86
Modulation: LORA
Bandwidth: 125
SpreadFactor: 7
Bitrate: 0
CodeRate: 4/5
SNR: 6.5
RSSI: -103
Power: -
Payload(b64): Q1VTVE9NTUVTU0FHRVRFU1RGT1JHUklEQUNUSVZBVElPTg==
Payload(hex): 435553544f4d4d45535341474554455354464f524752494441435449564154494f4e
JSON: {""text"":""CUSTOMMESSAGETESTFORGRIDACTIVATION""}
MIC: f73a943b",29-06-1396.csv,,29-06-1396,1396,,[1396],[1396],['R1396'],2026-06-29,2026-06-29 16:07:50+02:00,-103.0,6.5,0770d40a,24E124FFFEFE11C4,24E124C0002A0001,24E124445E318071,Class C,-,363646474,UpCnf,false,false,false,2844,86,LORA,125,7,0,4/5,6.5,-103,-,Q1VTVE9NTUVTU0FHRVRFU1RGT1JHUklEQUNUSVZBVElPTg==,435553544f4d4d45535341474554455354464f524752494441435449564154494f4e,"{""text"":""CUSTOMMESSAGETESTFORGRIDACTIVATION""}",f73a943b,86.0,435553544f4d4d45535341474554455354464f524752494441435449564154494f4e,{'text': 'CUSTOMMESSAGETESTFORGRIDACTIVATION'},,CUSTOMMESSAGETESTFORGRIDACTIVATION,['R1396'],R1396,['R1396'],['2026-06-29_R1396_01'],['R1396'],True,2026-06-29,True,True,2026-06-29_R1396_01,2026-06-29,R1396,1,7,assigned_manual_window,True,0.0,False,7,83.816,49.1,2026-06-29 16:07:50+02:00,2026-06-29 16:07:50+02:00,2026-06-29 16:09:20+02:00,False,False,,15,33,18,0,2844,2876,0.45454545454545453,0.5454545454545454,0.5454545454545454,group_7
24E124445E318071,24E124FFFEFE11C4,868100000,SF7BW125, -105/3.8,34,2846,UpCnf,2026-06-29 14:08:02+00:00,"Dev Addr/Multicast Addr: 0770d40a
GwEUI: 24E124FFFEFE11C4
AppEUI: 24E124C0002A0001
Device EUI/Group Name: 24E124445E318071
Class Type: Class C
Immediately: -
Timestamp: 375292478
Type: UpCnf
Adr: false
AdrAcKReq: false
Ack: false
Fcnt: 2846
Port: 86
Modulation: LORA
Bandwidth: 125
SpreadFactor: 7
Bitrate: 0
CodeRate: 4/5
SNR: 3.8
RSSI: -105
Power: -
Payload(b64): Q1VTVE9NTUVTU0FHRVRFU1RGT1JHUklEQUNUSVZBVElPTg==
Payload(hex): 435553544f4d4d45535341474554455354464f524752494441435449564154494f4e
JSON: {""text"":""CUSTOMMESSAGETESTFORGRIDACTIVATION""}
MIC: 18b0f7e2",29-06-1396.csv,,29-06-1396,1396,,[1396],[1396],['R1396'],2026-06-29,2026-06-29 16:08:02+02:00,-105.0,3.8,0770d40a,24E124FFFEFE11C4,24E124C0002A0001,24E124445E318071,Class C,-,375292478,UpCnf,false,false,false,2846,86,LORA,125,7,0,4/5,3.8,-105,-,Q1VTVE9NTUVTU0FHRVRFU1RGT1JHUklEQUNUSVZBVElPTg==,435553544f4d4d45535341474554455354464f524752494441435449564154494f4e,"{""text"":""CUSTOMMESSAGETESTFORGRIDACTIVATION""}",18b0f7e2,86.0,435553544f4d4d45535341474554455354464f524752494441435449564154494f4e,{'text': 'CUSTOMMESSAGETESTFORGRIDACTIVATION'},,CUSTOMMESSAGETESTFORGRIDACTIVATION,['R1396'],R1396,['R1396'],['2026-06-29_R1396_01'],['R1396'],True,2026-06-29,True,True,2026-06-29_R1396_01,2026-06-29,R1396,1,7,assigned_manual_window,True,0.0,False,7,83.816,49.1,2026-06-29 16:07:50+02:00,2026-06-29 16:07:50+02:00,2026-06-29 16:09:20+02:00,False,False,,15,33,18,0,2844,2876,0.45454545454545453,0.5454545454545454,0.5454545454545454,group_7
24E124445E318071,24E124FFFEFE11C4,868100000,SF7BW125, -103/7.0,34,2848,UpCnf,2026-06-29 14:08:05+00:00,"Dev Addr/Multicast Addr: 0770d40a
GwEUI: 24E124FFFEFE11C4
AppEUI: 24E124C0002A0001
Device EUI/Group Name: 24E124445E318071
Class Type: Class C
Immediately: -
Timestamp: 378260480
Type: UpCnf
Adr: false
AdrAcKReq: false
Ack: false
Fcnt: 2848
Port: 86
Modulation: LORA
Bandwidth: 125
SpreadFactor: 7
Bitrate: 0
CodeRate: 4/5
SNR: 7.0
RSSI: -103
Power: -
Payload(b64): Q1VTVE9NTUVTU0FHRVRFU1RGT1JHUklEQUNUSVZBVElPTg==
Payload(hex): 435553544f4d4d45535341474554455354464f524752494441435449564154494f4e
JSON: {""text"":""CUSTOMMESSAGETESTFORGRIDACTIVATION""}
MIC: ccd3fcfb",29-06-1396.csv,,29-06-1396,1396,,[1396],[1396],['R1396'],2026-06-29,2026-06-29 16:08:05+02:00,-103.0,7.0,0770d40a,24E124FFFEFE11C4,24E124C0002A0001,24E124445E318071,Class C,-,378260480,UpCnf,false,false,false,2848,86,LORA,125,7,0,4/5,7.0,-103,-,Q1VTVE9NTUVTU0FHRVRFU1RGT1JHUklEQUNUSVZBVElPTg==,435553544f4d4d45535341474554455354464f524752494441435449564154494f4e,"{""text"":""CUSTOMMESSAGETESTFORGRIDACTIVATION""}",ccd3fcfb,86.0,435553544f4d4d45535341474554455354464f524752494441435449564154494f4e,{'text': 'CUSTOMMESSAGETESTFORGRIDACTIVATION'},,CUSTOMMESSAGETESTFORGRIDACTIVATION,['R1396'],R1396,['R1396'],['2026-06-29_R1396_01'],['R1396'],True,2026-06-29,True,True,2026-06-29_R1396_01,2026-06-29,R1396,1,7,assigned_manual_window,True,0.0,False,7,83.816,49.1,2026-06-29 16:07:50+02:00,2026-06-29 16:07:50+02:00,2026-06-29 16:09:20+02:00,False,False,,15,33,18,0,2844,2876,0.45454545454545453,0.5454545454545454,0.5454545454545454,group_7
24E124445E318071,24E124FFFEFE11C4,868500000,SF7BW125, -101/7.2,34,2850,UpCnf,2026-06-29 14:08:07+00:00,"Dev Addr/Multicast Addr: 0770d40a
GwEUI: 24E124FFFEFE11C4
AppEUI: 24E124C0002A0001
Device EUI/Group Name: 24E124445E318071
Class Type: Class C
Immediately: -
Timestamp: 381012459
Type: UpCnf
Adr: false
AdrAcKReq: false
Ack: false
Fcnt: 2850
Port: 86
Modulation: LORA
Bandwidth: 125
SpreadFactor: 7
Bitrate: 0
CodeRate: 4/5
SNR: 7.2
RSSI: -101
Power: -
Payload(b64): Q1VTVE9NTUVTU0FHRVRFU1RGT1JHUklEQUNUSVZBVElPTg==
Payload(hex): 435553544f4d4d45535341474554455354464f524752494441435449564154494f4e
JSON: {""text"":""CUSTOMMESSAGETESTFORGRIDACTIVATION""}
MIC: 3210f0eb",29-06-1396.csv,,29-06-1396,1396,,[1396],[1396],['R1396'],2026-06-29,2026-06-29 16:08:07+02:00,-101.0,7.2,0770d40a,24E124FFFEFE11C4,24E124C0002A0001,24E124445E318071,Class C,-,381012459,UpCnf,false,false,false,2850,86,LORA,125,7,0,4/5,7.2,-101,-,Q1VTVE9NTUVTU0FHRVRFU1RGT1JHUklEQUNUSVZBVElPTg==,435553544f4d4d45535341474554455354464f524752494441435449564154494f4e,"{""text"":""CUSTOMMESSAGETESTFORGRIDACTIVATION""}",3210f0eb,86.0,435553544f4d4d45535341474554455354464f524752494441435449564154494f4e,{'text': 'CUSTOMMESSAGETESTFORGRIDACTIVATION'},,CUSTOMMESSAGETESTFORGRIDACTIVATION,['R1396'],R1396,['R1396'],['2026-06-29_R1396_01'],['R1396'],True,2026-06-29,True,True,2026-06-29_R1396_01,2026-06-29,R1396,1,7,assigned_manual_window,True,0.0,False,7,83.816,49.1,2026-06-29 16:07:50+02:00,2026-06-29 16:07:50+02:00,2026-06-29 16:09:20+02:00,False,False,,15,33,18,0,2844,2876,0.45454545454545453,0.5454545454545454,0.5454545454545454,group_7
24E124445E318071,24E124FFFEFE11C4,868500000,SF7BW125, -102/6.5,34,2853,UpCnf,2026-06-29 14:08:12+00:00,"Dev Addr/Multicast Addr: 0770d40a
GwEUI: 24E124FFFEFE11C4
AppEUI: 24E124C0002A0001
Device EUI/Group Name: 24E124445E318071
Class Type: Class C
Immediately: -
Timestamp: 385735490
Type: UpCnf
Adr: false
AdrAcKReq: false
Ack: false
Fcnt: 2853
Port: 86
Modulation: LORA
Bandwidth: 125
SpreadFactor: 7
Bitrate: 0
CodeRate: 4/5
SNR: 6.5
RSSI: -102
Power: -
Payload(b64): Q1VTVE9NTUVTU0FHRVRFU1RGT1JHUklEQUNUSVZBVElPTg==
Payload(hex): 435553544f4d4d45535341474554455354464f524752494441435449564154494f4e
JSON: {""text"":""CUSTOMMESSAGETESTFORGRIDACTIVATION""}
MIC: d5907487",29-06-1396.csv,,29-06-1396,1396,,[1396],[1396],['R1396'],2026-06-29,2026-06-29 16:08:12+02:00,-102.0,6.5,0770d40a,24E124FFFEFE11C4,24E124C0002A0001,24E124445E318071,Class C,-,385735490,UpCnf,false,false,false,2853,86,LORA,125,7,0,4/5,6.5,-102,-,Q1VTVE9NTUVTU0FHRVRFU1RGT1JHUklEQUNUSVZBVElPTg==,435553544f4d4d45535341474554455354464f524752494441435449564154494f4e,"{""text"":""CUSTOMMESSAGETESTFORGRIDACTIVATION""}",d5907487,86.0,435553544f4d4d45535341474554455354464f524752494441435449564154494f4e,{'text': 'CUSTOMMESSAGETESTFORGRIDACTIVATION'},,CUSTOMMESSAGETESTFORGRIDACTIVATION,['R1396'],R1396,['R1396'],['2026-06-29_R1396_01'],['R1396'],True,2026-06-29,True,True,2026-06-29_R1396_01,2026-06-29,R1396,1,7,assigned_manual_window,True,0.0,False,7,83.816,49.1,2026-06-29 16:07:50+02:00,2026-06-29 16:07:50+02:00,2026-06-29 16:09:20+02:00,False,False,,15,33,18,0,2844,2876,0.45454545454545453,0.5454545454545454,0.5454545454545454,group_7
24E124445E318071,24E124FFFEFE11C4,868300000,SF7BW125, -103/4.0,34,2856,UpCnf,2026-06-29 14:08:18+00:00,"Dev Addr/Multicast Addr: 0770d40a
GwEUI: 24E124FFFEFE11C4
AppEUI: 24E124C0002A0001
Device EUI/Group Name: 24E124445E318071
Class Type: Class C
Immediately: -
Timestamp: 391717515
Type: UpCnf
Adr: false
AdrAcKReq: false
Ack: false
Fcnt: 2856
Port: 86
Modulation: LORA
Bandwidth: 125
SpreadFactor: 7
Bitrate: 0
CodeRate: 4/5
SNR: 4.0
RSSI: -103
Power: -
Payload(b64): Q1VTVE9NTUVTU0FHRVRFU1RGT1JHUklEQUNUSVZBVElPTg==
Payload(hex): 435553544f4d4d45535341474554455354464f524752494441435449564154494f4e
JSON: {""text"":""CUSTOMMESSAGETESTFORGRIDACTIVATION""}
MIC: c4e3bb88",29-06-1396.csv,,29-06-1396,1396,,[1396],[1396],['R1396'],2026-06-29,2026-06-29 16:08:18+02:00,-103.0,4.0,0770d40a,24E124FFFEFE11C4,24E124C0002A0001,24E124445E318071,Class C,-,391717515,UpCnf,false,false,false,2856,86,LORA,125,7,0,4/5,4.0,-103,-,Q1VTVE9NTUVTU0FHRVRFU1RGT1JHUklEQUNUSVZBVElPTg==,435553544f4d4d45535341474554455354464f524752494441435449564154494f4e,"{""text"":""CUSTOMMESSAGETESTFORGRIDACTIVATION""}",c4e3bb88,86.0,435553544f4d4d45535341474554455354464f524752494441435449564154494f4e,{'text': 'CUSTOMMESSAGETESTFORGRIDACTIVATION'},,CUSTOMMESSAGETESTFORGRIDACTIVATION,['R1396'],R1396,['R1396'],['2026-06-29_R1396_01'],['R1396'],True,2026-06-29,True,True,2026-06-29_R1396_01,2026-06-29,R1396,1,7,assigned_manual_window,True,0.0,False,7,83.816,49.1,2026-06-29 16:07:50+02:00,2026-06-29 16:07:50+02:00,2026-06-29 16:09:20+02:00,False,False,,15,33,18,0,2844,2876,0.45454545454545453,0.5454545454545454,0.5454545454545454,group_7
24E124445E318071,24E124FFFEFE11C4,868100000,SF7BW125, -100/9.0,34,2859,UpCnf,2026-06-29 14:08:42+00:00,"Dev Addr/Multicast Addr: 0770d40a
GwEUI: 24E124FFFEFE11C4
AppEUI: 24E124C0002A0001
Device EUI/Group Name: 24E124445E318071
Class Type: Class C
Immediately: -
Timestamp: 415641480
Type: UpCnf
Adr: false
AdrAcKReq: false
Ack: false
Fcnt: 2859
Port: 86
Modulation: LORA
Bandwidth: 125
SpreadFactor: 7
Bitrate: 0
CodeRate: 4/5
SNR: 9.0
RSSI: -100
Power: -
Payload(b64): Q1VTVE9NTUVTU0FHRVRFU1RGT1JHUklEQUNUSVZBVElPTg==
Payload(hex): 435553544f4d4d45535341474554455354464f524752494441435449564154494f4e
JSON: {""text"":""CUSTOMMESSAGETESTFORGRIDACTIVATION""}
MIC: f4a8d3e8",29-06-1396.csv,,29-06-1396,1396,,[1396],[1396],['R1396'],2026-06-29,2026-06-29 16:08:42+02:00,-100.0,9.0,0770d40a,24E124FFFEFE11C4,24E124C0002A0001,24E124445E318071,Class C,-,415641480,UpCnf,false,false,false,2859,86,LORA,125,7,0,4/5,9.0,-100,-,Q1VTVE9NTUVTU0FHRVRFU1RGT1JHUklEQUNUSVZBVElPTg==,435553544f4d4d45535341474554455354464f524752494441435449564154494f4e,"{""text"":""CUSTOMMESSAGETESTFORGRIDACTIVATION""}",f4a8d3e8,86.0,435553544f4d4d45535341474554455354464f524752494441435449564154494f4e,{'text': 'CUSTOMMESSAGETESTFORGRIDACTIVATION'},,CUSTOMMESSAGETESTFORGRIDACTIVATION,['R1396'],R1396,['R1396'],['2026-06-29_R1396_01'],['R1396'],True,2026-06-29,True,True,2026-06-29_R1396_01,2026-06-29,R1396,1,7,assigned_manual_window,True,0.0,False,7,83.816,49.1,2026-06-29 16:07:50+02:00,2026-06-29 16:07:50+02:00,2026-06-29 16:09:20+02:00,False,False,,15,33,18,0,2844,2876,0.45454545454545453,0.5454545454545454,0.5454545454545454,group_7
24E124445E318071,24E124FFFEFE11C4,868300000,SF7BW125, -98/10.2,34,2860,UpCnf,2026-06-29 14:08:45+00:00,"Dev Addr/Multicast Addr: 0770d40a
GwEUI: 24E124FFFEFE11C4
AppEUI: 24E124C0002A0001
Device EUI/Group Name: 24E124445E318071
Class Type: Class C
Immediately: -
Timestamp: 418863525
Type: UpCnf
Adr: false
AdrAcKReq: false
Ack: false
Fcnt: 2860
Port: 86
Modulation: LORA
Bandwidth: 125
SpreadFactor: 7
Bitrate: 0
CodeRate: 4/5
SNR: 10.2
RSSI: -98
Power: -
Payload(b64): Q1VTVE9NTUVTU0FHRVRFU1RGT1JHUklEQUNUSVZBVElPTg==
Payload(hex): 435553544f4d4d45535341474554455354464f524752494441435449564154494f4e
JSON: {""text"":""CUSTOMMESSAGETESTFORGRIDACTIVATION""}
MIC: 0523ef1c",29-06-1396.csv,,29-06-1396,1396,,[1396],[1396],['R1396'],2026-06-29,2026-06-29 16:08:45+02:00,-98.0,10.2,0770d40a,24E124FFFEFE11C4,24E124C0002A0001,24E124445E318071,Class C,-,418863525,UpCnf,false,false,false,2860,86,LORA,125,7,0,4/5,10.2,-98,-,Q1VTVE9NTUVTU0FHRVRFU1RGT1JHUklEQUNUSVZBVElPTg==,435553544f4d4d45535341474554455354464f524752494441435449564154494f4e,"{""text"":""CUSTOMMESSAGETESTFORGRIDACTIVATION""}",0523ef1c,86.0,435553544f4d4d45535341474554455354464f524752494441435449564154494f4e,{'text': 'CUSTOMMESSAGETESTFORGRIDACTIVATION'},,CUSTOMMESSAGETESTFORGRIDACTIVATION,['R1396'],R1396,['R1396'],['2026-06-29_R1396_01'],['R1396'],True,2026-06-29,True,True,2026-06-29_R1396_01,2026-06-29,R1396,1,7,assigned_manual_window,True,0.0,False,7,83.816,49.1,2026-06-29 16:07:50+02:00,2026-06-29 16:07:50+02:00,2026-06-29 16:09:20+02:00,False,False,,15,33,18,0,2844,2876,0.45454545454545453,0.5454545454545454,0.5454545454545454,group_7
24E124445E318071,24E124FFFEFE11C4,868500000,SF7BW125, -98/8.5,34,2863,UpCnf,2026-06-29 14:08:50+00:00,"Dev Addr/Multicast Addr: 0770d40a
GwEUI: 24E124FFFEFE11C4
AppEUI: 24E124C0002A0001
Device EUI/Group Name: 24E124445E318071
Class Type: Class C
Immediately: -
Timestamp: 424032512
Type: UpCnf
Adr: false
AdrAcKReq: false
Ack: false
Fcnt: 2863
Port: 86
Modulation: LORA
Bandwidth: 125
SpreadFactor: 7
Bitrate: 0
CodeRate: 4/5
SNR: 8.5
RSSI: -98
Power: -
Payload(b64): Q1VTVE9NTUVTU0FHRVRFU1RGT1JHUklEQUNUSVZBVElPTg==
Payload(hex): 435553544f4d4d45535341474554455354464f524752494441435449564154494f4e
JSON: {""text"":""CUSTOMMESSAGETESTFORGRIDACTIVATION""}
MIC: bb49ec6c",29-06-1396.csv,,29-06-1396,1396,,[1396],[1396],['R1396'],2026-06-29,2026-06-29 16:08:50+02:00,-98.0,8.5,0770d40a,24E124FFFEFE11C4,24E124C0002A0001,24E124445E318071,Class C,-,424032512,UpCnf,false,false,false,2863,86,LORA,125,7,0,4/5,8.5,-98,-,Q1VTVE9NTUVTU0FHRVRFU1RGT1JHUklEQUNUSVZBVElPTg==,435553544f4d4d45535341474554455354464f524752494441435449564154494f4e,"{""text"":""CUSTOMMESSAGETESTFORGRIDACTIVATION""}",bb49ec6c,86.0,435553544f4d4d45535341474554455354464f524752494441435449564154494f4e,{'text': 'CUSTOMMESSAGETESTFORGRIDACTIVATION'},,CUSTOMMESSAGETESTFORGRIDACTIVATION,['R1396'],R1396,['R1396'],['2026-06-29_R1396_01'],['R1396'],True,2026-06-29,True,True,2026-06-29_R1396_01,2026-06-29,R1396,1,7,assigned_manual_window,True,0.0,False,7,83.816,49.1,2026-06-29 16:07:50+02:00,2026-06-29 16:07:50+02:00,2026-06-29 16:09:20+02:00,False,False,,15,33,18,0,2844,2876,0.45454545454545453,0.5454545454545454,0.5454545454545454,group_7
24E124445E318071,24E124FFFEFE11C4,868500000,SF7BW125, -98/8.5,34,2865,UpCnf,2026-06-29 14:08:53+00:00,"Dev Addr/Multicast Addr: 0770d40a
GwEUI: 24E124FFFEFE11C4
AppEUI: 24E124C0002A0001
Device EUI/Group Name: 24E124445E318071
Class Type: Class C
Immediately: -
Timestamp: 427066552
Type: UpCnf
Adr: false
AdrAcKReq: false
Ack: false
Fcnt: 2865
Port: 86
Modulation: LORA
Bandwidth: 125
SpreadFactor: 7
Bitrate: 0
CodeRate: 4/5
SNR: 8.5
RSSI: -98
Power: -
Payload(b64): Q1VTVE9NTUVTU0FHRVRFU1RGT1JHUklEQUNUSVZBVElPTg==
Payload(hex): 435553544f4d4d45535341474554455354464f524752494441435449564154494f4e
JSON: {""text"":""CUSTOMMESSAGETESTFORGRIDACTIVATION""}
MIC: 54d65d8c",29-06-1396.csv,,29-06-1396,1396,,[1396],[1396],['R1396'],2026-06-29,2026-06-29 16:08:53+02:00,-98.0,8.5,0770d40a,24E124FFFEFE11C4,24E124C0002A0001,24E124445E318071,Class C,-,427066552,UpCnf,false,false,false,2865,86,LORA,125,7,0,4/5,8.5,-98,-,Q1VTVE9NTUVTU0FHRVRFU1RGT1JHUklEQUNUSVZBVElPTg==,435553544f4d4d45535341474554455354464f524752494441435449564154494f4e,"{""text"":""CUSTOMMESSAGETESTFORGRIDACTIVATION""}",54d65d8c,86.0,435553544f4d4d45535341474554455354464f524752494441435449564154494f4e,{'text': 'CUSTOMMESSAGETESTFORGRIDACTIVATION'},,CUSTOMMESSAGETESTFORGRIDACTIVATION,['R1396'],R1396,['R1396'],['2026-06-29_R1396_01'],['R1396'],True,2026-06-29,True,True,2026-06-29_R1396_01,2026-06-29,R1396,1,7,assigned_manual_window,True,0.0,False,7,83.816,49.1,2026-06-29 16:07:50+02:00,2026-06-29 16:07:50+02:00,2026-06-29 16:09:20+02:00,False,False,,15,33,18,0,2844,2876,0.45454545454545453,0.5454545454545454,0.5454545454545454,group_7
24E124445E318071,24E124FFFEFE11C4,868100000,SF7BW125, -101/8.0,34,2868,UpCnf,2026-06-29 14:08:59+00:00,"Dev Addr/Multicast Addr: 0770d40a
GwEUI: 24E124FFFEFE11C4
AppEUI: 24E124C0002A0001
Device EUI/Group Name: 24E124445E318071
Class Type: Class C
Immediately: -
Timestamp: 432244573
Type: UpCnf
Adr: false
AdrAcKReq: false
Ack: false
Fcnt: 2868
Port: 86
Modulation: LORA
Bandwidth: 125
SpreadFactor: 7
Bitrate: 0
CodeRate: 4/5
SNR: 8.0
RSSI: -101
Power: -
Payload(b64): Q1VTVE9NTUVTU0FHRVRFU1RGT1JHUklEQUNUSVZBVElPTg==
Payload(hex): 435553544f4d4d45535341474554455354464f524752494441435449564154494f4e
JSON: {""text"":""CUSTOMMESSAGETESTFORGRIDACTIVATION""}
MIC: 0c9550f0",29-06-1396.csv,,29-06-1396,1396,,[1396],[1396],['R1396'],2026-06-29,2026-06-29 16:08:59+02:00,-101.0,8.0,0770d40a,24E124FFFEFE11C4,24E124C0002A0001,24E124445E318071,Class C,-,432244573,UpCnf,false,false,false,2868,86,LORA,125,7,0,4/5,8.0,-101,-,Q1VTVE9NTUVTU0FHRVRFU1RGT1JHUklEQUNUSVZBVElPTg==,435553544f4d4d45535341474554455354464f524752494441435449564154494f4e,"{""text"":""CUSTOMMESSAGETESTFORGRIDACTIVATION""}",0c9550f0,86.0,435553544f4d4d45535341474554455354464f524752494441435449564154494f4e,{'text': 'CUSTOMMESSAGETESTFORGRIDACTIVATION'},,CUSTOMMESSAGETESTFORGRIDACTIVATION,['R1396'],R1396,['R1396'],['2026-06-29_R1396_01'],['R1396'],True,2026-06-29,True,True,2026-06-29_R1396_01,2026-06-29,R1396,1,7,assigned_manual_window,True,0.0,False,7,83.816,49.1,2026-06-29 16:07:50+02:00,2026-06-29 16:07:50+02:00,2026-06-29 16:09:20+02:00,False,False,,15,33,18,0,2844,2876,0.45454545454545453,0.5454545454545454,0.5454545454545454,group_7
24E124445E318071,24E124FFFEFE11C4,868100000,SF7BW125, -101/8.2,34,2870,UpCnf,2026-06-29 14:09:02+00:00,"Dev Addr/Multicast Addr: 0770d40a
GwEUI: 24E124FFFEFE11C4
AppEUI: 24E124C0002A0001
Device EUI/Group Name: 24E124445E318071
Class Type: Class C
Immediately: -
Timestamp: 435624572
Type: UpCnf
Adr: false
AdrAcKReq: false
Ack: false
Fcnt: 2870
Port: 86
Modulation: LORA
Bandwidth: 125
SpreadFactor: 7
Bitrate: 0
CodeRate: 4/5
SNR: 8.2
RSSI: -101
Power: -
Payload(b64): Q1VTVE9NTUVTU0FHRVRFU1RGT1JHUklEQUNUSVZBVElPTg==
Payload(hex): 435553544f4d4d45535341474554455354464f524752494441435449564154494f4e
JSON: {""text"":""CUSTOMMESSAGETESTFORGRIDACTIVATION""}
MIC: 683376a0",29-06-1396.csv,,29-06-1396,1396,,[1396],[1396],['R1396'],2026-06-29,2026-06-29 16:09:02+02:00,-101.0,8.2,0770d40a,24E124FFFEFE11C4,24E124C0002A0001,24E124445E318071,Class C,-,435624572,UpCnf,false,false,false,2870,86,LORA,125,7,0,4/5,8.2,-101,-,Q1VTVE9NTUVTU0FHRVRFU1RGT1JHUklEQUNUSVZBVElPTg==,435553544f4d4d45535341474554455354464f524752494441435449564154494f4e,"{""text"":""CUSTOMMESSAGETESTFORGRIDACTIVATION""}",683376a0,86.0,435553544f4d4d45535341474554455354464f524752494441435449564154494f4e,{'text': 'CUSTOMMESSAGETESTFORGRIDACTIVATION'},,CUSTOMMESSAGETESTFORGRIDACTIVATION,['R1396'],R1396,['R1396'],['2026-06-29_R1396_01'],['R1396'],True,2026-06-29,True,True,2026-06-29_R1396_01,2026-06-29,R1396,1,7,assigned_manual_window,True,0.0,False,7,83.816,49.1,2026-06-29 16:07:50+02:00,2026-06-29 16:07:50+02:00,2026-06-29 16:09:20+02:00,False,False,,15,33,18,0,2844,2876,0.45454545454545453,0.5454545454545454,0.5454545454545454,group_7
24E124445E318071,24E124FFFEFE11C4,868500000,SF7BW125, -100/8.0,34,2872,UpCnf,2026-06-29 14:09:05+00:00,"Dev Addr/Multicast Addr: 0770d40a
GwEUI: 24E124FFFEFE11C4
AppEUI: 24E124C0002A0001
Device EUI/Group Name: 24E124445E318071
Class Type: Class C
Immediately: -
Timestamp: 439110574
Type: UpCnf
Adr: false
AdrAcKReq: false
Ack: false
Fcnt: 2872
Port: 86
Modulation: LORA
Bandwidth: 125
SpreadFactor: 7
Bitrate: 0
CodeRate: 4/5
SNR: 8.0
RSSI: -100
Power: -
Payload(b64): Q1VTVE9NTUVTU0FHRVRFU1RGT1JHUklEQUNUSVZBVElPTg==
Payload(hex): 435553544f4d4d45535341474554455354464f524752494441435449564154494f4e
JSON: {""text"":""CUSTOMMESSAGETESTFORGRIDACTIVATION""}
MIC: da72828f",29-06-1396.csv,,29-06-1396,1396,,[1396],[1396],['R1396'],2026-06-29,2026-06-29 16:09:05+02:00,-100.0,8.0,0770d40a,24E124FFFEFE11C4,24E124C0002A0001,24E124445E318071,Class C,-,439110574,UpCnf,false,false,false,2872,86,LORA,125,7,0,4/5,8.0,-100,-,Q1VTVE9NTUVTU0FHRVRFU1RGT1JHUklEQUNUSVZBVElPTg==,435553544f4d4d45535341474554455354464f524752494441435449564154494f4e,"{""text"":""CUSTOMMESSAGETESTFORGRIDACTIVATION""}",da72828f,86.0,435553544f4d4d45535341474554455354464f524752494441435449564154494f4e,{'text': 'CUSTOMMESSAGETESTFORGRIDACTIVATION'},,CUSTOMMESSAGETESTFORGRIDACTIVATION,['R1396'],R1396,['R1396'],['2026-06-29_R1396_01'],['R1396'],True,2026-06-29,True,True,2026-06-29_R1396_01,2026-06-29,R1396,1,7,assigned_manual_window,True,0.0,False,7,83.816,49.1,2026-06-29 16:07:50+02:00,2026-06-29 16:07:50+02:00,2026-06-29 16:09:20+02:00,False,False,,15,33,18,0,2844,2876,0.45454545454545453,0.5454545454545454,0.5454545454545454,group_7
24E124445E318071,24E124FFFEFE11C4,868500000,SF7BW125, -100/7.8,34,2874,UpCnf,2026-06-29 14:09:09+00:00,"Dev Addr/Multicast Addr: 0770d40a
GwEUI: 24E124FFFEFE11C4
AppEUI: 24E124C0002A0001
Device EUI/Group Name: 24E124445E318071
Class Type: Class C
Immediately: -
Timestamp: 442660621
Type: UpCnf
Adr: false
AdrAcKReq: false
Ack: false
Fcnt: 2874
Port: 86
Modulation: LORA
Bandwidth: 125
SpreadFactor: 7
Bitrate: 0
CodeRate: 4/5
SNR: 7.8
RSSI: -100
Power: -
Payload(b64): Q1VTVE9NTUVTU0FHRVRFU1RGT1JHUklEQUNUSVZBVElPTg==
Payload(hex): 435553544f4d4d45535341474554455354464f524752494441435449564154494f4e
JSON: {""text"":""CUSTOMMESSAGETESTFORGRIDACTIVATION""}
MIC: bc9739ff",29-06-1396.csv,,29-06-1396,1396,,[1396],[1396],['R1396'],2026-06-29,2026-06-29 16:09:09+02:00,-100.0,7.8,0770d40a,24E124FFFEFE11C4,24E124C0002A0001,24E124445E318071,Class C,-,442660621,UpCnf,false,false,false,2874,86,LORA,125,7,0,4/5,7.8,-100,-,Q1VTVE9NTUVTU0FHRVRFU1RGT1JHUklEQUNUSVZBVElPTg==,435553544f4d4d45535341474554455354464f524752494441435449564154494f4e,"{""text"":""CUSTOMMESSAGETESTFORGRIDACTIVATION""}",bc9739ff,86.0,435553544f4d4d45535341474554455354464f524752494441435449564154494f4e,{'text': 'CUSTOMMESSAGETESTFORGRIDACTIVATION'},,CUSTOMMESSAGETESTFORGRIDACTIVATION,['R1396'],R1396,['R1396'],['2026-06-29_R1396_01'],['R1396'],True,2026-06-29,True,True,2026-06-29_R1396_01,2026-06-29,R1396,1,7,assigned_manual_window,True,0.0,False,7,83.816,49.1,2026-06-29 16:07:50+02:00,2026-06-29 16:07:50+02:00,2026-06-29 16:09:20+02:00,False,False,,15,33,18,0,2844,2876,0.45454545454545453,0.5454545454545454,0.5454545454545454,group_7
24E124445E318071,24E124FFFEFE11C4,868500000,SF7BW125, -97/9.2,34,2876,UpCnf,2026-06-29 14:09:13+00:00,"Dev Addr/Multicast Addr: 0770d40a
GwEUI: 24E124FFFEFE11C4
AppEUI: 24E124C0002A0001
Device EUI/Group Name: 24E124445E318071
Class Type: Class C
Immediately: -
Timestamp: 447079610
Type: UpCnf
Adr: false
AdrAcKReq: false
Ack: false
Fcnt: 2876
Port: 86
Modulation: LORA
Bandwidth: 125
SpreadFactor: 7
Bitrate: 0
CodeRate: 4/5
SNR: 9.2
RSSI: -97
Power: -
Payload(b64): Q1VTVE9NTUVTU0FHRVRFU1RGT1JHUklEQUNUSVZBVElPTg==
Payload(hex): 435553544f4d4d45535341474554455354464f524752494441435449564154494f4e
JSON: {""text"":""CUSTOMMESSAGETESTFORGRIDACTIVATION""}
MIC: e3d72612",29-06-1396.csv,,29-06-1396,1396,,[1396],[1396],['R1396'],2026-06-29,2026-06-29 16:09:13+02:00,-97.0,9.2,0770d40a,24E124FFFEFE11C4,24E124C0002A0001,24E124445E318071,Class C,-,447079610,UpCnf,false,false,false,2876,86,LORA,125,7,0,4/5,9.2,-97,-,Q1VTVE9NTUVTU0FHRVRFU1RGT1JHUklEQUNUSVZBVElPTg==,435553544f4d4d45535341474554455354464f524752494441435449564154494f4e,"{""text"":""CUSTOMMESSAGETESTFORGRIDACTIVATION""}",e3d72612,86.0,435553544f4d4d45535341474554455354464f524752494441435449564154494f4e,{'text': 'CUSTOMMESSAGETESTFORGRIDACTIVATION'},,CUSTOMMESSAGETESTFORGRIDACTIVATION,['R1396'],R1396,['R1396'],['2026-06-29_R1396_01'],['R1396'],True,2026-06-29,True,True,2026-06-29_R1396_01,2026-06-29,R1396,1,7,assigned_manual_window,True,0.0,False,7,83.816,49.1,2026-06-29 16:07:50+02:00,2026-06-29 16:07:50+02:00,2026-06-29 16:09:20+02:00,False,False,,15,33,18,0,2844,2876,0.45454545454545453,0.5454545454545454,0.5454545454545454,group_7
24E124445E318071,24E124FFFEFE11C4,868500000,SF7BW125, -108/-7.8,34,816,UpCnf,2026-06-30 12:48:02+00:00,"Dev Addr/Multicast Addr: 06831787
GwEUI: 24E124FFFEFE11C4
AppEUI: 24E124C0002A0001
Device EUI/Group Name: 24E124445E318071
Class Type: Class C
Immediately: -
Timestamp: 564372102
Type: UpCnf
Adr: false
AdrAcKReq: false
Ack: false
Fcnt: 816
Port: 86
Modulation: LORA
Bandwidth: 125
SpreadFactor: 7
Bitrate: 0
CodeRate: 4/5
SNR: -7.8
RSSI: -108
Power: -
Payload(b64): Q1VTVE9NTUVTU0FHRVRFU1RGT1JHUklEQUNUSVZBVElPTg==
Payload(hex): 435553544f4d4d45535341474554455354464f524752494441435449564154494f4e
JSON: {""text"":""CUSTOMMESSAGETESTFORGRIDACTIVATION""}
MIC: e925d0db",30-06-1451.csv,,30-06-1451,1451,,[1451],[1451],['R1451'],2026-06-30,2026-06-30 14:48:02+02:00,-108.0,-7.8,06831787,24E124FFFEFE11C4,24E124C0002A0001,24E124445E318071,Class C,-,564372102,UpCnf,false,false,false,816,86,LORA,125,7,0,4/5,-7.8,-108,-,Q1VTVE9NTUVTU0FHRVRFU1RGT1JHUklEQUNUSVZBVElPTg==,435553544f4d4d45535341474554455354464f524752494441435449564154494f4e,"{""text"":""CUSTOMMESSAGETESTFORGRIDACTIVATION""}",e925d0db,86.0,435553544f4d4d45535341474554455354464f524752494441435449564154494f4e,{'text': 'CUSTOMMESSAGETESTFORGRIDACTIVATION'},,CUSTOMMESSAGETESTFORGRIDACTIVATION,['R1451'],R1451,['R1451'],['2026-06-30_R1451_01'],['R1451'],True,2026-06-30,True,True,2026-06-30_R1451_01,2026-06-30,R1451,1,7,assigned_manual_window,True,0.0,False,7,83.816,109.60000000000001,2026-06-30 14:48:01+02:00,2026-06-30 14:48:01+02:00,2026-06-30 14:49:20+02:00,False,False,,8,11,3,4,816,826,0.7272727272727273,0.2727272727272727,0.2727272727272727,group_7
24E124445E318071,24E124FFFEFE11C4,868500000,SF7BW125, -108/-8.5,34,817,UpCnf,2026-06-30 12:48:07+00:00,"Dev Addr/Multicast Addr: 06831787
GwEUI: 24E124FFFEFE11C4
AppEUI: 24E124C0002A0001
Device EUI/Group Name: 24E124445E318071
Class Type: Class C
Immediately: -
Timestamp: 569456082
Type: UpCnf
Adr: false
AdrAcKReq: false
Ack: false
Fcnt: 817
Port: 86
Modulation: LORA
Bandwidth: 125
SpreadFactor: 7
Bitrate: 0
CodeRate: 4/5
SNR: -8.5
RSSI: -108
Power: -
Payload(b64): Q1VTVE9NTUVTU0FHRVRFU1RGT1JHUklEQUNUSVZBVElPTg==
Payload(hex): 435553544f4d4d45535341474554455354464f524752494441435449564154494f4e
JSON: {""text"":""CUSTOMMESSAGETESTFORGRIDACTIVATION""}
MIC: b3af3554",30-06-1451.csv,,30-06-1451,1451,,[1451],[1451],['R1451'],2026-06-30,2026-06-30 14:48:07+02:00,-108.0,-8.5,06831787,24E124FFFEFE11C4,24E124C0002A0001,24E124445E318071,Class C,-,569456082,UpCnf,false,false,false,817,86,LORA,125,7,0,4/5,-8.5,-108,-,Q1VTVE9NTUVTU0FHRVRFU1RGT1JHUklEQUNUSVZBVElPTg==,435553544f4d4d45535341474554455354464f524752494441435449564154494f4e,"{""text"":""CUSTOMMESSAGETESTFORGRIDACTIVATION""}",b3af3554,86.0,435553544f4d4d45535341474554455354464f524752494441435449564154494f4e,{'text': 'CUSTOMMESSAGETESTFORGRIDACTIVATION'},,CUSTOMMESSAGETESTFORGRIDACTIVATION,['R1451'],R1451,['R1451'],['2026-06-30_R1451_01'],['R1451'],True,2026-06-30,True,True,2026-06-30_R1451_01,2026-06-30,R1451,1,7,assigned_manual_window,True,0.0,False,7,83.816,109.60000000000001,2026-06-30 14:48:01+02:00,2026-06-30 14:48:01+02:00,2026-06-30 14:49:20+02:00,False,False,,8,11,3,4,816,826,0.7272727272727273,0.2727272727272727,0.2727272727272727,group_7
24E124445E318071,24E124FFFEFE11C4,868300000,SF7BW125, -109/-7.5,34,817,UpCnf,2026-06-30 12:48:11+00:00,"Dev Addr/Multicast Addr: 06831787
GwEUI: 24E124FFFEFE11C4
AppEUI: 24E124C0002A0001
Device EUI/Group Name: 24E124445E318071
Class Type: Class C
Immediately: -
Timestamp: 572675127
Type: UpCnf
Adr: false
AdrAcKReq: false
Ack: false
Fcnt: 817
Port: 86
Modulation: LORA
Bandwidth: 125
SpreadFactor: 7
Bitrate: 0
CodeRate: 4/5
SNR: -7.5
RSSI: -109
Power: -
Payload(b64): Q1VTVE9NTUVTU0FHRVRFU1RGT1JHUklEQUNUSVZBVElPTg==
Payload(hex): 435553544f4d4d45535341474554455354464f524752494441435449564154494f4e
JSON: {""text"":""CUSTOMMESSAGETESTFORGRIDACTIVATION""}
MIC: b3af3554",30-06-1451.csv,,30-06-1451,1451,,[1451],[1451],['R1451'],2026-06-30,2026-06-30 14:48:11+02:00,-109.0,-7.5,06831787,24E124FFFEFE11C4,24E124C0002A0001,24E124445E318071,Class C,-,572675127,UpCnf,false,false,false,817,86,LORA,125,7,0,4/5,-7.5,-109,-,Q1VTVE9NTUVTU0FHRVRFU1RGT1JHUklEQUNUSVZBVElPTg==,435553544f4d4d45535341474554455354464f524752494441435449564154494f4e,"{""text"":""CUSTOMMESSAGETESTFORGRIDACTIVATION""}",b3af3554,86.0,435553544f4d4d45535341474554455354464f524752494441435449564154494f4e,{'text': 'CUSTOMMESSAGETESTFORGRIDACTIVATION'},,CUSTOMMESSAGETESTFORGRIDACTIVATION,['R1451'],R1451,['R1451'],['2026-06-30_R1451_01'],['R1451'],True,2026-06-30,True,True,2026-06-30_R1451_01,2026-06-30,R1451,1,7,assigned_manual_window,True,0.0,False,7,83.816,109.60000000000001,2026-06-30 14:48:01+02:00,2026-06-30 14:48:01+02:00,2026-06-30 14:49:20+02:00,False,False,,8,11,3,4,816,826,0.7272727272727273,0.2727272727272727,0.2727272727272727,group_7
24E124445E318071,24E124FFFEFE11C4,868300000,SF7BW125, -108/-7.2,34,818,UpCnf,2026-06-30 12:48:12+00:00,"Dev Addr/Multicast Addr: 06831787
GwEUI: 24E124FFFEFE11C4
AppEUI: 24E124C0002A0001
Device EUI/Group Name: 24E124445E318071
Class Type: Class C
Immediately: -
Timestamp: 574322075
Type: UpCnf
Adr: false
AdrAcKReq: false
Ack: false
Fcnt: 818
Port: 86
Modulation: LORA
Bandwidth: 125
SpreadFactor: 7
Bitrate: 0
CodeRate: 4/5
SNR: -7.2
RSSI: -108
Power: -
Payload(b64): Q1VTVE9NTUVTU0FHRVRFU1RGT1JHUklEQUNUSVZBVElPTg==
Payload(hex): 435553544f4d4d45535341474554455354464f524752494441435449564154494f4e
JSON: {""text"":""CUSTOMMESSAGETESTFORGRIDACTIVATION""}
MIC: 10092e4a",30-06-1451.csv,,30-06-1451,1451,,[1451],[1451],['R1451'],2026-06-30,2026-06-30 14:48:12+02:00,-108.0,-7.2,06831787,24E124FFFEFE11C4,24E124C0002A0001,24E124445E318071,Class C,-,574322075,UpCnf,false,false,false,818,86,LORA,125,7,0,4/5,-7.2,-108,-,Q1VTVE9NTUVTU0FHRVRFU1RGT1JHUklEQUNUSVZBVElPTg==,435553544f4d4d45535341474554455354464f524752494441435449564154494f4e,"{""text"":""CUSTOMMESSAGETESTFORGRIDACTIVATION""}",10092e4a,86.0,435553544f4d4d45535341474554455354464f524752494441435449564154494f4e,{'text': 'CUSTOMMESSAGETESTFORGRIDACTIVATION'},,CUSTOMMESSAGETESTFORGRIDACTIVATION,['R1451'],R1451,['R1451'],['2026-06-30_R1451_01'],['R1451'],True,2026-06-30,True,True,2026-06-30_R1451_01,2026-06-30,R1451,1,7,assigned_manual_window,True,0.0,False,7,83.816,109.60000000000001,2026-06-30 14:48:01+02:00,2026-06-30 14:48:01+02:00,2026-06-30 14:49:20+02:00,False,False,,8,11,3,4,816,826,0.7272727272727273,0.2727272727272727,0.2727272727272727,group_7
24E124445E318071,24E124FFFEFE11C4,868500000,SF7BW125, -108/-6.5,34,819,UpCnf,2026-06-30 12:48:21+00:00,"Dev Addr/Multicast Addr: 06831787
GwEUI: 24E124FFFEFE11C4
AppEUI: 24E124C0002A0001
Device EUI/Group Name: 24E124445E318071
Class Type: Class C
Immediately: -
Timestamp: 583141165
Type: UpCnf
Adr: false
AdrAcKReq: false
Ack: false
Fcnt: 819
Port: 86
Modulation: LORA
Bandwidth: 125
SpreadFactor: 7
Bitrate: 0
CodeRate: 4/5
SNR: -6.5
RSSI: -108
Power: -
Payload(b64): Q1VTVE9NTUVTU0FHRVRFU1RGT1JHUklEQUNUSVZBVElPTg==
Payload(hex): 435553544f4d4d45535341474554455354464f524752494441435449564154494f4e
JSON: {""text"":""CUSTOMMESSAGETESTFORGRIDACTIVATION""}
MIC: 56371fc6",30-06-1451.csv,,30-06-1451,1451,,[1451],[1451],['R1451'],2026-06-30,2026-06-30 14:48:21+02:00,-108.0,-6.5,06831787,24E124FFFEFE11C4,24E124C0002A0001,24E124445E318071,Class C,-,583141165,UpCnf,false,false,false,819,86,LORA,125,7,0,4/5,-6.5,-108,-,Q1VTVE9NTUVTU0FHRVRFU1RGT1JHUklEQUNUSVZBVElPTg==,435553544f4d4d45535341474554455354464f524752494441435449564154494f4e,"{""text"":""CUSTOMMESSAGETESTFORGRIDACTIVATION""}",56371fc6,86.0,435553544f4d4d45535341474554455354464f524752494441435449564154494f4e,{'text': 'CUSTOMMESSAGETESTFORGRIDACTIVATION'},,CUSTOMMESSAGETESTFORGRIDACTIVATION,['R1451'],R1451,['R1451'],['2026-06-30_R1451_01'],['R1451'],True,2026-06-30,True,True,2026-06-30_R1451_01,2026-06-30,R1451,1,7,assigned_manual_window,True,0.0,False,7,83.816,109.60000000000001,2026-06-30 14:48:01+02:00,2026-06-30 14:48:01+02:00,2026-06-30 14:49:20+02:00,False,False,,8,11,3,4,816,826,0.7272727272727273,0.2727272727272727,0.2727272727272727,group_7
24E124445E318071,24E124FFFEFE11C4,868500000,SF7BW125, -108/-7.5,34,819,UpCnf,2026-06-30 12:48:26+00:00,"Dev Addr/Multicast Addr: 06831787
GwEUI: 24E124FFFEFE11C4
AppEUI: 24E124C0002A0001
Device EUI/Group Name: 24E124445E318071
Class Type: Class C
Immediately: -
Timestamp: 587740193
Type: UpCnf
Adr: false
AdrAcKReq: false
Ack: false
Fcnt: 819
Port: 86
Modulation: LORA
Bandwidth: 125
SpreadFactor: 7
Bitrate: 0
CodeRate: 4/5
SNR: -7.5
RSSI: -108
Power: -
Payload(b64): Q1VTVE9NTUVTU0FHRVRFU1RGT1JHUklEQUNUSVZBVElPTg==
Payload(hex): 435553544f4d4d45535341474554455354464f524752494441435449564154494f4e
JSON: {""text"":""CUSTOMMESSAGETESTFORGRIDACTIVATION""}
MIC: 56371fc6",30-06-1451.csv,,30-06-1451,1451,,[1451],[1451],['R1451'],2026-06-30,2026-06-30 14:48:26+02:00,-108.0,-7.5,06831787,24E124FFFEFE11C4,24E124C0002A0001,24E124445E318071,Class C,-,587740193,UpCnf,false,false,false,819,86,LORA,125,7,0,4/5,-7.5,-108,-,Q1VTVE9NTUVTU0FHRVRFU1RGT1JHUklEQUNUSVZBVElPTg==,435553544f4d4d45535341474554455354464f524752494441435449564154494f4e,"{""text"":""CUSTOMMESSAGETESTFORGRIDACTIVATION""}",56371fc6,86.0,435553544f4d4d45535341474554455354464f524752494441435449564154494f4e,{'text': 'CUSTOMMESSAGETESTFORGRIDACTIVATION'},,CUSTOMMESSAGETESTFORGRIDACTIVATION,['R1451'],R1451,['R1451'],['2026-06-30_R1451_01'],['R1451'],True,2026-06-30,True,True,2026-06-30_R1451_01,2026-06-30,R1451,1,7,assigned_manual_window,True,0.0,False,7,83.816,109.60000000000001,2026-06-30 14:48:01+02:00,2026-06-30 14:48:01+02:00,2026-06-30 14:49:20+02:00,False,False,,8,11,3,4,816,826,0.7272727272727273,0.2727272727272727,0.2727272727272727,group_7
24E124445E318071,24E124FFFEFE11C4,868500000,SF7BW125, -108/-7.5,34,820,UpCnf,2026-06-30 12:48:27+00:00,"Dev Addr/Multicast Addr: 06831787
GwEUI: 24E124FFFEFE11C4
AppEUI: 24E124C0002A0001
Device EUI/Group Name: 24E124445E318071
Class Type: Class C
Immediately: -
Timestamp: 589266009
Type: UpCnf
Adr: false
AdrAcKReq: false
Ack: false
Fcnt: 820
Port: 86
Modulation: LORA
Bandwidth: 125
SpreadFactor: 7
Bitrate: 0
CodeRate: 4/5
SNR: -7.5
RSSI: -108
Power: -
Payload(b64): Q1VTVE9NTUVTU0FHRVRFU1RGT1JHUklEQUNUSVZBVElPTg==
Payload(hex): 435553544f4d4d45535341474554455354464f524752494441435449564154494f4e
JSON: {""text"":""CUSTOMMESSAGETESTFORGRIDACTIVATION""}
MIC: a6d713c5",30-06-1451.csv,,30-06-1451,1451,,[1451],[1451],['R1451'],2026-06-30,2026-06-30 14:48:27+02:00,-108.0,-7.5,06831787,24E124FFFEFE11C4,24E124C0002A0001,24E124445E318071,Class C,-,589266009,UpCnf,false,false,false,820,86,LORA,125,7,0,4/5,-7.5,-108,-,Q1VTVE9NTUVTU0FHRVRFU1RGT1JHUklEQUNUSVZBVElPTg==,435553544f4d4d45535341474554455354464f524752494441435449564154494f4e,"{""text"":""CUSTOMMESSAGETESTFORGRIDACTIVATION""}",a6d713c5,86.0,435553544f4d4d45535341474554455354464f524752494441435449564154494f4e,{'text': 'CUSTOMMESSAGETESTFORGRIDACTIVATION'},,CUSTOMMESSAGETESTFORGRIDACTIVATION,['R1451'],R1451,['R1451'],['2026-06-30_R1451_01'],['R1451'],True,2026-06-30,True,True,2026-06-30_R1451_01,2026-06-30,R1451,1,7,assigned_manual_window,True,0.0,False,7,83.816,109.60000000000001,2026-06-30 14:48:01+02:00,2026-06-30 14:48:01+02:00,2026-06-30 14:49:20+02:00,False,False,,8,11,3,4,816,826,0.7272727272727273,0.2727272727272727,0.2727272727272727,group_7
24E124445E318071,24E124FFFEFE11C4,868100000,SF7BW125, -108/-7.2,34,820,UpCnf,2026-06-30 12:48:30+00:00,"Dev Addr/Multicast Addr: 06831787
GwEUI: 24E124FFFEFE11C4
AppEUI: 24E124C0002A0001
Device EUI/Group Name: 24E124445E318071
Class Type: Class C
Immediately: -
Timestamp: 592384086
Type: UpCnf
Adr: false
AdrAcKReq: false
Ack: false
Fcnt: 820
Port: 86
Modulation: LORA
Bandwidth: 125
SpreadFactor: 7
Bitrate: 0
CodeRate: 4/5
SNR: -7.2
RSSI: -108
Power: -
Payload(b64): Q1VTVE9NTUVTU0FHRVRFU1RGT1JHUklEQUNUSVZBVElPTg==
Payload(hex): 435553544f4d4d45535341474554455354464f524752494441435449564154494f4e
JSON: {""text"":""CUSTOMMESSAGETESTFORGRIDACTIVATION""}
MIC: a6d713c5",30-06-1451.csv,,30-06-1451,1451,,[1451],[1451],['R1451'],2026-06-30,2026-06-30 14:48:30+02:00,-108.0,-7.2,06831787,24E124FFFEFE11C4,24E124C0002A0001,24E124445E318071,Class C,-,592384086,UpCnf,false,false,false,820,86,LORA,125,7,0,4/5,-7.2,-108,-,Q1VTVE9NTUVTU0FHRVRFU1RGT1JHUklEQUNUSVZBVElPTg==,435553544f4d4d45535341474554455354464f524752494441435449564154494f4e,"{""text"":""CUSTOMMESSAGETESTFORGRIDACTIVATION""}",a6d713c5,86.0,435553544f4d4d45535341474554455354464f524752494441435449564154494f4e,{'text': 'CUSTOMMESSAGETESTFORGRIDACTIVATION'},,CUSTOMMESSAGETESTFORGRIDACTIVATION,['R1451'],R1451,['R1451'],['2026-06-30_R1451_01'],['R1451'],True,2026-06-30,True,True,2026-06-30_R1451_01,2026-06-30,R1451,1,7,assigned_manual_window,True,0.0,False,7,83.816,109.60000000000001,2026-06-30 14:48:01+02:00,2026-06-30 14:48:01+02:00,2026-06-30 14:49:20+02:00,False,False,,8,11,3,4,816,826,0.7272727272727273,0.2727272727272727,0.2727272727272727,group_7
24E124445E318071,24E124FFFEFE11C4,868100000,SF7BW125, -109/-7.8,34,822,UpCnf,2026-06-30 12:48:45+00:00,"Dev Addr/Multicast Addr: 06831787
GwEUI: 24E124FFFEFE11C4
AppEUI: 24E124C0002A0001
Device EUI/Group Name: 24E124445E318071
Class Type: Class C
Immediately: -
Timestamp: 606682997
Type: UpCnf
Adr: false
AdrAcKReq: false
Ack: false
Fcnt: 822
Port: 86
Modulation: LORA
Bandwidth: 125
SpreadFactor: 7
Bitrate: 0
CodeRate: 4/5
SNR: -7.8
RSSI: -109
Power: -
Payload(b64): Q1VTVE9NTUVTU0FHRVRFU1RGT1JHUklEQUNUSVZBVElPTg==
Payload(hex): 435553544f4d4d45535341474554455354464f524752494441435449564154494f4e
JSON: {""text"":""CUSTOMMESSAGETESTFORGRIDACTIVATION""}
MIC: 7eca1cad",30-06-1451.csv,,30-06-1451,1451,,[1451],[1451],['R1451'],2026-06-30,2026-06-30 14:48:45+02:00,-109.0,-7.8,06831787,24E124FFFEFE11C4,24E124C0002A0001,24E124445E318071,Class C,-,606682997,UpCnf,false,false,false,822,86,LORA,125,7,0,4/5,-7.8,-109,-,Q1VTVE9NTUVTU0FHRVRFU1RGT1JHUklEQUNUSVZBVElPTg==,435553544f4d4d45535341474554455354464f524752494441435449564154494f4e,"{""text"":""CUSTOMMESSAGETESTFORGRIDACTIVATION""}",7eca1cad,86.0,435553544f4d4d45535341474554455354464f524752494441435449564154494f4e,{'text': 'CUSTOMMESSAGETESTFORGRIDACTIVATION'},,CUSTOMMESSAGETESTFORGRIDACTIVATION,['R1451'],R1451,['R1451'],['2026-06-30_R1451_01'],['R1451'],True,2026-06-30,True,True,2026-06-30_R1451_01,2026-06-30,R1451,1,7,assigned_manual_window,True,0.0,False,7,83.816,109.60000000000001,2026-06-30 14:48:01+02:00,2026-06-30 14:48:01+02:00,2026-06-30 14:49:20+02:00,False,False,,8,11,3,4,816,826,0.7272727272727273,0.2727272727272727,0.2727272727272727,group_7
24E124445E318071,24E124FFFEFE11C4,868300000,SF7BW125, -108/-6.8,34,825,UpCnf,2026-06-30 12:49:14+00:00,"Dev Addr/Multicast Addr: 06831787
GwEUI: 24E124FFFEFE11C4
AppEUI: 24E124C0002A0001
Device EUI/Group Name: 24E124445E318071
Class Type: Class C
Immediately: -
Timestamp: 636248096
Type: UpCnf
Adr: false
AdrAcKReq: false
Ack: false
Fcnt: 825
Port: 86
Modulation: LORA
Bandwidth: 125
SpreadFactor: 7
Bitrate: 0
CodeRate: 4/5
SNR: -6.8
RSSI: -108
Power: -
Payload(b64): Q1VTVE9NTUVTU0FHRVRFU1RGT1JHUklEQUNUSVZBVElPTg==
Payload(hex): 435553544f4d4d45535341474554455354464f524752494441435449564154494f4e
JSON: {""text"":""CUSTOMMESSAGETESTFORGRIDACTIVATION""}
MIC: 3b8df802",30-06-1451.csv,,30-06-1451,1451,,[1451],[1451],['R1451'],2026-06-30,2026-06-30 14:49:14+02:00,-108.0,-6.8,06831787,24E124FFFEFE11C4,24E124C0002A0001,24E124445E318071,Class C,-,636248096,UpCnf,false,false,false,825,86,LORA,125,7,0,4/5,-6.8,-108,-,Q1VTVE9NTUVTU0FHRVRFU1RGT1JHUklEQUNUSVZBVElPTg==,435553544f4d4d45535341474554455354464f524752494441435449564154494f4e,"{""text"":""CUSTOMMESSAGETESTFORGRIDACTIVATION""}",3b8df802,86.0,435553544f4d4d45535341474554455354464f524752494441435449564154494f4e,{'text': 'CUSTOMMESSAGETESTFORGRIDACTIVATION'},,CUSTOMMESSAGETESTFORGRIDACTIVATION,['R1451'],R1451,['R1451'],['2026-06-30_R1451_01'],['R1451'],True,2026-06-30,True,True,2026-06-30_R1451_01,2026-06-30,R1451,1,7,assigned_manual_window,True,0.0,False,7,83.816,109.60000000000001,2026-06-30 14:48:01+02:00,2026-06-30 14:48:01+02:00,2026-06-30 14:49:20+02:00,False,False,,8,11,3,4,816,826,0.7272727272727273,0.2727272727272727,0.2727272727272727,group_7
24E124445E318071,24E124FFFEFE11C4,868500000,SF7BW125, -108/-6.2,34,825,UpCnf,2026-06-30 12:49:15+00:00,"Dev Addr/Multicast Addr: 06831787
GwEUI: 24E124FFFEFE11C4
AppEUI: 24E124C0002A0001
Device EUI/Group Name: 24E124445E318071
Class Type: Class C
Immediately: -
Timestamp: 637396572
Type: UpCnf
Adr: false
AdrAcKReq: false
Ack: false
Fcnt: 825
Port: 86
Modulation: LORA
Bandwidth: 125
SpreadFactor: 7
Bitrate: 0
CodeRate: 4/5
SNR: -6.2
RSSI: -108
Power: -
Payload(b64): Q1VTVE9NTUVTU0FHRVRFU1RGT1JHUklEQUNUSVZBVElPTg==
Payload(hex): 435553544f4d4d45535341474554455354464f524752494441435449564154494f4e
JSON: {""text"":""CUSTOMMESSAGETESTFORGRIDACTIVATION""}
MIC: 3b8df802",30-06-1451.csv,,30-06-1451,1451,,[1451],[1451],['R1451'],2026-06-30,2026-06-30 14:49:15+02:00,-108.0,-6.2,06831787,24E124FFFEFE11C4,24E124C0002A0001,24E124445E318071,Class C,-,637396572,UpCnf,false,false,false,825,86,LORA,125,7,0,4/5,-6.2,-108,-,Q1VTVE9NTUVTU0FHRVRFU1RGT1JHUklEQUNUSVZBVElPTg==,435553544f4d4d45535341474554455354464f524752494441435449564154494f4e,"{""text"":""CUSTOMMESSAGETESTFORGRIDACTIVATION""}",3b8df802,86.0,435553544f4d4d45535341474554455354464f524752494441435449564154494f4e,{'text': 'CUSTOMMESSAGETESTFORGRIDACTIVATION'},,CUSTOMMESSAGETESTFORGRIDACTIVATION,['R1451'],R1451,['R1451'],['2026-06-30_R1451_01'],['R1451'],True,2026-06-30,True,True,2026-06-30_R1451_01,2026-06-30,R1451,1,7,assigned_manual_window,True,0.0,False,7,83.816,109.60000000000001,2026-06-30 14:48:01+02:00,2026-06-30 14:48:01+02:00,2026-06-30 14:49:20+02:00,False,False,,8,11,3,4,816,826,0.7272727272727273,0.2727272727272727,0.2727272727272727,group_7
24E124445E318071,24E124FFFEFE11C4,868500000,SF7BW125, -107/-6.0,34,826,UpCnf,2026-06-30 12:49:17+00:00,"Dev Addr/Multicast Addr: 06831787
GwEUI: 24E124FFFEFE11C4
AppEUI: 24E124C0002A0001
Device EUI/Group Name: 24E124445E318071
Class Type: Class C
Immediately: -
Timestamp: 639455024
Type: UpCnf
Adr: false
AdrAcKReq: false
Ack: false
Fcnt: 826
Port: 86
Modulation: LORA
Bandwidth: 125
SpreadFactor: 7
Bitrate: 0
CodeRate: 4/5
SNR: -6.0
RSSI: -107
Power: -
Payload(b64): Q1VTVE9NTUVTU0FHRVRFU1RGT1JHUklEQUNUSVZBVElPTg==
Payload(hex): 435553544f4d4d45535341474554455354464f524752494441435449564154494f4e
JSON: {""text"":""CUSTOMMESSAGETESTFORGRIDACTIVATION""}
MIC: cccd7b4f",30-06-1451.csv,,30-06-1451,1451,,[1451],[1451],['R1451'],2026-06-30,2026-06-30 14:49:17+02:00,-107.0,-6.0,06831787,24E124FFFEFE11C4,24E124C0002A0001,24E124445E318071,Class C,-,639455024,UpCnf,false,false,false,826,86,LORA,125,7,0,4/5,-6.0,-107,-,Q1VTVE9NTUVTU0FHRVRFU1RGT1JHUklEQUNUSVZBVElPTg==,435553544f4d4d45535341474554455354464f524752494441435449564154494f4e,"{""text"":""CUSTOMMESSAGETESTFORGRIDACTIVATION""}",cccd7b4f,86.0,435553544f4d4d45535341474554455354464f524752494441435449564154494f4e,{'text': 'CUSTOMMESSAGETESTFORGRIDACTIVATION'},,CUSTOMMESSAGETESTFORGRIDACTIVATION,['R1451'],R1451,['R1451'],['2026-06-30_R1451_01'],['R1451'],True,2026-06-30,True,True,2026-06-30_R1451_01,2026-06-30,R1451,1,7,assigned_manual_window,True,0.0,False,7,83.816,109.60000000000001,2026-06-30 14:48:01+02:00,2026-06-30 14:48:01+02:00,2026-06-30 14:49:20+02:00,False,False,,8,11,3,4,816,826,0.7272727272727273,0.2727272727272727,0.2727272727272727,group_7
24E124445E318071,24E124FFFEFE11C4,868100000,SF7BW125, -106/-2.5,34,111,UpCnf,2026-07-02 08:37:24+00:00,"Dev Addr/Multicast Addr: 06792e51
GwEUI: 24E124FFFEFE11C4
AppEUI: 24E124C0002A0001
Device EUI/Group Name: 24E124445E318071
Class Type: Class C
Immediately: -
Timestamp: 3706226483
Type: UpCnf
Adr: false
AdrAcKReq: false
Ack: false
Fcnt: 111
Port: 86
Modulation: LORA
Bandwidth: 125
SpreadFactor: 7
Bitrate: 0
CodeRate: 4/5
SNR: -2.5
RSSI: -106
Power: -
Payload(b64): Q1VTVE9NTUVTU0FHRVRFU1RGT1JHUklEQUNUSVZBVElPTg==
Payload(hex): 435553544f4d4d45535341474554455354464f524752494441435449564154494f4e
JSON: {""text"":""CUSTOMMESSAGETESTFORGRIDACTIVATION""}
MIC: 195d317c",02-07- 1451.csv,,02-07- 1451,1451,,[1451],[1451],['R1451'],2026-07-02,2026-07-02 10:37:24+02:00,-106.0,-2.5,06792e51,24E124FFFEFE11C4,24E124C0002A0001,24E124445E318071,Class C,-,3706226483,UpCnf,false,false,false,111,86,LORA,125,7,0,4/5,-2.5,-106,-,Q1VTVE9NTUVTU0FHRVRFU1RGT1JHUklEQUNUSVZBVElPTg==,435553544f4d4d45535341474554455354464f524752494441435449564154494f4e,"{""text"":""CUSTOMMESSAGETESTFORGRIDACTIVATION""}",195d317c,86.0,435553544f4d4d45535341474554455354464f524752494441435449564154494f4e,{'text': 'CUSTOMMESSAGETESTFORGRIDACTIVATION'},,CUSTOMMESSAGETESTFORGRIDACTIVATION,['R1451'],R1451,['R1451'],['2026-07-02_R1451_02'],['R1451'],True,2026-07-02,True,True,2026-07-02_R1451_02,2026-07-02,R1451,2,7,assigned_manual_window,True,0.0,False,7,83.816,109.60000000000001,2026-07-02 10:35:55+02:00,2026-07-02 10:35:55+02:00,2026-07-02 10:37:35+02:00,False,False,2026-07-02 10:41:55+02:00,2,2,0,0,111,112,1.0,0.0,0.0,group_7
24E124445E318071,24E124FFFEFE11C4,868300000,SF7BW125, -107/-7.0,34,112,UpCnf,2026-07-02 08:37:25+00:00,"Dev Addr/Multicast Addr: 06792e51
GwEUI: 24E124FFFEFE11C4
AppEUI: 24E124C0002A0001
Device EUI/Group Name: 24E124445E318071
Class Type: Class C
Immediately: -
Timestamp: 3707506360
Type: UpCnf
Adr: false
AdrAcKReq: false
Ack: false
Fcnt: 112
Port: 86
Modulation: LORA
Bandwidth: 125
SpreadFactor: 7
Bitrate: 0
CodeRate: 4/5
SNR: -7.0
RSSI: -107
Power: -
Payload(b64): Q1VTVE9NTUVTU0FHRVRFU1RGT1JHUklEQUNUSVZBVElPTg==
Payload(hex): 435553544f4d4d45535341474554455354464f524752494441435449564154494f4e
JSON: {""text"":""CUSTOMMESSAGETESTFORGRIDACTIVATION""}
MIC: 0d8a8410",02-07- 1451.csv,,02-07- 1451,1451,,[1451],[1451],['R1451'],2026-07-02,2026-07-02 10:37:25+02:00,-107.0,-7.0,06792e51,24E124FFFEFE11C4,24E124C0002A0001,24E124445E318071,Class C,-,3707506360,UpCnf,false,false,false,112,86,LORA,125,7,0,4/5,-7.0,-107,-,Q1VTVE9NTUVTU0FHRVRFU1RGT1JHUklEQUNUSVZBVElPTg==,435553544f4d4d45535341474554455354464f524752494441435449564154494f4e,"{""text"":""CUSTOMMESSAGETESTFORGRIDACTIVATION""}",0d8a8410,86.0,435553544f4d4d45535341474554455354464f524752494441435449564154494f4e,{'text': 'CUSTOMMESSAGETESTFORGRIDACTIVATION'},,CUSTOMMESSAGETESTFORGRIDACTIVATION,['R1451'],R1451,['R1451'],['2026-07-02_R1451_02'],['R1451'],True,2026-07-02,True,True,2026-07-02_R1451_02,2026-07-02,R1451,2,7,assigned_manual_window,True,0.0,False,7,83.816,109.60000000000001,2026-07-02 10:35:55+02:00,2026-07-02 10:35:55+02:00,2026-07-02 10:37:35+02:00,False,False,2026-07-02 10:41:55+02:00,2,2,0,0,111,112,1.0,0.0,0.0,group_7
24E124445E318071,24E124FFFEFE11C4,868500000,SF7BW125, -97/2.8,34,1586,UpCnf,2026-07-02 11:57:52+00:00,"Dev Addr/Multicast Addr: 06792e51
GwEUI: 24E124FFFEFE11C4
AppEUI: 24E124C0002A0001
Device EUI/Group Name: 24E124445E318071
Class Type: Class C
Immediately: -
Timestamp: 2848844904
Type: UpCnf
Adr: false
AdrAcKReq: false
Ack: false
Fcnt: 1586
Port: 86
Modulation: LORA
Bandwidth: 125
SpreadFactor: 7
Bitrate: 0
CodeRate: 4/5
SNR: 2.8
RSSI: -97
Power: -
Payload(b64): Q1VTVE9NTUVTU0FHRVRFU1RGT1JHUklEQUNUSVZBVElPTg==
Payload(hex): 435553544f4d4d45535341474554455354464f524752494441435449564154494f4e
JSON: {""text"":""CUSTOMMESSAGETESTFORGRIDACTIVATION""}
MIC: 194d41a9","02-07-1100,1159.csv",,"02-07-1100,1159",1100,,"[1100, 1159]","[1100, 1159]","['R1100', 'R1159']",2026-07-02,2026-07-02 13:57:52+02:00,-97.0,2.8,06792e51,24E124FFFEFE11C4,24E124C0002A0001,24E124445E318071,Class C,-,2848844904,UpCnf,false,false,false,1586,86,LORA,125,7,0,4/5,2.8,-97,-,Q1VTVE9NTUVTU0FHRVRFU1RGT1JHUklEQUNUSVZBVElPTg==,435553544f4d4d45535341474554455354464f524752494441435449564154494f4e,"{""text"":""CUSTOMMESSAGETESTFORGRIDACTIVATION""}",194d41a9,86.0,435553544f4d4d45535341474554455354464f524752494441435449564154494f4e,{'text': 'CUSTOMMESSAGETESTFORGRIDACTIVATION'},,CUSTOMMESSAGETESTFORGRIDACTIVATION,"['R1100', 'R1159']",R1100,"['R1100', 'R1159']","['2026-07-02_R1100_01', '2026-07-02_R1159_01']","['R1100', 'R1159']",True,2026-07-02,True,True,2026-07-02_R1159_01,2026-07-02,R1159,1,7,assigned_manual_window,True,0.0,False,7,-83.816,29.700000000000003,2026-07-02 13:57:50+02:00,2026-07-02 13:57:50+02:00,2026-07-02 14:00:21+02:00,False,False,2026-07-02 14:03:55+02:00,33,73,40,2,1586,1658,0.4520547945205479,0.547945205479452,0.547945205479452,group_7
24E124445E318071,24E124FFFEFE11C4,868100000,SF7BW125, -98/8.0,34,1589,UpCnf,2026-07-02 11:57:59+00:00,"Dev Addr/Multicast Addr: 06792e51
GwEUI: 24E124FFFEFE11C4
AppEUI: 24E124C0002A0001
Device EUI/Group Name: 24E124445E318071
Class Type: Class C
Immediately: -
Timestamp: 2855764913
Type: UpCnf
Adr: false
AdrAcKReq: false
Ack: false
Fcnt: 1589
Port: 86
Modulation: LORA
Bandwidth: 125
SpreadFactor: 7
Bitrate: 0
CodeRate: 4/5
SNR: 8.0
RSSI: -98
Power: -
Payload(b64): Q1VTVE9NTUVTU0FHRVRFU1RGT1JHUklEQUNUSVZBVElPTg==
Payload(hex): 435553544f4d4d45535341474554455354464f524752494441435449564154494f4e
JSON: {""text"":""CUSTOMMESSAGETESTFORGRIDACTIVATION""}
MIC: faaa623f","02-07-1100,1159.csv",,"02-07-1100,1159",1100,,"[1100, 1159]","[1100, 1159]","['R1100', 'R1159']",2026-07-02,2026-07-02 13:57:59+02:00,-98.0,8.0,06792e51,24E124FFFEFE11C4,24E124C0002A0001,24E124445E318071,Class C,-,2855764913,UpCnf,false,false,false,1589,86,LORA,125,7,0,4/5,8.0,-98,-,Q1VTVE9NTUVTU0FHRVRFU1RGT1JHUklEQUNUSVZBVElPTg==,435553544f4d4d45535341474554455354464f524752494441435449564154494f4e,"{""text"":""CUSTOMMESSAGETESTFORGRIDACTIVATION""}",faaa623f,86.0,435553544f4d4d45535341474554455354464f524752494441435449564154494f4e,{'text': 'CUSTOMMESSAGETESTFORGRIDACTIVATION'},,CUSTOMMESSAGETESTFORGRIDACTIVATION,"['R1100', 'R1159']",R1100,"['R1100', 'R1159']","['2026-07-02_R1100_01', '2026-07-02_R1159_01']","['R1100', 'R1159']",True,2026-07-02,True,True,2026-07-02_R1159_01,2026-07-02,R1159,1,7,assigned_manual_window,True,0.0,False,7,-83.816,29.700000000000003,2026-07-02 13:57:50+02:00,2026-07-02 13:57:50+02:00,2026-07-02 14:00:21+02:00,False,False,2026-07-02 14:03:55+02:00,33,73,40,2,1586,1658,0.4520547945205479,0.547945205479452,0.547945205479452,group_7
24E124445E318071,24E124FFFEFE11C4,868300000,SF7BW125, -97/8.8,34,1592,UpCnf,2026-07-02 11:58:04+00:00,"Dev Addr/Multicast Addr: 06792e51
GwEUI: 24E124FFFEFE11C4
AppEUI: 24E124C0002A0001
Device EUI/Group Name: 24E124445E318071
Class Type: Class C
Immediately: -
Timestamp: 2860854904
Type: UpCnf
Adr: false
AdrAcKReq: false
Ack: false
Fcnt: 1592
Port: 86
Modulation: LORA
Bandwidth: 125
SpreadFactor: 7
Bitrate: 0
CodeRate: 4/5
SNR: 8.8
RSSI: -97
Power: -
Payload(b64): Q1VTVE9NTUVTU0FHRVRFU1RGT1JHUklEQUNUSVZBVElPTg==
Payload(hex): 435553544f4d4d45535341474554455354464f524752494441435449564154494f4e
JSON: {""text"":""CUSTOMMESSAGETESTFORGRIDACTIVATION""}
MIC: 1e4e3bcd","02-07-1100,1159.csv",,"02-07-1100,1159",1100,,"[1100, 1159]","[1100, 1159]","['R1100', 'R1159']",2026-07-02,2026-07-02 13:58:04+02:00,-97.0,8.8,06792e51,24E124FFFEFE11C4,24E124C0002A0001,24E124445E318071,Class C,-,2860854904,UpCnf,false,false,false,1592,86,LORA,125,7,0,4/5,8.8,-97,-,Q1VTVE9NTUVTU0FHRVRFU1RGT1JHUklEQUNUSVZBVElPTg==,435553544f4d4d45535341474554455354464f524752494441435449564154494f4e,"{""text"":""CUSTOMMESSAGETESTFORGRIDACTIVATION""}",1e4e3bcd,86.0,435553544f4d4d45535341474554455354464f524752494441435449564154494f4e,{'text': 'CUSTOMMESSAGETESTFORGRIDACTIVATION'},,CUSTOMMESSAGETESTFORGRIDACTIVATION,"['R1100', 'R1159']",R1100,"['R1100', 'R1159']","['2026-07-02_R1100_01', '2026-07-02_R1159_01']","['R1100', 'R1159']",True,2026-07-02,True,True,2026-07-02_R1159_01,2026-07-02,R1159,1,7,assigned_manual_window,True,0.0,False,7,-83.816,29.700000000000003,2026-07-02 13:57:50+02:00,2026-07-02 13:57:50+02:00,2026-07-02 14:00:21+02:00,False,False,2026-07-02 14:03:55+02:00,33,73,40,2,1586,1658,0.4520547945205479,0.547945205479452,0.547945205479452,group_7
24E124445E318071,24E124FFFEFE11C4,868300000,SF7BW125, -96/8.8,34,1595,UpCnf,2026-07-02 11:58:08+00:00,"Dev Addr/Multicast Addr: 06792e51
GwEUI: 24E124FFFEFE11C4
AppEUI: 24E124C0002A0001
Device EUI/Group Name: 24E124445E318071
Class Type: Class C
Immediately: -
Timestamp: 2865387869
Type: UpCnf
Adr: false
AdrAcKReq: false
Ack: false
Fcnt: 1595
Port: 86
Modulation: LORA
Bandwidth: 125
SpreadFactor: 7
Bitrate: 0
CodeRate: 4/5
SNR: 8.8
RSSI: -96
Power: -
Payload(b64): Q1VTVE9NTUVTU0FHRVRFU1RGT1JHUklEQUNUSVZBVElPTg==
Payload(hex): 435553544f4d4d45535341474554455354464f524752494441435449564154494f4e
JSON: {""text"":""CUSTOMMESSAGETESTFORGRIDACTIVATION""}
MIC: 4e40c609","02-07-1100,1159.csv",,"02-07-1100,1159",1100,,"[1100, 1159]","[1100, 1159]","['R1100', 'R1159']",2026-07-02,2026-07-02 13:58:08+02:00,-96.0,8.8,06792e51,24E124FFFEFE11C4,24E124C0002A0001,24E124445E318071,Class C,-,2865387869,UpCnf,false,false,false,1595,86,LORA,125,7,0,4/5,8.8,-96,-,Q1VTVE9NTUVTU0FHRVRFU1RGT1JHUklEQUNUSVZBVElPTg==,435553544f4d4d45535341474554455354464f524752494441435449564154494f4e,"{""text"":""CUSTOMMESSAGETESTFORGRIDACTIVATION""}",4e40c609,86.0,435553544f4d4d45535341474554455354464f524752494441435449564154494f4e,{'text': 'CUSTOMMESSAGETESTFORGRIDACTIVATION'},,CUSTOMMESSAGETESTFORGRIDACTIVATION,"['R1100', 'R1159']",R1100,"['R1100', 'R1159']","['2026-07-02_R1100_01', '2026-07-02_R1159_01']","['R1100', 'R1159']",True,2026-07-02,True,True,2026-07-02_R1159_01,2026-07-02,R1159,1,7,assigned_manual_window,True,0.0,False,7,-83.816,29.700000000000003,2026-07-02 13:57:50+02:00,2026-07-02 13:57:50+02:00,2026-07-02 14:00:21+02:00,False,False,2026-07-02 14:03:55+02:00,33,73,40,2,1586,1658,0.4520547945205479,0.547945205479452,0.547945205479452,group_7
24E124445E318071,24E124FFFEFE11C4,868300000,SF7BW125, -97/7.0,34,1597,UpCnf,2026-07-02 11:58:12+00:00,"Dev Addr/Multicast Addr: 06792e51
GwEUI: 24E124FFFEFE11C4
AppEUI: 24E124C0002A0001
Device EUI/Group Name: 24E124445E318071
Class Type: Class C
Immediately: -
Timestamp: 2868877879
Type: UpCnf
Adr: false
AdrAcKReq: false
Ack: false
Fcnt: 1597
Port: 86
Modulation: LORA
Bandwidth: 125
SpreadFactor: 7
Bitrate: 0
CodeRate: 4/5
SNR: 7.0
RSSI: -97
Power: -
Payload(b64): Q1VTVE9NTUVTU0FHRVRFU1RGT1JHUklEQUNUSVZBVElPTg==
Payload(hex): 435553544f4d4d45535341474554455354464f524752494441435449564154494f4e
JSON: {""text"":""CUSTOMMESSAGETESTFORGRIDACTIVATION""}
MIC: eb6effd4","02-07-1100,1159.csv",,"02-07-1100,1159",1100,,"[1100, 1159]","[1100, 1159]","['R1100', 'R1159']",2026-07-02,2026-07-02 13:58:12+02:00,-97.0,7.0,06792e51,24E124FFFEFE11C4,24E124C0002A0001,24E124445E318071,Class C,-,2868877879,UpCnf,false,false,false,1597,86,LORA,125,7,0,4/5,7.0,-97,-,Q1VTVE9NTUVTU0FHRVRFU1RGT1JHUklEQUNUSVZBVElPTg==,435553544f4d4d45535341474554455354464f524752494441435449564154494f4e,"{""text"":""CUSTOMMESSAGETESTFORGRIDACTIVATION""}",eb6effd4,86.0,435553544f4d4d45535341474554455354464f524752494441435449564154494f4e,{'text': 'CUSTOMMESSAGETESTFORGRIDACTIVATION'},,CUSTOMMESSAGETESTFORGRIDACTIVATION,"['R1100', 'R1159']",R1100,"['R1100', 'R1159']","['2026-07-02_R1100_01', '2026-07-02_R1159_01']","['R1100', 'R1159']",True,2026-07-02,True,True,2026-07-02_R1159_01,2026-07-02,R1159,1,7,assigned_manual_window,True,0.0,False,7,-83.816,29.700000000000003,2026-07-02 13:57:50+02:00,2026-07-02 13:57:50+02:00,2026-07-02 14:00:21+02:00,False,False,2026-07-02 14:03:55+02:00,33,73,40,2,1586,1658,0.4520547945205479,0.547945205479452,0.547945205479452,group_7
24E124445E318071,24E124FFFEFE11C4,868500000,SF7BW125, -96/3.0,34,1600,UpCnf,2026-07-02 11:58:18+00:00,"Dev Addr/Multicast Addr: 06792e51
GwEUI: 24E124FFFEFE11C4
AppEUI: 24E124C0002A0001
Device EUI/Group Name: 24E124445E318071
Class Type: Class C
Immediately: -
Timestamp: 2875180877
Type: UpCnf
Adr: false
AdrAcKReq: false
Ack: false
Fcnt: 1600
Port: 86
Modulation: LORA
Bandwidth: 125
SpreadFactor: 7
Bitrate: 0
CodeRate: 4/5
SNR: 3.0
RSSI: -96
Power: -
Payload(b64): Q1VTVE9NTUVTU0FHRVRFU1RGT1JHUklEQUNUSVZBVElPTg==
Payload(hex): 435553544f4d4d45535341474554455354464f524752494441435449564154494f4e
JSON: {""text"":""CUSTOMMESSAGETESTFORGRIDACTIVATION""}
MIC: ea653276","02-07-1100,1159.csv",,"02-07-1100,1159",1100,,"[1100, 1159]","[1100, 1159]","['R1100', 'R1159']",2026-07-02,2026-07-02 13:58:18+02:00,-96.0,3.0,06792e51,24E124FFFEFE11C4,24E124C0002A0001,24E124445E318071,Class C,-,2875180877,UpCnf,false,false,false,1600,86,LORA,125,7,0,4/5,3.0,-96,-,Q1VTVE9NTUVTU0FHRVRFU1RGT1JHUklEQUNUSVZBVElPTg==,435553544f4d4d45535341474554455354464f524752494441435449564154494f4e,"{""text"":""CUSTOMMESSAGETESTFORGRIDACTIVATION""}",ea653276,86.0,435553544f4d4d45535341474554455354464f524752494441435449564154494f4e,{'text': 'CUSTOMMESSAGETESTFORGRIDACTIVATION'},,CUSTOMMESSAGETESTFORGRIDACTIVATION,"['R1100', 'R1159']",R1100,"['R1100', 'R1159']","['2026-07-02_R1100_01', '2026-07-02_R1159_01']","['R1100', 'R1159']",True,2026-07-02,True,True,2026-07-02_R1159_01,2026-07-02,R1159,1,7,assigned_manual_window,True,0.0,False,7,-83.816,29.700000000000003,2026-07-02 13:57:50+02:00,2026-07-02 13:57:50+02:00,2026-07-02 14:00:21+02:00,False,False,2026-07-02 14:03:55+02:00,33,73,40,2,1586,1658,0.4520547945205479,0.547945205479452,0.547945205479452,group_7
24E124445E318071,24E124FFFEFE11C4,868100000,SF7BW125, -98/7.8,34,1603,UpCnf,2026-07-02 11:58:24+00:00,"Dev Addr/Multicast Addr: 06792e51
GwEUI: 24E124FFFEFE11C4
AppEUI: 24E124C0002A0001
Device EUI/Group Name: 24E124445E318071
Class Type: Class C
Immediately: -
Timestamp: 2880732839
Type: UpCnf
Adr: false
AdrAcKReq: false
Ack: false
Fcnt: 1603
Port: 86
Modulation: LORA
Bandwidth: 125
SpreadFactor: 7
Bitrate: 0
CodeRate: 4/5
SNR: 7.8
RSSI: -98
Power: -
Payload(b64): Q1VTVE9NTUVTU0FHRVRFU1RGT1JHUklEQUNUSVZBVElPTg==
Payload(hex): 435553544f4d4d45535341474554455354464f524752494441435449564154494f4e
JSON: {""text"":""CUSTOMMESSAGETESTFORGRIDACTIVATION""}
MIC: dfe2f21b","02-07-1100,1159.csv",,"02-07-1100,1159",1100,,"[1100, 1159]","[1100, 1159]","['R1100', 'R1159']",2026-07-02,2026-07-02 13:58:24+02:00,-98.0,7.8,06792e51,24E124FFFEFE11C4,24E124C0002A0001,24E124445E318071,Class C,-,2880732839,UpCnf,false,false,false,1603,86,LORA,125,7,0,4/5,7.8,-98,-,Q1VTVE9NTUVTU0FHRVRFU1RGT1JHUklEQUNUSVZBVElPTg==,435553544f4d4d45535341474554455354464f524752494441435449564154494f4e,"{""text"":""CUSTOMMESSAGETESTFORGRIDACTIVATION""}",dfe2f21b,86.0,435553544f4d4d45535341474554455354464f524752494441435449564154494f4e,{'text': 'CUSTOMMESSAGETESTFORGRIDACTIVATION'},,CUSTOMMESSAGETESTFORGRIDACTIVATION,"['R1100', 'R1159']",R1100,"['R1100', 'R1159']","['2026-07-02_R1100_01', '2026-07-02_R1159_01']","['R1100', 'R1159']",True,2026-07-02,True,True,2026-07-02_R1159_01,2026-07-02,R1159,1,7,assigned_manual_window,True,0.0,False,7,-83.816,29.700000000000003,2026-07-02 13:57:50+02:00,2026-07-02 13:57:50+02:00,2026-07-02 14:00:21+02:00,False,False,2026-07-02 14:03:55+02:00,33,73,40,2,1586,1658,0.4520547945205479,0.547945205479452,0.547945205479452,group_7
24E124445E318071,24E124FFFEFE11C4,868300000,SF7BW125, -97/8.0,34,1606,UpCnf,2026-07-02 11:58:30+00:00,"Dev Addr/Multicast Addr: 06792e51
GwEUI: 24E124FFFEFE11C4
AppEUI: 24E124C0002A0001
Device EUI/Group Name: 24E124445E318071
Class Type: Class C
Immediately: -
Timestamp: 2886940842
Type: UpCnf
Adr: false
AdrAcKReq: false
Ack: false
Fcnt: 1606
Port: 86
Modulation: LORA
Bandwidth: 125
SpreadFactor: 7
Bitrate: 0
CodeRate: 4/5
SNR: 8.0
RSSI: -97
Power: -
Payload(b64): Q1VTVE9NTUVTU0FHRVRFU1RGT1JHUklEQUNUSVZBVElPTg==
Payload(hex): 435553544f4d4d45535341474554455354464f524752494441435449564154494f4e
JSON: {""text"":""CUSTOMMESSAGETESTFORGRIDACTIVATION""}
MIC: 1f8c0630","02-07-1100,1159.csv",,"02-07-1100,1159",1100,,"[1100, 1159]","[1100, 1159]","['R1100', 'R1159']",2026-07-02,2026-07-02 13:58:30+02:00,-97.0,8.0,06792e51,24E124FFFEFE11C4,24E124C0002A0001,24E124445E318071,Class C,-,2886940842,UpCnf,false,false,false,1606,86,LORA,125,7,0,4/5,8.0,-97,-,Q1VTVE9NTUVTU0FHRVRFU1RGT1JHUklEQUNUSVZBVElPTg==,435553544f4d4d45535341474554455354464f524752494441435449564154494f4e,"{""text"":""CUSTOMMESSAGETESTFORGRIDACTIVATION""}",1f8c0630,86.0,435553544f4d4d45535341474554455354464f524752494441435449564154494f4e,{'text': 'CUSTOMMESSAGETESTFORGRIDACTIVATION'},,CUSTOMMESSAGETESTFORGRIDACTIVATION,"['R1100', 'R1159']",R1100,"['R1100', 'R1159']","['2026-07-02_R1100_01', '2026-07-02_R1159_01']","['R1100', 'R1159']",True,2026-07-02,True,True,2026-07-02_R1159_01,2026-07-02,R1159,1,7,assigned_manual_window,True,0.0,False,7,-83.816,29.700000000000003,2026-07-02 13:57:50+02:00,2026-07-02 13:57:50+02:00,2026-07-02 14:00:21+02:00,False,False,2026-07-02 14:03:55+02:00,33,73,40,2,1586,1658,0.4520547945205479,0.547945205479452,0.547945205479452,group_7
24E124445E318071,24E124FFFEFE11C4,868300000,SF7BW125, -97/8.0,34,1609,UpCnf,2026-07-02 11:58:36+00:00,"Dev Addr/Multicast Addr: 06792e51
GwEUI: 24E124FFFEFE11C4
AppEUI: 24E124C0002A0001
Device EUI/Group Name: 24E124445E318071
Class Type: Class C
Immediately: -
Timestamp: 2892952856
Type: UpCnf
Adr: false
AdrAcKReq: false
Ack: false
Fcnt: 1609
Port: 86
Modulation: LORA
Bandwidth: 125
SpreadFactor: 7
Bitrate: 0
CodeRate: 4/5
SNR: 8.0
RSSI: -97
Power: -
Payload(b64): Q1VTVE9NTUVTU0FHRVRFU1RGT1JHUklEQUNUSVZBVElPTg==
Payload(hex): 435553544f4d4d45535341474554455354464f524752494441435449564154494f4e
JSON: {""text"":""CUSTOMMESSAGETESTFORGRIDACTIVATION""}
MIC: 0842f407","02-07-1100,1159.csv",,"02-07-1100,1159",1100,,"[1100, 1159]","[1100, 1159]","['R1100', 'R1159']",2026-07-02,2026-07-02 13:58:36+02:00,-97.0,8.0,06792e51,24E124FFFEFE11C4,24E124C0002A0001,24E124445E318071,Class C,-,2892952856,UpCnf,false,false,false,1609,86,LORA,125,7,0,4/5,8.0,-97,-,Q1VTVE9NTUVTU0FHRVRFU1RGT1JHUklEQUNUSVZBVElPTg==,435553544f4d4d45535341474554455354464f524752494441435449564154494f4e,"{""text"":""CUSTOMMESSAGETESTFORGRIDACTIVATION""}",0842f407,86.0,435553544f4d4d45535341474554455354464f524752494441435449564154494f4e,{'text': 'CUSTOMMESSAGETESTFORGRIDACTIVATION'},,CUSTOMMESSAGETESTFORGRIDACTIVATION,"['R1100', 'R1159']",R1100,"['R1100', 'R1159']","['2026-07-02_R1100_01', '2026-07-02_R1159_01']","['R1100', 'R1159']",True,2026-07-02,True,True,2026-07-02_R1159_01,2026-07-02,R1159,1,7,assigned_manual_window,True,0.0,False,7,-83.816,29.700000000000003,2026-07-02 13:57:50+02:00,2026-07-02 13:57:50+02:00,2026-07-02 14:00:21+02:00,False,False,2026-07-02 14:03:55+02:00,33,73,40,2,1586,1658,0.4520547945205479,0.547945205479452,0.547945205479452,group_7
24E124445E318071,24E124FFFEFE11C4,868300000,SF7BW125, -97/8.2,34,1612,UpCnf,2026-07-02 11:58:40+00:00,"Dev Addr/Multicast Addr: 06792e51
GwEUI: 24E124FFFEFE11C4
AppEUI: 24E124C0002A0001
Device EUI/Group Name: 24E124445E318071
Class Type: Class C
Immediately: -
Timestamp: 2896754338
Type: UpCnf
Adr: false
AdrAcKReq: false
Ack: false
Fcnt: 1612
Port: 86
Modulation: LORA
Bandwidth: 125
SpreadFactor: 7
Bitrate: 0
CodeRate: 4/5
SNR: 8.2
RSSI: -97
Power: -
Payload(b64): Q1VTVE9NTUVTU0FHRVRFU1RGT1JHUklEQUNUSVZBVElPTg==
Payload(hex): 435553544f4d4d45535341474554455354464f524752494441435449564154494f4e
JSON: {""text"":""CUSTOMMESSAGETESTFORGRIDACTIVATION""}
MIC: 5beafc6c","02-07-1100,1159.csv",,"02-07-1100,1159",1100,,"[1100, 1159]","[1100, 1159]","['R1100', 'R1159']",2026-07-02,2026-07-02 13:58:40+02:00,-97.0,8.2,06792e51,24E124FFFEFE11C4,24E124C0002A0001,24E124445E318071,Class C,-,2896754338,UpCnf,false,false,false,1612,86,LORA,125,7,0,4/5,8.2,-97,-,Q1VTVE9NTUVTU0FHRVRFU1RGT1JHUklEQUNUSVZBVElPTg==,435553544f4d4d45535341474554455354464f524752494441435449564154494f4e,"{""text"":""CUSTOMMESSAGETESTFORGRIDACTIVATION""}",5beafc6c,86.0,435553544f4d4d45535341474554455354464f524752494441435449564154494f4e,{'text': 'CUSTOMMESSAGETESTFORGRIDACTIVATION'},,CUSTOMMESSAGETESTFORGRIDACTIVATION,"['R1100', 'R1159']",R1100,"['R1100', 'R1159']","['2026-07-02_R1100_01', '2026-07-02_R1159_01']","['R1100', 'R1159']",True,2026-07-02,True,True,2026-07-02_R1159_01,2026-07-02,R1159,1,7,assigned_manual_window,True,0.0,False,7,-83.816,29.700000000000003,2026-07-02 13:57:50+02:00,2026-07-02 13:57:50+02:00,2026-07-02 14:00:21+02:00,False,False,2026-07-02 14:03:55+02:00,33,73,40,2,1586,1658,0.4520547945205479,0.547945205479452,0.547945205479452,group_7
24E124445E318071,24E124FFFEFE11C4,868100000,SF7BW125, -98/6.2,34,1615,UpCnf,2026-07-02 11:58:45+00:00,"Dev Addr/Multicast Addr: 06792e51
GwEUI: 24E124FFFEFE11C4
AppEUI: 24E124C0002A0001
Device EUI/Group Name: 24E124445E318071
Class Type: Class C
Immediately: -
Timestamp: 2901699830
Type: UpCnf
Adr: false
AdrAcKReq: false
Ack: false
Fcnt: 1615
Port: 86
Modulation: LORA
Bandwidth: 125
SpreadFactor: 7
Bitrate: 0
CodeRate: 4/5
SNR: 6.2
RSSI: -98
Power: -
Payload(b64): Q1VTVE9NTUVTU0FHRVRFU1RGT1JHUklEQUNUSVZBVElPTg==
Payload(hex): 435553544f4d4d45535341474554455354464f524752494441435449564154494f4e
JSON: {""text"":""CUSTOMMESSAGETESTFORGRIDACTIVATION""}
MIC: 3db32f19","02-07-1100,1159.csv",,"02-07-1100,1159",1100,,"[1100, 1159]","[1100, 1159]","['R1100', 'R1159']",2026-07-02,2026-07-02 13:58:45+02:00,-98.0,6.2,06792e51,24E124FFFEFE11C4,24E124C0002A0001,24E124445E318071,Class C,-,2901699830,UpCnf,false,false,false,1615,86,LORA,125,7,0,4/5,6.2,-98,-,Q1VTVE9NTUVTU0FHRVRFU1RGT1JHUklEQUNUSVZBVElPTg==,435553544f4d4d45535341474554455354464f524752494441435449564154494f4e,"{""text"":""CUSTOMMESSAGETESTFORGRIDACTIVATION""}",3db32f19,86.0,435553544f4d4d45535341474554455354464f524752494441435449564154494f4e,{'text': 'CUSTOMMESSAGETESTFORGRIDACTIVATION'},,CUSTOMMESSAGETESTFORGRIDACTIVATION,"['R1100', 'R1159']",R1100,"['R1100', 'R1159']","['2026-07-02_R1100_01', '2026-07-02_R1159_01']","['R1100', 'R1159']",True,2026-07-02,True,True,2026-07-02_R1159_01,2026-07-02,R1159,1,7,assigned_manual_window,True,0.0,False,7,-83.816,29.700000000000003,2026-07-02 13:57:50+02:00,2026-07-02 13:57:50+02:00,2026-07-02 14:00:21+02:00,False,False,2026-07-02 14:03:55+02:00,33,73,40,2,1586,1658,0.4520547945205479,0.547945205479452,0.547945205479452,group_7
24E124445E318071,24E124FFFEFE11C4,868100000,SF7BW125, -98/7.8,34,1618,UpCnf,2026-07-02 11:58:50+00:00,"Dev Addr/Multicast Addr: 06792e51
GwEUI: 24E124FFFEFE11C4
AppEUI: 24E124C0002A0001
Device EUI/Group Name: 24E124445E318071
Class Type: Class C
Immediately: -
Timestamp: 2907250827
Type: UpCnf
Adr: false
AdrAcKReq: false
Ack: false
Fcnt: 1618
Port: 86
Modulation: LORA
Bandwidth: 125
SpreadFactor: 7
Bitrate: 0
CodeRate: 4/5
SNR: 7.8
RSSI: -98
Power: -
Payload(b64): Q1VTVE9NTUVTU0FHRVRFU1RGT1JHUklEQUNUSVZBVElPTg==
Payload(hex): 435553544f4d4d45535341474554455354464f524752494441435449564154494f4e
JSON: {""text"":""CUSTOMMESSAGETESTFORGRIDACTIVATION""}
MIC: ac2f4e72","02-07-1100,1159.csv",,"02-07-1100,1159",1100,,"[1100, 1159]","[1100, 1159]","['R1100', 'R1159']",2026-07-02,2026-07-02 13:58:50+02:00,-98.0,7.8,06792e51,24E124FFFEFE11C4,24E124C0002A0001,24E124445E318071,Class C,-,2907250827,UpCnf,false,false,false,1618,86,LORA,125,7,0,4/5,7.8,-98,-,Q1VTVE9NTUVTU0FHRVRFU1RGT1JHUklEQUNUSVZBVElPTg==,435553544f4d4d45535341474554455354464f524752494441435449564154494f4e,"{""text"":""CUSTOMMESSAGETESTFORGRIDACTIVATION""}",ac2f4e72,86.0,435553544f4d4d45535341474554455354464f524752494441435449564154494f4e,{'text': 'CUSTOMMESSAGETESTFORGRIDACTIVATION'},,CUSTOMMESSAGETESTFORGRIDACTIVATION,"['R1100', 'R1159']",R1100,"['R1100', 'R1159']","['2026-07-02_R1100_01', '2026-07-02_R1159_01']","['R1100', 'R1159']",True,2026-07-02,True,True,2026-07-02_R1159_01,2026-07-02,R1159,1,7,assigned_manual_window,True,0.0,False,7,-83.816,29.700000000000003,2026-07-02 13:57:50+02:00,2026-07-02 13:57:50+02:00,2026-07-02 14:00:21+02:00,False,False,2026-07-02 14:03:55+02:00,33,73,40,2,1586,1658,0.4520547945205479,0.547945205479452,0.547945205479452,group_7
24E124445E318071,24E124FFFEFE11C4,868500000,SF7BW125, -96/3.5,34,1621,UpCnf,2026-07-02 11:58:55+00:00,"Dev Addr/Multicast Addr: 06792e51
GwEUI: 24E124FFFEFE11C4
AppEUI: 24E124C0002A0001
Device EUI/Group Name: 24E124445E318071
Class Type: Class C
Immediately: -
Timestamp: 2912118796
Type: UpCnf
Adr: false
AdrAcKReq: false
Ack: false
Fcnt: 1621
Port: 86
Modulation: LORA
Bandwidth: 125
SpreadFactor: 7
Bitrate: 0
CodeRate: 4/5
SNR: 3.5
RSSI: -96
Power: -
Payload(b64): Q1VTVE9NTUVTU0FHRVRFU1RGT1JHUklEQUNUSVZBVElPTg==
Payload(hex): 435553544f4d4d45535341474554455354464f524752494441435449564154494f4e
JSON: {""text"":""CUSTOMMESSAGETESTFORGRIDACTIVATION""}
MIC: 731f2961","02-07-1100,1159.csv",,"02-07-1100,1159",1100,,"[1100, 1159]","[1100, 1159]","['R1100', 'R1159']",2026-07-02,2026-07-02 13:58:55+02:00,-96.0,3.5,06792e51,24E124FFFEFE11C4,24E124C0002A0001,24E124445E318071,Class C,-,2912118796,UpCnf,false,false,false,1621,86,LORA,125,7,0,4/5,3.5,-96,-,Q1VTVE9NTUVTU0FHRVRFU1RGT1JHUklEQUNUSVZBVElPTg==,435553544f4d4d45535341474554455354464f524752494441435449564154494f4e,"{""text"":""CUSTOMMESSAGETESTFORGRIDACTIVATION""}",731f2961,86.0,435553544f4d4d45535341474554455354464f524752494441435449564154494f4e,{'text': 'CUSTOMMESSAGETESTFORGRIDACTIVATION'},,CUSTOMMESSAGETESTFORGRIDACTIVATION,"['R1100', 'R1159']",R1100,"['R1100', 'R1159']","['2026-07-02_R1100_01', '2026-07-02_R1159_01']","['R1100', 'R1159']",True,2026-07-02,True,True,2026-07-02_R1159_01,2026-07-02,R1159,1,7,assigned_manual_window,True,0.0,False,7,-83.816,29.700000000000003,2026-07-02 13:57:50+02:00,2026-07-02 13:57:50+02:00,2026-07-02 14:00:21+02:00,False,False,2026-07-02 14:03:55+02:00,33,73,40,2,1586,1658,0.4520547945205479,0.547945205479452,0.547945205479452,group_7
24E124445E318071,24E124FFFEFE11C4,868300000,SF7BW125, -97/8.2,34,1623,UpCnf,2026-07-02 11:58:58+00:00,"Dev Addr/Multicast Addr: 06792e51
GwEUI: 24E124FFFEFE11C4
AppEUI: 24E124C0002A0001
Device EUI/Group Name: 24E124445E318071
Class Type: Class C
Immediately: -
Timestamp: 2914699723
Type: UpCnf
Adr: false
AdrAcKReq: false
Ack: false
Fcnt: 1623
Port: 86
Modulation: LORA
Bandwidth: 125
SpreadFactor: 7
Bitrate: 0
CodeRate: 4/5
SNR: 8.2
RSSI: -97
Power: -
Payload(b64): Q1VTVE9NTUVTU0FHRVRFU1RGT1JHUklEQUNUSVZBVElPTg==
Payload(hex): 435553544f4d4d45535341474554455354464f524752494441435449564154494f4e
JSON: {""text"":""CUSTOMMESSAGETESTFORGRIDACTIVATION""}
MIC: 877347fc","02-07-1100,1159.csv",,"02-07-1100,1159",1100,,"[1100, 1159]","[1100, 1159]","['R1100', 'R1159']",2026-07-02,2026-07-02 13:58:58+02:00,-97.0,8.2,06792e51,24E124FFFEFE11C4,24E124C0002A0001,24E124445E318071,Class C,-,2914699723,UpCnf,false,false,false,1623,86,LORA,125,7,0,4/5,8.2,-97,-,Q1VTVE9NTUVTU0FHRVRFU1RGT1JHUklEQUNUSVZBVElPTg==,435553544f4d4d45535341474554455354464f524752494441435449564154494f4e,"{""text"":""CUSTOMMESSAGETESTFORGRIDACTIVATION""}",877347fc,86.0,435553544f4d4d45535341474554455354464f524752494441435449564154494f4e,{'text': 'CUSTOMMESSAGETESTFORGRIDACTIVATION'},,CUSTOMMESSAGETESTFORGRIDACTIVATION,"['R1100', 'R1159']",R1100,"['R1100', 'R1159']","['2026-07-02_R1100_01', '2026-07-02_R1159_01']","['R1100', 'R1159']",True,2026-07-02,True,True,2026-07-02_R1159_01,2026-07-02,R1159,1,7,assigned_manual_window,True,0.0,False,7,-83.816,29.700000000000003,2026-07-02 13:57:50+02:00,2026-07-02 13:57:50+02:00,2026-07-02 14:00:21+02:00,False,False,2026-07-02 14:03:55+02:00,33,73,40,2,1586,1658,0.4520547945205479,0.547945205479452,0.547945205479452,group_7
24E124445E318071,24E124FFFEFE11C4,868100000,SF7BW125, -98/7.0,34,1626,UpCnf,2026-07-02 11:59:04+00:00,"Dev Addr/Multicast Addr: 06792e51
GwEUI: 24E124FFFEFE11C4
AppEUI: 24E124C0002A0001
Device EUI/Group Name: 24E124445E318071
Class Type: Class C
Immediately: -
Timestamp: 2921202794
Type: UpCnf
Adr: false
AdrAcKReq: false
Ack: false
Fcnt: 1626
Port: 86
Modulation: LORA
Bandwidth: 125
SpreadFactor: 7
Bitrate: 0
CodeRate: 4/5
SNR: 7.0
RSSI: -98
Power: -
Payload(b64): Q1VTVE9NTUVTU0FHRVRFU1RGT1JHUklEQUNUSVZBVElPTg==
Payload(hex): 435553544f4d4d45535341474554455354464f524752494441435449564154494f4e
JSON: {""text"":""CUSTOMMESSAGETESTFORGRIDACTIVATION""}
MIC: 21c84933","02-07-1100,1159.csv",,"02-07-1100,1159",1100,,"[1100, 1159]","[1100, 1159]","['R1100', 'R1159']",2026-07-02,2026-07-02 13:59:04+02:00,-98.0,7.0,06792e51,24E124FFFEFE11C4,24E124C0002A0001,24E124445E318071,Class C,-,2921202794,UpCnf,false,false,false,1626,86,LORA,125,7,0,4/5,7.0,-98,-,Q1VTVE9NTUVTU0FHRVRFU1RGT1JHUklEQUNUSVZBVElPTg==,435553544f4d4d45535341474554455354464f524752494441435449564154494f4e,"{""text"":""CUSTOMMESSAGETESTFORGRIDACTIVATION""}",21c84933,86.0,435553544f4d4d45535341474554455354464f524752494441435449564154494f4e,{'text': 'CUSTOMMESSAGETESTFORGRIDACTIVATION'},,CUSTOMMESSAGETESTFORGRIDACTIVATION,"['R1100', 'R1159']",R1100,"['R1100', 'R1159']","['2026-07-02_R1100_01', '2026-07-02_R1159_01']","['R1100', 'R1159']",True,2026-07-02,True,True,2026-07-02_R1159_01,2026-07-02,R1159,1,7,assigned_manual_window,True,0.0,False,7,-83.816,29.700000000000003,2026-07-02 13:57:50+02:00,2026-07-02 13:57:50+02:00,2026-07-02 14:00:21+02:00,False,False,2026-07-02 14:03:55+02:00,33,73,40,2,1586,1658,0.4520547945205479,0.547945205479452,0.547945205479452,group_7
24E124445E318071,24E124FFFEFE11C4,868300000,SF7BW125, -98/7.8,34,1627,UpCnf,2026-07-02 11:59:06+00:00,"Dev Addr/Multicast Addr: 06792e51
GwEUI: 24E124FFFEFE11C4
AppEUI: 24E124C0002A0001
Device EUI/Group Name: 24E124445E318071
Class Type: Class C
Immediately: -
Timestamp: 2923391778
Type: UpCnf
Adr: false
AdrAcKReq: false
Ack: false
Fcnt: 1627
Port: 86
Modulation: LORA
Bandwidth: 125
SpreadFactor: 7
Bitrate: 0
CodeRate: 4/5
SNR: 7.8
RSSI: -98
Power: -
Payload(b64): Q1VTVE9NTUVTU0FHRVRFU1RGT1JHUklEQUNUSVZBVElPTg==
Payload(hex): 435553544f4d4d45535341474554455354464f524752494441435449564154494f4e
JSON: {""text"":""CUSTOMMESSAGETESTFORGRIDACTIVATION""}
MIC: b1ffe46e","02-07-1100,1159.csv",,"02-07-1100,1159",1100,,"[1100, 1159]","[1100, 1159]","['R1100', 'R1159']",2026-07-02,2026-07-02 13:59:06+02:00,-98.0,7.8,06792e51,24E124FFFEFE11C4,24E124C0002A0001,24E124445E318071,Class C,-,2923391778,UpCnf,false,false,false,1627,86,LORA,125,7,0,4/5,7.8,-98,-,Q1VTVE9NTUVTU0FHRVRFU1RGT1JHUklEQUNUSVZBVElPTg==,435553544f4d4d45535341474554455354464f524752494441435449564154494f4e,"{""text"":""CUSTOMMESSAGETESTFORGRIDACTIVATION""}",b1ffe46e,86.0,435553544f4d4d45535341474554455354464f524752494441435449564154494f4e,{'text': 'CUSTOMMESSAGETESTFORGRIDACTIVATION'},,CUSTOMMESSAGETESTFORGRIDACTIVATION,"['R1100', 'R1159']",R1100,"['R1100', 'R1159']","['2026-07-02_R1100_01', '2026-07-02_R1159_01']","['R1100', 'R1159']",True,2026-07-02,True,True,2026-07-02_R1159_01,2026-07-02,R1159,1,7,assigned_manual_window,True,0.0,False,7,-83.816,29.700000000000003,2026-07-02 13:57:50+02:00,2026-07-02 13:57:50+02:00,2026-07-02 14:00:21+02:00,False,False,2026-07-02 14:03:55+02:00,33,73,40,2,1586,1658,0.4520547945205479,0.547945205479452,0.547945205479452,group_7
24E124445E318071,24E124FFFEFE11C4,868500000,SF7BW125, -96/3.0,34,1630,UpCnf,2026-07-02 11:59:11+00:00,"Dev Addr/Multicast Addr: 06792e51
GwEUI: 24E124FFFEFE11C4
AppEUI: 24E124C0002A0001
Device EUI/Group Name: 24E124445E318071
Class Type: Class C
Immediately: -
Timestamp: 2928224731
Type: UpCnf
Adr: false
AdrAcKReq: false
Ack: false
Fcnt: 1630
Port: 86
Modulation: LORA
Bandwidth: 125
SpreadFactor: 7
Bitrate: 0
CodeRate: 4/5
SNR: 3.0
RSSI: -96
Power: -
Payload(b64): Q1VTVE9NTUVTU0FHRVRFU1RGT1JHUklEQUNUSVZBVElPTg==
Payload(hex): 435553544f4d4d45535341474554455354464f524752494441435449564154494f4e
JSON: {""text"":""CUSTOMMESSAGETESTFORGRIDACTIVATION""}
MIC: c3510c2a","02-07-1100,1159.csv",,"02-07-1100,1159",1100,,"[1100, 1159]","[1100, 1159]","['R1100', 'R1159']",2026-07-02,2026-07-02 13:59:11+02:00,-96.0,3.0,06792e51,24E124FFFEFE11C4,24E124C0002A0001,24E124445E318071,Class C,-,2928224731,UpCnf,false,false,false,1630,86,LORA,125,7,0,4/5,3.0,-96,-,Q1VTVE9NTUVTU0FHRVRFU1RGT1JHUklEQUNUSVZBVElPTg==,435553544f4d4d45535341474554455354464f524752494441435449564154494f4e,"{""text"":""CUSTOMMESSAGETESTFORGRIDACTIVATION""}",c3510c2a,86.0,435553544f4d4d45535341474554455354464f524752494441435449564154494f4e,{'text': 'CUSTOMMESSAGETESTFORGRIDACTIVATION'},,CUSTOMMESSAGETESTFORGRIDACTIVATION,"['R1100', 'R1159']",R1100,"['R1100', 'R1159']","['2026-07-02_R1100_01', '2026-07-02_R1159_01']","['R1100', 'R1159']",True,2026-07-02,True,True,2026-07-02_R1159_01,2026-07-02,R1159,1,7,assigned_manual_window,True,0.0,False,7,-83.816,29.700000000000003,2026-07-02 13:57:50+02:00,2026-07-02 13:57:50+02:00,2026-07-02 14:00:21+02:00,False,False,2026-07-02 14:03:55+02:00,33,73,40,2,1586,1658,0.4520547945205479,0.547945205479452,0.547945205479452,group_7
24E124445E318071,24E124FFFEFE11C4,868500000,SF7BW125, -96/3.0,34,1632,UpCnf,2026-07-02 11:59:15+00:00,"Dev Addr/Multicast Addr: 06792e51
GwEUI: 24E124FFFEFE11C4
AppEUI: 24E124C0002A0001
Device EUI/Group Name: 24E124445E318071
Class Type: Class C
Immediately: -
Timestamp: 2931853688
Type: UpCnf
Adr: false
AdrAcKReq: false
Ack: false
Fcnt: 1632
Port: 86
Modulation: LORA
Bandwidth: 125
SpreadFactor: 7
Bitrate: 0
CodeRate: 4/5
SNR: 3.0
RSSI: -96
Power: -
Payload(b64): Q1VTVE9NTUVTU0FHRVRFU1RGT1JHUklEQUNUSVZBVElPTg==
Payload(hex): 435553544f4d4d45535341474554455354464f524752494441435449564154494f4e
JSON: {""text"":""CUSTOMMESSAGETESTFORGRIDACTIVATION""}
MIC: 82770aeb","02-07-1100,1159.csv",,"02-07-1100,1159",1100,,"[1100, 1159]","[1100, 1159]","['R1100', 'R1159']",2026-07-02,2026-07-02 13:59:15+02:00,-96.0,3.0,06792e51,24E124FFFEFE11C4,24E124C0002A0001,24E124445E318071,Class C,-,2931853688,UpCnf,false,false,false,1632,86,LORA,125,7,0,4/5,3.0,-96,-,Q1VTVE9NTUVTU0FHRVRFU1RGT1JHUklEQUNUSVZBVElPTg==,435553544f4d4d45535341474554455354464f524752494441435449564154494f4e,"{""text"":""CUSTOMMESSAGETESTFORGRIDACTIVATION""}",82770aeb,86.0,435553544f4d4d45535341474554455354464f524752494441435449564154494f4e,{'text': 'CUSTOMMESSAGETESTFORGRIDACTIVATION'},,CUSTOMMESSAGETESTFORGRIDACTIVATION,"['R1100', 'R1159']",R1100,"['R1100', 'R1159']","['2026-07-02_R1100_01', '2026-07-02_R1159_01']","['R1100', 'R1159']",True,2026-07-02,True,True,2026-07-02_R1159_01,2026-07-02,R1159,1,7,assigned_manual_window,True,0.0,False,7,-83.816,29.700000000000003,2026-07-02 13:57:50+02:00,2026-07-02 13:57:50+02:00,2026-07-02 14:00:21+02:00,False,False,2026-07-02 14:03:55+02:00,33,73,40,2,1586,1658,0.4520547945205479,0.547945205479452,0.547945205479452,group_7
24E124445E318071,24E124FFFEFE11C4,868500000,SF7BW125, -96/3.0,34,1635,UpCnf,2026-07-02 11:59:20+00:00,"Dev Addr/Multicast Addr: 06792e51
GwEUI: 24E124FFFEFE11C4
AppEUI: 24E124C0002A0001
Device EUI/Group Name: 24E124445E318071
Class Type: Class C
Immediately: -
Timestamp: 2937032756
Type: UpCnf
Adr: false
AdrAcKReq: false
Ack: false
Fcnt: 1635
Port: 86
Modulation: LORA
Bandwidth: 125
SpreadFactor: 7
Bitrate: 0
CodeRate: 4/5
SNR: 3.0
RSSI: -96
Power: -
Payload(b64): Q1VTVE9NTUVTU0FHRVRFU1RGT1JHUklEQUNUSVZBVElPTg==
Payload(hex): 435553544f4d4d45535341474554455354464f524752494441435449564154494f4e
JSON: {""text"":""CUSTOMMESSAGETESTFORGRIDACTIVATION""}
MIC: dcf61864","02-07-1100,1159.csv",,"02-07-1100,1159",1100,,"[1100, 1159]","[1100, 1159]","['R1100', 'R1159']",2026-07-02,2026-07-02 13:59:20+02:00,-96.0,3.0,06792e51,24E124FFFEFE11C4,24E124C0002A0001,24E124445E318071,Class C,-,2937032756,UpCnf,false,false,false,1635,86,LORA,125,7,0,4/5,3.0,-96,-,Q1VTVE9NTUVTU0FHRVRFU1RGT1JHUklEQUNUSVZBVElPTg==,435553544f4d4d45535341474554455354464f524752494441435449564154494f4e,"{""text"":""CUSTOMMESSAGETESTFORGRIDACTIVATION""}",dcf61864,86.0,435553544f4d4d45535341474554455354464f524752494441435449564154494f4e,{'text': 'CUSTOMMESSAGETESTFORGRIDACTIVATION'},,CUSTOMMESSAGETESTFORGRIDACTIVATION,"['R1100', 'R1159']",R1100,"['R1100', 'R1159']","['2026-07-02_R1100_01', '2026-07-02_R1159_01']","['R1100', 'R1159']",True,2026-07-02,True,True,2026-07-02_R1159_01,2026-07-02,R1159,1,7,assigned_manual_window,True,0.0,False,7,-83.816,29.700000000000003,2026-07-02 13:57:50+02:00,2026-07-02 13:57:50+02:00,2026-07-02 14:00:21+02:00,False,False,2026-07-02 14:03:55+02:00,33,73,40,2,1586,1658,0.4520547945205479,0.547945205479452,0.547945205479452,group_7
24E124445E318071,24E124FFFEFE11C4,868300000,SF7BW125, -97/8.0,34,1637,UpCnf,2026-07-02 11:59:23+00:00,"Dev Addr/Multicast Addr: 06792e51
GwEUI: 24E124FFFEFE11C4
AppEUI: 24E124C0002A0001
Device EUI/Group Name: 24E124445E318071
Class Type: Class C
Immediately: -
Timestamp: 2940394697
Type: UpCnf
Adr: false
AdrAcKReq: false
Ack: false
Fcnt: 1637
Port: 86
Modulation: LORA
Bandwidth: 125
SpreadFactor: 7
Bitrate: 0
CodeRate: 4/5
SNR: 8.0
RSSI: -97
Power: -
Payload(b64): Q1VTVE9NTUVTU0FHRVRFU1RGT1JHUklEQUNUSVZBVElPTg==
Payload(hex): 435553544f4d4d45535341474554455354464f524752494441435449564154494f4e
JSON: {""text"":""CUSTOMMESSAGETESTFORGRIDACTIVATION""}
MIC: 5839da84","02-07-1100,1159.csv",,"02-07-1100,1159",1100,,"[1100, 1159]","[1100, 1159]","['R1100', 'R1159']",2026-07-02,2026-07-02 13:59:23+02:00,-97.0,8.0,06792e51,24E124FFFEFE11C4,24E124C0002A0001,24E124445E318071,Class C,-,2940394697,UpCnf,false,false,false,1637,86,LORA,125,7,0,4/5,8.0,-97,-,Q1VTVE9NTUVTU0FHRVRFU1RGT1JHUklEQUNUSVZBVElPTg==,435553544f4d4d45535341474554455354464f524752494441435449564154494f4e,"{""text"":""CUSTOMMESSAGETESTFORGRIDACTIVATION""}",5839da84,86.0,435553544f4d4d45535341474554455354464f524752494441435449564154494f4e,{'text': 'CUSTOMMESSAGETESTFORGRIDACTIVATION'},,CUSTOMMESSAGETESTFORGRIDACTIVATION,"['R1100', 'R1159']",R1100,"['R1100', 'R1159']","['2026-07-02_R1100_01', '2026-07-02_R1159_01']","['R1100', 'R1159']",True,2026-07-02,True,True,2026-07-02_R1159_01,2026-07-02,R1159,1,7,assigned_manual_window,True,0.0,False,7,-83.816,29.700000000000003,2026-07-02 13:57:50+02:00,2026-07-02 13:57:50+02:00,2026-07-02 14:00:21+02:00,False,False,2026-07-02 14:03:55+02:00,33,73,40,2,1586,1658,0.4520547945205479,0.547945205479452,0.547945205479452,group_7
24E124445E318071,24E124FFFEFE11C4,868500000,SF7BW125, -96/3.0,34,1639,UpCnf,2026-07-02 11:59:26+00:00,"Dev Addr/Multicast Addr: 06792e51
GwEUI: 24E124FFFEFE11C4
AppEUI: 24E124C0002A0001
Device EUI/Group Name: 24E124445E318071
Class Type: Class C
Immediately: -
Timestamp: 2943477710
Type: UpCnf
Adr: false
AdrAcKReq: false
Ack: false
Fcnt: 1639
Port: 86
Modulation: LORA
Bandwidth: 125
SpreadFactor: 7
Bitrate: 0
CodeRate: 4/5
SNR: 3.0
RSSI: -96
Power: -
Payload(b64): Q1VTVE9NTUVTU0FHRVRFU1RGT1JHUklEQUNUSVZBVElPTg==
Payload(hex): 435553544f4d4d45535341474554455354464f524752494441435449564154494f4e
JSON: {""text"":""CUSTOMMESSAGETESTFORGRIDACTIVATION""}
MIC: 465c7696","02-07-1100,1159.csv",,"02-07-1100,1159",1100,,"[1100, 1159]","[1100, 1159]","['R1100', 'R1159']",2026-07-02,2026-07-02 13:59:26+02:00,-96.0,3.0,06792e51,24E124FFFEFE11C4,24E124C0002A0001,24E124445E318071,Class C,-,2943477710,UpCnf,false,false,false,1639,86,LORA,125,7,0,4/5,3.0,-96,-,Q1VTVE9NTUVTU0FHRVRFU1RGT1JHUklEQUNUSVZBVElPTg==,435553544f4d4d45535341474554455354464f524752494441435449564154494f4e,"{""text"":""CUSTOMMESSAGETESTFORGRIDACTIVATION""}",465c7696,86.0,435553544f4d4d45535341474554455354464f524752494441435449564154494f4e,{'text': 'CUSTOMMESSAGETESTFORGRIDACTIVATION'},,CUSTOMMESSAGETESTFORGRIDACTIVATION,"['R1100', 'R1159']",R1100,"['R1100', 'R1159']","['2026-07-02_R1100_01', '2026-07-02_R1159_01']","['R1100', 'R1159']",True,2026-07-02,True,True,2026-07-02_R1159_01,2026-07-02,R1159,1,7,assigned_manual_window,True,0.0,False,7,-83.816,29.700000000000003,2026-07-02 13:57:50+02:00,2026-07-02 13:57:50+02:00,2026-07-02 14:00:21+02:00,False,False,2026-07-02 14:03:55+02:00,33,73,40,2,1586,1658,0.4520547945205479,0.547945205479452,0.547945205479452,group_7
24E124445E318071,24E124FFFEFE11C4,868100000,SF7BW125, -97/8.2,34,1641,UpCnf,2026-07-02 11:59:31+00:00,"Dev Addr/Multicast Addr: 06792e51
GwEUI: 24E124FFFEFE11C4
AppEUI: 24E124C0002A0001
Device EUI/Group Name: 24E124445E318071
Class Type: Class C
Immediately: -
Timestamp: 2947799743
Type: UpCnf
Adr: false
AdrAcKReq: false
Ack: false
Fcnt: 1641
Port: 86
Modulation: LORA
Bandwidth: 125
SpreadFactor: 7
Bitrate: 0
CodeRate: 4/5
SNR: 8.2
RSSI: -97
Power: -
Payload(b64): Q1VTVE9NTUVTU0FHRVRFU1RGT1JHUklEQUNUSVZBVElPTg==
Payload(hex): 435553544f4d4d45535341474554455354464f524752494441435449564154494f4e
JSON: {""text"":""CUSTOMMESSAGETESTFORGRIDACTIVATION""}
MIC: 976b4066","02-07-1100,1159.csv",,"02-07-1100,1159",1100,,"[1100, 1159]","[1100, 1159]","['R1100', 'R1159']",2026-07-02,2026-07-02 13:59:31+02:00,-97.0,8.2,06792e51,24E124FFFEFE11C4,24E124C0002A0001,24E124445E318071,Class C,-,2947799743,UpCnf,false,false,false,1641,86,LORA,125,7,0,4/5,8.2,-97,-,Q1VTVE9NTUVTU0FHRVRFU1RGT1JHUklEQUNUSVZBVElPTg==,435553544f4d4d45535341474554455354464f524752494441435449564154494f4e,"{""text"":""CUSTOMMESSAGETESTFORGRIDACTIVATION""}",976b4066,86.0,435553544f4d4d45535341474554455354464f524752494441435449564154494f4e,{'text': 'CUSTOMMESSAGETESTFORGRIDACTIVATION'},,CUSTOMMESSAGETESTFORGRIDACTIVATION,"['R1100', 'R1159']",R1100,"['R1100', 'R1159']","['2026-07-02_R1100_01', '2026-07-02_R1159_01']","['R1100', 'R1159']",True,2026-07-02,True,True,2026-07-02_R1159_01,2026-07-02,R1159,1,7,assigned_manual_window,True,0.0,False,7,-83.816,29.700000000000003,2026-07-02 13:57:50+02:00,2026-07-02 13:57:50+02:00,2026-07-02 14:00:21+02:00,False,False,2026-07-02 14:03:55+02:00,33,73,40,2,1586,1658,0.4520547945205479,0.547945205479452,0.547945205479452,group_7
24E124445E318071,24E124FFFEFE11C4,868300000,SF7BW125, -97/8.0,34,1642,UpCnf,2026-07-02 11:59:33+00:00,"Dev Addr/Multicast Addr: 06792e51
GwEUI: 24E124FFFEFE11C4
AppEUI: 24E124C0002A0001
Device EUI/Group Name: 24E124445E318071
Class Type: Class C
Immediately: -
Timestamp: 2949763284
Type: UpCnf
Adr: false
AdrAcKReq: false
Ack: false
Fcnt: 1642
Port: 86
Modulation: LORA
Bandwidth: 125
SpreadFactor: 7
Bitrate: 0
CodeRate: 4/5
SNR: 8.0
RSSI: -97
Power: -
Payload(b64): Q1VTVE9NTUVTU0FHRVRFU1RGT1JHUklEQUNUSVZBVElPTg==
Payload(hex): 435553544f4d4d45535341474554455354464f524752494441435449564154494f4e
JSON: {""text"":""CUSTOMMESSAGETESTFORGRIDACTIVATION""}
MIC: f306993a","02-07-1100,1159.csv",,"02-07-1100,1159",1100,,"[1100, 1159]","[1100, 1159]","['R1100', 'R1159']",2026-07-02,2026-07-02 13:59:33+02:00,-97.0,8.0,06792e51,24E124FFFEFE11C4,24E124C0002A0001,24E124445E318071,Class C,-,2949763284,UpCnf,false,false,false,1642,86,LORA,125,7,0,4/5,8.0,-97,-,Q1VTVE9NTUVTU0FHRVRFU1RGT1JHUklEQUNUSVZBVElPTg==,435553544f4d4d45535341474554455354464f524752494441435449564154494f4e,"{""text"":""CUSTOMMESSAGETESTFORGRIDACTIVATION""}",f306993a,86.0,435553544f4d4d45535341474554455354464f524752494441435449564154494f4e,{'text': 'CUSTOMMESSAGETESTFORGRIDACTIVATION'},,CUSTOMMESSAGETESTFORGRIDACTIVATION,"['R1100', 'R1159']",R1100,"['R1100', 'R1159']","['2026-07-02_R1100_01', '2026-07-02_R1159_01']","['R1100', 'R1159']",True,2026-07-02,True,True,2026-07-02_R1159_01,2026-07-02,R1159,1,7,assigned_manual_window,True,0.0,False,7,-83.816,29.700000000000003,2026-07-02 13:57:50+02:00,2026-07-02 13:57:50+02:00,2026-07-02 14:00:21+02:00,False,False,2026-07-02 14:03:55+02:00,33,73,40,2,1586,1658,0.4520547945205479,0.547945205479452,0.547945205479452,group_7
24E124445E318071,24E124FFFEFE11C4,868100000,SF7BW125, -98/8.2,34,1644,UpCnf,2026-07-02 11:59:37+00:00,"Dev Addr/Multicast Addr: 06792e51
GwEUI: 24E124FFFEFE11C4
AppEUI: 24E124C0002A0001
Device EUI/Group Name: 24E124445E318071
Class Type: Class C
Immediately: -
Timestamp: 2953931722
Type: UpCnf
Adr: false
AdrAcKReq: false
Ack: false
Fcnt: 1644
Port: 86
Modulation: LORA
Bandwidth: 125
SpreadFactor: 7
Bitrate: 0
CodeRate: 4/5
SNR: 8.2
RSSI: -98
Power: -
Payload(b64): Q1VTVE9NTUVTU0FHRVRFU1RGT1JHUklEQUNUSVZBVElPTg==
Payload(hex): 435553544f4d4d45535341474554455354464f524752494441435449564154494f4e
JSON: {""text"":""CUSTOMMESSAGETESTFORGRIDACTIVATION""}
MIC: 97f48299","02-07-1100,1159.csv",,"02-07-1100,1159",1100,,"[1100, 1159]","[1100, 1159]","['R1100', 'R1159']",2026-07-02,2026-07-02 13:59:37+02:00,-98.0,8.2,06792e51,24E124FFFEFE11C4,24E124C0002A0001,24E124445E318071,Class C,-,2953931722,UpCnf,false,false,false,1644,86,LORA,125,7,0,4/5,8.2,-98,-,Q1VTVE9NTUVTU0FHRVRFU1RGT1JHUklEQUNUSVZBVElPTg==,435553544f4d4d45535341474554455354464f524752494441435449564154494f4e,"{""text"":""CUSTOMMESSAGETESTFORGRIDACTIVATION""}",97f48299,86.0,435553544f4d4d45535341474554455354464f524752494441435449564154494f4e,{'text': 'CUSTOMMESSAGETESTFORGRIDACTIVATION'},,CUSTOMMESSAGETESTFORGRIDACTIVATION,"['R1100', 'R1159']",R1100,"['R1100', 'R1159']","['2026-07-02_R1100_01', '2026-07-02_R1159_01']","['R1100', 'R1159']",True,2026-07-02,True,True,2026-07-02_R1159_01,2026-07-02,R1159,1,7,assigned_manual_window,True,0.0,False,7,-83.816,29.700000000000003,2026-07-02 13:57:50+02:00,2026-07-02 13:57:50+02:00,2026-07-02 14:00:21+02:00,False,False,2026-07-02 14:03:55+02:00,33,73,40,2,1586,1658,0.4520547945205479,0.547945205479452,0.547945205479452,group_7
24E124445E318071,24E124FFFEFE11C4,868500000,SF7BW125, -95/3.2,34,1647,UpCnf,2026-07-02 11:59:42+00:00,"Dev Addr/Multicast Addr: 06792e51
GwEUI: 24E124FFFEFE11C4
AppEUI: 24E124C0002A0001
Device EUI/Group Name: 24E124445E318071
Class Type: Class C
Immediately: -
Timestamp: 2959433673
Type: UpCnf
Adr: false
AdrAcKReq: false
Ack: false
Fcnt: 1647
Port: 86
Modulation: LORA
Bandwidth: 125
SpreadFactor: 7
Bitrate: 0
CodeRate: 4/5
SNR: 3.2
RSSI: -95
Power: -
Payload(b64): Q1VTVE9NTUVTU0FHRVRFU1RGT1JHUklEQUNUSVZBVElPTg==
Payload(hex): 435553544f4d4d45535341474554455354464f524752494441435449564154494f4e
JSON: {""text"":""CUSTOMMESSAGETESTFORGRIDACTIVATION""}
MIC: eac4388d","02-07-1100,1159.csv",,"02-07-1100,1159",1100,,"[1100, 1159]","[1100, 1159]","['R1100', 'R1159']",2026-07-02,2026-07-02 13:59:42+02:00,-95.0,3.2,06792e51,24E124FFFEFE11C4,24E124C0002A0001,24E124445E318071,Class C,-,2959433673,UpCnf,false,false,false,1647,86,LORA,125,7,0,4/5,3.2,-95,-,Q1VTVE9NTUVTU0FHRVRFU1RGT1JHUklEQUNUSVZBVElPTg==,435553544f4d4d45535341474554455354464f524752494441435449564154494f4e,"{""text"":""CUSTOMMESSAGETESTFORGRIDACTIVATION""}",eac4388d,86.0,435553544f4d4d45535341474554455354464f524752494441435449564154494f4e,{'text': 'CUSTOMMESSAGETESTFORGRIDACTIVATION'},,CUSTOMMESSAGETESTFORGRIDACTIVATION,"['R1100', 'R1159']",R1100,"['R1100', 'R1159']","['2026-07-02_R1100_01', '2026-07-02_R1159_01']","['R1100', 'R1159']",True,2026-07-02,True,True,2026-07-02_R1159_01,2026-07-02,R1159,1,7,assigned_manual_window,True,0.0,False,7,-83.816,29.700000000000003,2026-07-02 13:57:50+02:00,2026-07-02 13:57:50+02:00,2026-07-02 14:00:21+02:00,False,False,2026-07-02 14:03:55+02:00,33,73,40,2,1586,1658,0.4520547945205479,0.547945205479452,0.547945205479452,group_7
24E124445E318071,24E124FFFEFE11C4,868500000,SF7BW125, -95/3.5,34,1648,UpCnf,2026-07-02 11:59:45+00:00,"Dev Addr/Multicast Addr: 06792e51
GwEUI: 24E124FFFEFE11C4
AppEUI: 24E124C0002A0001
Device EUI/Group Name: 24E124445E318071
Class Type: Class C
Immediately: -
Timestamp: 2962385658
Type: UpCnf
Adr: false
AdrAcKReq: false
Ack: false
Fcnt: 1648
Port: 86
Modulation: LORA
Bandwidth: 125
SpreadFactor: 7
Bitrate: 0
CodeRate: 4/5
SNR: 3.5
RSSI: -95
Power: -
Payload(b64): Q1VTVE9NTUVTU0FHRVRFU1RGT1JHUklEQUNUSVZBVElPTg==
Payload(hex): 435553544f4d4d45535341474554455354464f524752494441435449564154494f4e
JSON: {""text"":""CUSTOMMESSAGETESTFORGRIDACTIVATION""}
MIC: 9ca37185","02-07-1100,1159.csv",,"02-07-1100,1159",1100,,"[1100, 1159]","[1100, 1159]","['R1100', 'R1159']",2026-07-02,2026-07-02 13:59:45+02:00,-95.0,3.5,06792e51,24E124FFFEFE11C4,24E124C0002A0001,24E124445E318071,Class C,-,2962385658,UpCnf,false,false,false,1648,86,LORA,125,7,0,4/5,3.5,-95,-,Q1VTVE9NTUVTU0FHRVRFU1RGT1JHUklEQUNUSVZBVElPTg==,435553544f4d4d45535341474554455354464f524752494441435449564154494f4e,"{""text"":""CUSTOMMESSAGETESTFORGRIDACTIVATION""}",9ca37185,86.0,435553544f4d4d45535341474554455354464f524752494441435449564154494f4e,{'text': 'CUSTOMMESSAGETESTFORGRIDACTIVATION'},,CUSTOMMESSAGETESTFORGRIDACTIVATION,"['R1100', 'R1159']",R1100,"['R1100', 'R1159']","['2026-07-02_R1100_01', '2026-07-02_R1159_01']","['R1100', 'R1159']",True,2026-07-02,True,True,2026-07-02_R1159_01,2026-07-02,R1159,1,7,assigned_manual_window,True,0.0,False,7,-83.816,29.700000000000003,2026-07-02 13:57:50+02:00,2026-07-02 13:57:50+02:00,2026-07-02 14:00:21+02:00,False,False,2026-07-02 14:03:55+02:00,33,73,40,2,1586,1658,0.4520547945205479,0.547945205479452,0.547945205479452,group_7
24E124445E318071,24E124FFFEFE11C4,868300000,SF7BW125, -96/7.2,34,1651,UpCnf,2026-07-02 11:59:58+00:00,"Dev Addr/Multicast Addr: 06792e51
GwEUI: 24E124FFFEFE11C4
AppEUI: 24E124C0002A0001
Device EUI/Group Name: 24E124445E318071
Class Type: Class C
Immediately: -
Timestamp: 2974861608
Type: UpCnf
Adr: false
AdrAcKReq: false
Ack: false
Fcnt: 1651
Port: 86
Modulation: LORA
Bandwidth: 125
SpreadFactor: 7
Bitrate: 0
CodeRate: 4/5
SNR: 7.2
RSSI: -96
Power: -
Payload(b64): Q1VTVE9NTUVTU0FHRVRFU1RGT1JHUklEQUNUSVZBVElPTg==
Payload(hex): 435553544f4d4d45535341474554455354464f524752494441435449564154494f4e
JSON: {""text"":""CUSTOMMESSAGETESTFORGRIDACTIVATION""}
MIC: 35d2ccb9","02-07-1100,1159.csv",,"02-07-1100,1159",1100,,"[1100, 1159]","[1100, 1159]","['R1100', 'R1159']",2026-07-02,2026-07-02 13:59:58+02:00,-96.0,7.2,06792e51,24E124FFFEFE11C4,24E124C0002A0001,24E124445E318071,Class C,-,2974861608,UpCnf,false,false,false,1651,86,LORA,125,7,0,4/5,7.2,-96,-,Q1VTVE9NTUVTU0FHRVRFU1RGT1JHUklEQUNUSVZBVElPTg==,435553544f4d4d45535341474554455354464f524752494441435449564154494f4e,"{""text"":""CUSTOMMESSAGETESTFORGRIDACTIVATION""}",35d2ccb9,86.0,435553544f4d4d45535341474554455354464f524752494441435449564154494f4e,{'text': 'CUSTOMMESSAGETESTFORGRIDACTIVATION'},,CUSTOMMESSAGETESTFORGRIDACTIVATION,"['R1100', 'R1159']",R1100,"['R1100', 'R1159']","['2026-07-02_R1100_01', '2026-07-02_R1159_01']","['R1100', 'R1159']",True,2026-07-02,True,True,2026-07-02_R1159_01,2026-07-02,R1159,1,7,assigned_manual_window,True,0.0,False,7,-83.816,29.700000000000003,2026-07-02 13:57:50+02:00,2026-07-02 13:57:50+02:00,2026-07-02 14:00:21+02:00,False,False,2026-07-02 14:03:55+02:00,33,73,40,2,1586,1658,0.4520547945205479,0.547945205479452,0.547945205479452,group_7
24E124445E318071,24E124FFFEFE11C4,868300000,SF7BW125, -97/8.2,34,1652,UpCnf,2026-07-02 11:59:59+00:00,"Dev Addr/Multicast Addr: 06792e51
GwEUI: 24E124FFFEFE11C4
AppEUI: 24E124C0002A0001
Device EUI/Group Name: 24E124445E318071
Class Type: Class C
Immediately: -
Timestamp: 2976420684
Type: UpCnf
Adr: false
AdrAcKReq: false
Ack: false
Fcnt: 1652
Port: 86
Modulation: LORA
Bandwidth: 125
SpreadFactor: 7
Bitrate: 0
CodeRate: 4/5
SNR: 8.2
RSSI: -97
Power: -
Payload(b64): Q1VTVE9NTUVTU0FHRVRFU1RGT1JHUklEQUNUSVZBVElPTg==
Payload(hex): 435553544f4d4d45535341474554455354464f524752494441435449564154494f4e
JSON: {""text"":""CUSTOMMESSAGETESTFORGRIDACTIVATION""}
MIC: 903178db","02-07-1100,1159.csv",,"02-07-1100,1159",1100,,"[1100, 1159]","[1100, 1159]","['R1100', 'R1159']",2026-07-02,2026-07-02 13:59:59+02:00,-97.0,8.2,06792e51,24E124FFFEFE11C4,24E124C0002A0001,24E124445E318071,Class C,-,2976420684,UpCnf,false,false,false,1652,86,LORA,125,7,0,4/5,8.2,-97,-,Q1VTVE9NTUVTU0FHRVRFU1RGT1JHUklEQUNUSVZBVElPTg==,435553544f4d4d45535341474554455354464f524752494441435449564154494f4e,"{""text"":""CUSTOMMESSAGETESTFORGRIDACTIVATION""}",903178db,86.0,435553544f4d4d45535341474554455354464f524752494441435449564154494f4e,{'text': 'CUSTOMMESSAGETESTFORGRIDACTIVATION'},,CUSTOMMESSAGETESTFORGRIDACTIVATION,"['R1100', 'R1159']",R1100,"['R1100', 'R1159']","['2026-07-02_R1100_01', '2026-07-02_R1159_01']","['R1100', 'R1159']",True,2026-07-02,True,True,2026-07-02_R1159_01,2026-07-02,R1159,1,7,assigned_manual_window,True,0.0,False,7,-83.816,29.700000000000003,2026-07-02 13:57:50+02:00,2026-07-02 13:57:50+02:00,2026-07-02 14:00:21+02:00,False,False,2026-07-02 14:03:55+02:00,33,73,40,2,1586,1658,0.4520547945205479,0.547945205479452,0.547945205479452,group_7
24E124445E318071,24E124FFFEFE11C4,868300000,SF7BW125, -97/8.0,34,1653,UpCnf,2026-07-02 12:00:01+00:00,"Dev Addr/Multicast Addr: 06792e51
GwEUI: 24E124FFFEFE11C4
AppEUI: 24E124C0002A0001
Device EUI/Group Name: 24E124445E318071
Class Type: Class C
Immediately: -
Timestamp: 2978040662
Type: UpCnf
Adr: false
AdrAcKReq: false
Ack: false
Fcnt: 1653
Port: 86
Modulation: LORA
Bandwidth: 125
SpreadFactor: 7
Bitrate: 0
CodeRate: 4/5
SNR: 8.0
RSSI: -97
Power: -
Payload(b64): Q1VTVE9NTUVTU0FHRVRFU1RGT1JHUklEQUNUSVZBVElPTg==
Payload(hex): 435553544f4d4d45535341474554455354464f524752494441435449564154494f4e
JSON: {""text"":""CUSTOMMESSAGETESTFORGRIDACTIVATION""}
MIC: eff0377b","02-07-1100,1159.csv",,"02-07-1100,1159",1100,,"[1100, 1159]","[1100, 1159]","['R1100', 'R1159']",2026-07-02,2026-07-02 14:00:01+02:00,-97.0,8.0,06792e51,24E124FFFEFE11C4,24E124C0002A0001,24E124445E318071,Class C,-,2978040662,UpCnf,false,false,false,1653,86,LORA,125,7,0,4/5,8.0,-97,-,Q1VTVE9NTUVTU0FHRVRFU1RGT1JHUklEQUNUSVZBVElPTg==,435553544f4d4d45535341474554455354464f524752494441435449564154494f4e,"{""text"":""CUSTOMMESSAGETESTFORGRIDACTIVATION""}",eff0377b,86.0,435553544f4d4d45535341474554455354464f524752494441435449564154494f4e,{'text': 'CUSTOMMESSAGETESTFORGRIDACTIVATION'},,CUSTOMMESSAGETESTFORGRIDACTIVATION,"['R1100', 'R1159']",R1100,"['R1100', 'R1159']","['2026-07-02_R1100_01', '2026-07-02_R1159_01']","['R1100', 'R1159']",True,2026-07-02,True,True,2026-07-02_R1159_01,2026-07-02,R1159,1,7,assigned_manual_window,True,0.0,False,7,-83.816,29.700000000000003,2026-07-02 13:57:50+02:00,2026-07-02 13:57:50+02:00,2026-07-02 14:00:21+02:00,False,False,2026-07-02 14:03:55+02:00,33,73,40,2,1586,1658,0.4520547945205479,0.547945205479452,0.547945205479452,group_7
24E124445E318071,24E124FFFEFE11C4,868100000,SF7BW125, -98/8.2,34,1654,UpCnf,2026-07-02 12:00:03+00:00,"Dev Addr/Multicast Addr: 06792e51
GwEUI: 24E124FFFEFE11C4
AppEUI: 24E124C0002A0001
Device EUI/Group Name: 24E124445E318071
Class Type: Class C
Immediately: -
Timestamp: 2979766673
Type: UpCnf
Adr: false
AdrAcKReq: false
Ack: false
Fcnt: 1654
Port: 86
Modulation: LORA
Bandwidth: 125
SpreadFactor: 7
Bitrate: 0
CodeRate: 4/5
SNR: 8.2
RSSI: -98
Power: -
Payload(b64): Q1VTVE9NTUVTU0FHRVRFU1RGT1JHUklEQUNUSVZBVElPTg==
Payload(hex): 435553544f4d4d45535341474554455354464f524752494441435449564154494f4e
JSON: {""text"":""CUSTOMMESSAGETESTFORGRIDACTIVATION""}
MIC: e55f1b91","02-07-1100,1159.csv",,"02-07-1100,1159",1100,,"[1100, 1159]","[1100, 1159]","['R1100', 'R1159']",2026-07-02,2026-07-02 14:00:03+02:00,-98.0,8.2,06792e51,24E124FFFEFE11C4,24E124C0002A0001,24E124445E318071,Class C,-,2979766673,UpCnf,false,false,false,1654,86,LORA,125,7,0,4/5,8.2,-98,-,Q1VTVE9NTUVTU0FHRVRFU1RGT1JHUklEQUNUSVZBVElPTg==,435553544f4d4d45535341474554455354464f524752494441435449564154494f4e,"{""text"":""CUSTOMMESSAGETESTFORGRIDACTIVATION""}",e55f1b91,86.0,435553544f4d4d45535341474554455354464f524752494441435449564154494f4e,{'text': 'CUSTOMMESSAGETESTFORGRIDACTIVATION'},,CUSTOMMESSAGETESTFORGRIDACTIVATION,"['R1100', 'R1159']",R1100,"['R1100', 'R1159']","['2026-07-02_R1100_01', '2026-07-02_R1159_01']","['R1100', 'R1159']",True,2026-07-02,True,True,2026-07-02_R1159_01,2026-07-02,R1159,1,7,assigned_manual_window,True,0.0,False,7,-83.816,29.700000000000003,2026-07-02 13:57:50+02:00,2026-07-02 13:57:50+02:00,2026-07-02 14:00:21+02:00,False,False,2026-07-02 14:03:55+02:00,33,73,40,2,1586,1658,0.4520547945205479,0.547945205479452,0.547945205479452,group_7
24E124445E318071,24E124FFFEFE11C4,868100000,SF7BW125, -98/7.5,34,1654,UpCnf,2026-07-02 12:00:06+00:00,"Dev Addr/Multicast Addr: 06792e51
GwEUI: 24E124FFFEFE11C4
AppEUI: 24E124C0002A0001
Device EUI/Group Name: 24E124445E318071
Class Type: Class C
Immediately: -
Timestamp: 2983062688
Type: UpCnf
Adr: false
AdrAcKReq: false
Ack: false
Fcnt: 1654
Port: 86
Modulation: LORA
Bandwidth: 125
SpreadFactor: 7
Bitrate: 0
CodeRate: 4/5
SNR: 7.5
RSSI: -98
Power: -
Payload(b64): Q1VTVE9NTUVTU0FHRVRFU1RGT1JHUklEQUNUSVZBVElPTg==
Payload(hex): 435553544f4d4d45535341474554455354464f524752494441435449564154494f4e
JSON: {""text"":""CUSTOMMESSAGETESTFORGRIDACTIVATION""}
MIC: e55f1b91","02-07-1100,1159.csv",,"02-07-1100,1159",1100,,"[1100, 1159]","[1100, 1159]","['R1100', 'R1159']",2026-07-02,2026-07-02 14:00:06+02:00,-98.0,7.5,06792e51,24E124FFFEFE11C4,24E124C0002A0001,24E124445E318071,Class C,-,2983062688,UpCnf,false,false,false,1654,86,LORA,125,7,0,4/5,7.5,-98,-,Q1VTVE9NTUVTU0FHRVRFU1RGT1JHUklEQUNUSVZBVElPTg==,435553544f4d4d45535341474554455354464f524752494441435449564154494f4e,"{""text"":""CUSTOMMESSAGETESTFORGRIDACTIVATION""}",e55f1b91,86.0,435553544f4d4d45535341474554455354464f524752494441435449564154494f4e,{'text': 'CUSTOMMESSAGETESTFORGRIDACTIVATION'},,CUSTOMMESSAGETESTFORGRIDACTIVATION,"['R1100', 'R1159']",R1100,"['R1100', 'R1159']","['2026-07-02_R1100_01', '2026-07-02_R1159_01']","['R1100', 'R1159']",True,2026-07-02,True,True,2026-07-02_R1159_01,2026-07-02,R1159,1,7,assigned_manual_window,True,0.0,False,7,-83.816,29.700000000000003,2026-07-02 13:57:50+02:00,2026-07-02 13:57:50+02:00,2026-07-02 14:00:21+02:00,False,False,2026-07-02 14:03:55+02:00,33,73,40,2,1586,1658,0.4520547945205479,0.547945205479452,0.547945205479452,group_7
24E124445E318071,24E124FFFEFE11C4,868100000,SF7BW125, -104/0.2,34,1655,UpCnf,2026-07-02 12:00:08+00:00,"Dev Addr/Multicast Addr: 06792e51
GwEUI: 24E124FFFEFE11C4
AppEUI: 24E124C0002A0001
Device EUI/Group Name: 24E124445E318071
Class Type: Class C
Immediately: -
Timestamp: 2984798640
Type: UpCnf
Adr: false
AdrAcKReq: false
Ack: false
Fcnt: 1655
Port: 86
Modulation: LORA
Bandwidth: 125
SpreadFactor: 7
Bitrate: 0
CodeRate: 4/5
SNR: 0.2
RSSI: -104
Power: -
Payload(b64): Q1VTVE9NTUVTU0FHRVRFU1RGT1JHUklEQUNUSVZBVElPTg==
Payload(hex): 435553544f4d4d45535341474554455354464f524752494441435449564154494f4e
JSON: {""text"":""CUSTOMMESSAGETESTFORGRIDACTIVATION""}
MIC: ca118f20","02-07-1100,1159.csv",,"02-07-1100,1159",1100,,"[1100, 1159]","[1100, 1159]","['R1100', 'R1159']",2026-07-02,2026-07-02 14:00:08+02:00,-104.0,0.2,06792e51,24E124FFFEFE11C4,24E124C0002A0001,24E124445E318071,Class C,-,2984798640,UpCnf,false,false,false,1655,86,LORA,125,7,0,4/5,0.2,-104,-,Q1VTVE9NTUVTU0FHRVRFU1RGT1JHUklEQUNUSVZBVElPTg==,435553544f4d4d45535341474554455354464f524752494441435449564154494f4e,"{""text"":""CUSTOMMESSAGETESTFORGRIDACTIVATION""}",ca118f20,86.0,435553544f4d4d45535341474554455354464f524752494441435449564154494f4e,{'text': 'CUSTOMMESSAGETESTFORGRIDACTIVATION'},,CUSTOMMESSAGETESTFORGRIDACTIVATION,"['R1100', 'R1159']",R1100,"['R1100', 'R1159']","['2026-07-02_R1100_01', '2026-07-02_R1159_01']","['R1100', 'R1159']",True,2026-07-02,True,True,2026-07-02_R1159_01,2026-07-02,R1159,1,7,assigned_manual_window,True,0.0,False,7,-83.816,29.700000000000003,2026-07-02 13:57:50+02:00,2026-07-02 13:57:50+02:00,2026-07-02 14:00:21+02:00,False,False,2026-07-02 14:03:55+02:00,33,73,40,2,1586,1658,0.4520547945205479,0.547945205479452,0.547945205479452,group_7
24E124445E318071,24E124FFFEFE11C4,868100000,SF7BW125, -101/5.8,34,1655,UpCnf,2026-07-02 12:00:12+00:00,"Dev Addr/Multicast Addr: 06792e51
GwEUI: 24E124FFFEFE11C4
AppEUI: 24E124C0002A0001
Device EUI/Group Name: 24E124445E318071
Class Type: Class C
Immediately: -
Timestamp: 2988865753
Type: UpCnf
Adr: false
AdrAcKReq: false
Ack: false
Fcnt: 1655
Port: 86
Modulation: LORA
Bandwidth: 125
SpreadFactor: 7
Bitrate: 0
CodeRate: 4/5
SNR: 5.8
RSSI: -101
Power: -
Payload(b64): Q1VTVE9NTUVTU0FHRVRFU1RGT1JHUklEQUNUSVZBVElPTg==
Payload(hex): 435553544f4d4d45535341474554455354464f524752494441435449564154494f4e
JSON: {""text"":""CUSTOMMESSAGETESTFORGRIDACTIVATION""}
MIC: ca118f20","02-07-1100,1159.csv",,"02-07-1100,1159",1100,,"[1100, 1159]","[1100, 1159]","['R1100', 'R1159']",2026-07-02,2026-07-02 14:00:12+02:00,-101.0,5.8,06792e51,24E124FFFEFE11C4,24E124C0002A0001,24E124445E318071,Class C,-,2988865753,UpCnf,false,false,false,1655,86,LORA,125,7,0,4/5,5.8,-101,-,Q1VTVE9NTUVTU0FHRVRFU1RGT1JHUklEQUNUSVZBVElPTg==,435553544f4d4d45535341474554455354464f524752494441435449564154494f4e,"{""text"":""CUSTOMMESSAGETESTFORGRIDACTIVATION""}",ca118f20,86.0,435553544f4d4d45535341474554455354464f524752494441435449564154494f4e,{'text': 'CUSTOMMESSAGETESTFORGRIDACTIVATION'},,CUSTOMMESSAGETESTFORGRIDACTIVATION,"['R1100', 'R1159']",R1100,"['R1100', 'R1159']","['2026-07-02_R1100_01', '2026-07-02_R1159_01']","['R1100', 'R1159']",True,2026-07-02,True,True,2026-07-02_R1159_01,2026-07-02,R1159,1,7,assigned_manual_window,True,0.0,False,7,-83.816,29.700000000000003,2026-07-02 13:57:50+02:00,2026-07-02 13:57:50+02:00,2026-07-02 14:00:21+02:00,False,False,2026-07-02 14:03:55+02:00,33,73,40,2,1586,1658,0.4520547945205479,0.547945205479452,0.547945205479452,group_7
24E124445E318071,24E124FFFEFE11C4,868100000,SF7BW125, -106/-0.8,34,1656,UpCnf,2026-07-02 12:00:13+00:00,"Dev Addr/Multicast Addr: 06792e51
GwEUI: 24E124FFFEFE11C4
AppEUI: 24E124C0002A0001
Device EUI/Group Name: 24E124445E318071
Class Type: Class C
Immediately: -
Timestamp: 2990446626
Type: UpCnf
Adr: false
AdrAcKReq: false
Ack: false
Fcnt: 1656
Port: 86
Modulation: LORA
Bandwidth: 125
SpreadFactor: 7
Bitrate: 0
CodeRate: 4/5
SNR: -0.8
RSSI: -106
Power: -
Payload(b64): Q1VTVE9NTUVTU0FHRVRFU1RGT1JHUklEQUNUSVZBVElPTg==
Payload(hex): 435553544f4d4d45535341474554455354464f524752494441435449564154494f4e
JSON: {""text"":""CUSTOMMESSAGETESTFORGRIDACTIVATION""}
MIC: 78823090","02-07-1100,1159.csv",,"02-07-1100,1159",1100,,"[1100, 1159]","[1100, 1159]","['R1100', 'R1159']",2026-07-02,2026-07-02 14:00:13+02:00,-106.0,-0.8,06792e51,24E124FFFEFE11C4,24E124C0002A0001,24E124445E318071,Class C,-,2990446626,UpCnf,false,false,false,1656,86,LORA,125,7,0,4/5,-0.8,-106,-,Q1VTVE9NTUVTU0FHRVRFU1RGT1JHUklEQUNUSVZBVElPTg==,435553544f4d4d45535341474554455354464f524752494441435449564154494f4e,"{""text"":""CUSTOMMESSAGETESTFORGRIDACTIVATION""}",78823090,86.0,435553544f4d4d45535341474554455354464f524752494441435449564154494f4e,{'text': 'CUSTOMMESSAGETESTFORGRIDACTIVATION'},,CUSTOMMESSAGETESTFORGRIDACTIVATION,"['R1100', 'R1159']",R1100,"['R1100', 'R1159']","['2026-07-02_R1100_01', '2026-07-02_R1159_01']","['R1100', 'R1159']",True,2026-07-02,True,True,2026-07-02_R1159_01,2026-07-02,R1159,1,7,assigned_manual_window,True,0.0,False,7,-83.816,29.700000000000003,2026-07-02 13:57:50+02:00,2026-07-02 13:57:50+02:00,2026-07-02 14:00:21+02:00,False,False,2026-07-02 14:03:55+02:00,33,73,40,2,1586,1658,0.4520547945205479,0.547945205479452,0.547945205479452,group_7
24E124445E318071,24E124FFFEFE11C4,868500000,SF7BW125, -100/-6.2,34,1658,UpCnf,2026-07-02 12:00:20+00:00,"Dev Addr/Multicast Addr: 06792e51
GwEUI: 24E124FFFEFE11C4
AppEUI: 24E124C0002A0001
Device EUI/Group Name: 24E124445E318071
Class Type: Class C
Immediately: -
Timestamp: 2996989629
Type: UpCnf
Adr: false
AdrAcKReq: false
Ack: false
Fcnt: 1658
Port: 86
Modulation: LORA
Bandwidth: 125
SpreadFactor: 7
Bitrate: 0
CodeRate: 4/5
SNR: -6.2
RSSI: -100
Power: -
Payload(b64): Q1VTVE9NTUVTU0FHRVRFU1RGT1JHUklEQUNUSVZBVElPTg==
Payload(hex): 435553544f4d4d45535341474554455354464f524752494441435449564154494f4e
JSON: {""text"":""CUSTOMMESSAGETESTFORGRIDACTIVATION""}
MIC: 98099654","02-07-1100,1159.csv",,"02-07-1100,1159",1100,,"[1100, 1159]","[1100, 1159]","['R1100', 'R1159']",2026-07-02,2026-07-02 14:00:20+02:00,-100.0,-6.2,06792e51,24E124FFFEFE11C4,24E124C0002A0001,24E124445E318071,Class C,-,2996989629,UpCnf,false,false,false,1658,86,LORA,125,7,0,4/5,-6.2,-100,-,Q1VTVE9NTUVTU0FHRVRFU1RGT1JHUklEQUNUSVZBVElPTg==,435553544f4d4d45535341474554455354464f524752494441435449564154494f4e,"{""text"":""CUSTOMMESSAGETESTFORGRIDACTIVATION""}",98099654,86.0,435553544f4d4d45535341474554455354464f524752494441435449564154494f4e,{'text': 'CUSTOMMESSAGETESTFORGRIDACTIVATION'},,CUSTOMMESSAGETESTFORGRIDACTIVATION,"['R1100', 'R1159']",R1100,"['R1100', 'R1159']","['2026-07-02_R1100_01', '2026-07-02_R1159_01']","['R1100', 'R1159']",True,2026-07-02,True,True,2026-07-02_R1159_01,2026-07-02,R1159,1,7,assigned_manual_window,True,0.0,False,7,-83.816,29.700000000000003,2026-07-02 13:57:50+02:00,2026-07-02 13:57:50+02:00,2026-07-02 14:00:21+02:00,False,False,2026-07-02 14:03:55+02:00,33,73,40,2,1586,1658,0.4520547945205479,0.547945205479452,0.547945205479452,group_7
24E124445E318071,24E124FFFEFE11C4,868100000,SF7BW125, -91/11.8,34,2526,UpCnf,2026-07-02 13:27:51+00:00,"Dev Addr/Multicast Addr: 06792e51
GwEUI: 24E124FFFEFE11C4
AppEUI: 24E124C0002A0001
Device EUI/Group Name: 24E124445E318071
Class Type: Class C
Immediately: -
Timestamp: 3953285572
Type: UpCnf
Adr: false
AdrAcKReq: false
Ack: false
Fcnt: 2526
Port: 86
Modulation: LORA
Bandwidth: 125
SpreadFactor: 7
Bitrate: 0
CodeRate: 4/5
SNR: 11.8
RSSI: -91
Power: -
Payload(b64): Q1VTVE9NTUVTU0FHRVRFU1RGT1JHUklEQUNUSVZBVElPTg==
Payload(hex): 435553544f4d4d45535341474554455354464f524752494441435449564154494f4e
JSON: {""text"":""CUSTOMMESSAGETESTFORGRIDACTIVATION""}
MIC: 7193fcbe",02-07-1360(repeat).csv,,02-07-1360(repeat),1360,,[1360],[1360],['R1360'],2026-07-02,2026-07-02 15:27:51+02:00,-91.0,11.8,06792e51,24E124FFFEFE11C4,24E124C0002A0001,24E124445E318071,Class C,-,3953285572,UpCnf,false,false,false,2526,86,LORA,125,7,0,4/5,11.8,-91,-,Q1VTVE9NTUVTU0FHRVRFU1RGT1JHUklEQUNUSVZBVElPTg==,435553544f4d4d45535341474554455354464f524752494441435449564154494f4e,"{""text"":""CUSTOMMESSAGETESTFORGRIDACTIVATION""}",7193fcbe,86.0,435553544f4d4d45535341474554455354464f524752494441435449564154494f4e,{'text': 'CUSTOMMESSAGETESTFORGRIDACTIVATION'},,CUSTOMMESSAGETESTFORGRIDACTIVATION,['R1360'],R1360,['R1360'],['2026-07-02_R1360_02'],['R1360'],True,2026-07-02,True,True,2026-07-02_R1360_02,2026-07-02,R1360,2,7,assigned_manual_window,True,-32.0,False,7,83.816,9.5,2026-07-02 15:27:48+02:00,2026-07-02 15:27:48+02:00,2026-07-02 15:29:58+02:00,False,False,2026-07-02 15:33:13+02:00,20,50,30,0,2526,2575,0.4,0.6,0.6,group_7
24E124445E318071,24E124FFFEFE11C4,868500000,SF7BW125, -90/8.0,34,2529,UpCnf,2026-07-02 13:27:57+00:00,"Dev Addr/Multicast Addr: 06792e51
GwEUI: 24E124FFFEFE11C4
AppEUI: 24E124C0002A0001
Device EUI/Group Name: 24E124445E318071
Class Type: Class C
Immediately: -
Timestamp: 3959248587
Type: UpCnf
Adr: false
AdrAcKReq: false
Ack: false
Fcnt: 2529
Port: 86
Modulation: LORA
Bandwidth: 125
SpreadFactor: 7
Bitrate: 0
CodeRate: 4/5
SNR: 8.0
RSSI: -90
Power: -
Payload(b64): Q1VTVE9NTUVTU0FHRVRFU1RGT1JHUklEQUNUSVZBVElPTg==
Payload(hex): 435553544f4d4d45535341474554455354464f524752494441435449564154494f4e
JSON: {""text"":""CUSTOMMESSAGETESTFORGRIDACTIVATION""}
MIC: 7f0a75a6",02-07-1360(repeat).csv,,02-07-1360(repeat),1360,,[1360],[1360],['R1360'],2026-07-02,2026-07-02 15:27:57+02:00,-90.0,8.0,06792e51,24E124FFFEFE11C4,24E124C0002A0001,24E124445E318071,Class C,-,3959248587,UpCnf,false,false,false,2529,86,LORA,125,7,0,4/5,8.0,-90,-,Q1VTVE9NTUVTU0FHRVRFU1RGT1JHUklEQUNUSVZBVElPTg==,435553544f4d4d45535341474554455354464f524752494441435449564154494f4e,"{""text"":""CUSTOMMESSAGETESTFORGRIDACTIVATION""}",7f0a75a6,86.0,435553544f4d4d45535341474554455354464f524752494441435449564154494f4e,{'text': 'CUSTOMMESSAGETESTFORGRIDACTIVATION'},,CUSTOMMESSAGETESTFORGRIDACTIVATION,['R1360'],R1360,['R1360'],['2026-07-02_R1360_02'],['R1360'],True,2026-07-02,True,True,2026-07-02_R1360_02,2026-07-02,R1360,2,7,assigned_manual_window,True,-32.0,False,7,83.816,9.5,2026-07-02 15:27:48+02:00,2026-07-02 15:27:48+02:00,2026-07-02 15:29:58+02:00,False,False,2026-07-02 15:33:13+02:00,20,50,30,0,2526,2575,0.4,0.6,0.6,group_7
24E124445E318071,24E124FFFEFE11C4,868100000,SF7BW125, -91/11.2,34,2532,UpCnf,2026-07-02 13:28:01+00:00,"Dev Addr/Multicast Addr: 06792e51
GwEUI: 24E124FFFEFE11C4
AppEUI: 24E124C0002A0001
Device EUI/Group Name: 24E124445E318071
Class Type: Class C
Immediately: -
Timestamp: 3963467921
Type: UpCnf
Adr: false
AdrAcKReq: false
Ack: false
Fcnt: 2532
Port: 86
Modulation: LORA
Bandwidth: 125
SpreadFactor: 7
Bitrate: 0
CodeRate: 4/5
SNR: 11.2
RSSI: -91
Power: -
Payload(b64): Q1VTVE9NTUVTU0FHRVRFU1RGT1JHUklEQUNUSVZBVElPTg==
Payload(hex): 435553544f4d4d45535341474554455354464f524752494441435449564154494f4e
JSON: {""text"":""CUSTOMMESSAGETESTFORGRIDACTIVATION""}
MIC: f51452a9",02-07-1360(repeat).csv,,02-07-1360(repeat),1360,,[1360],[1360],['R1360'],2026-07-02,2026-07-02 15:28:01+02:00,-91.0,11.2,06792e51,24E124FFFEFE11C4,24E124C0002A0001,24E124445E318071,Class C,-,3963467921,UpCnf,false,false,false,2532,86,LORA,125,7,0,4/5,11.2,-91,-,Q1VTVE9NTUVTU0FHRVRFU1RGT1JHUklEQUNUSVZBVElPTg==,435553544f4d4d45535341474554455354464f524752494441435449564154494f4e,"{""text"":""CUSTOMMESSAGETESTFORGRIDACTIVATION""}",f51452a9,86.0,435553544f4d4d45535341474554455354464f524752494441435449564154494f4e,{'text': 'CUSTOMMESSAGETESTFORGRIDACTIVATION'},,CUSTOMMESSAGETESTFORGRIDACTIVATION,['R1360'],R1360,['R1360'],['2026-07-02_R1360_02'],['R1360'],True,2026-07-02,True,True,2026-07-02_R1360_02,2026-07-02,R1360,2,7,assigned_manual_window,True,-32.0,False,7,83.816,9.5,2026-07-02 15:27:48+02:00,2026-07-02 15:27:48+02:00,2026-07-02 15:29:58+02:00,False,False,2026-07-02 15:33:13+02:00,20,50,30,0,2526,2575,0.4,0.6,0.6,group_7
24E124445E318071,24E124FFFEFE11C4,868300000,SF7BW125, -98/7.0,34,2535,UpCnf,2026-07-02 13:28:24+00:00,"Dev Addr/Multicast Addr: 06792e51
GwEUI: 24E124FFFEFE11C4
AppEUI: 24E124C0002A0001
Device EUI/Group Name: 24E124445E318071
Class Type: Class C
Immediately: -
Timestamp: 3986263526
Type: UpCnf
Adr: false
AdrAcKReq: false
Ack: false
Fcnt: 2535
Port: 86
Modulation: LORA
Bandwidth: 125
SpreadFactor: 7
Bitrate: 0
CodeRate: 4/5
SNR: 7.0
RSSI: -98
Power: -
Payload(b64): Q1VTVE9NTUVTU0FHRVRFU1RGT1JHUklEQUNUSVZBVElPTg==
Payload(hex): 435553544f4d4d45535341474554455354464f524752494441435449564154494f4e
JSON: {""text"":""CUSTOMMESSAGETESTFORGRIDACTIVATION""}
MIC: 1520974b",02-07-1360(repeat).csv,,02-07-1360(repeat),1360,,[1360],[1360],['R1360'],2026-07-02,2026-07-02 15:28:24+02:00,-98.0,7.0,06792e51,24E124FFFEFE11C4,24E124C0002A0001,24E124445E318071,Class C,-,3986263526,UpCnf,false,false,false,2535,86,LORA,125,7,0,4/5,7.0,-98,-,Q1VTVE9NTUVTU0FHRVRFU1RGT1JHUklEQUNUSVZBVElPTg==,435553544f4d4d45535341474554455354464f524752494441435449564154494f4e,"{""text"":""CUSTOMMESSAGETESTFORGRIDACTIVATION""}",1520974b,86.0,435553544f4d4d45535341474554455354464f524752494441435449564154494f4e,{'text': 'CUSTOMMESSAGETESTFORGRIDACTIVATION'},,CUSTOMMESSAGETESTFORGRIDACTIVATION,['R1360'],R1360,['R1360'],['2026-07-02_R1360_02'],['R1360'],True,2026-07-02,True,True,2026-07-02_R1360_02,2026-07-02,R1360,2,7,assigned_manual_window,True,-32.0,False,7,83.816,9.5,2026-07-02 15:27:48+02:00,2026-07-02 15:27:48+02:00,2026-07-02 15:29:58+02:00,False,False,2026-07-02 15:33:13+02:00,20,50,30,0,2526,2575,0.4,0.6,0.6,group_7
24E124445E318071,24E124FFFEFE11C4,868500000,SF7BW125, -99/-0.5,34,2538,UpCnf,2026-07-02 13:28:33+00:00,"Dev Addr/Multicast Addr: 06792e51
GwEUI: 24E124FFFEFE11C4
AppEUI: 24E124C0002A0001
Device EUI/Group Name: 24E124445E318071
Class Type: Class C
Immediately: -
Timestamp: 3994671573
Type: UpCnf
Adr: false
AdrAcKReq: false
Ack: false
Fcnt: 2538
Port: 86
Modulation: LORA
Bandwidth: 125
SpreadFactor: 7
Bitrate: 0
CodeRate: 4/5
SNR: -0.5
RSSI: -99
Power: -
Payload(b64): Q1VTVE9NTUVTU0FHRVRFU1RGT1JHUklEQUNUSVZBVElPTg==
Payload(hex): 435553544f4d4d45535341474554455354464f524752494441435449564154494f4e
JSON: {""text"":""CUSTOMMESSAGETESTFORGRIDACTIVATION""}
MIC: bea17199",02-07-1360(repeat).csv,,02-07-1360(repeat),1360,,[1360],[1360],['R1360'],2026-07-02,2026-07-02 15:28:33+02:00,-99.0,-0.5,06792e51,24E124FFFEFE11C4,24E124C0002A0001,24E124445E318071,Class C,-,3994671573,UpCnf,false,false,false,2538,86,LORA,125,7,0,4/5,-0.5,-99,-,Q1VTVE9NTUVTU0FHRVRFU1RGT1JHUklEQUNUSVZBVElPTg==,435553544f4d4d45535341474554455354464f524752494441435449564154494f4e,"{""text"":""CUSTOMMESSAGETESTFORGRIDACTIVATION""}",bea17199,86.0,435553544f4d4d45535341474554455354464f524752494441435449564154494f4e,{'text': 'CUSTOMMESSAGETESTFORGRIDACTIVATION'},,CUSTOMMESSAGETESTFORGRIDACTIVATION,['R1360'],R1360,['R1360'],['2026-07-02_R1360_02'],['R1360'],True,2026-07-02,True,True,2026-07-02_R1360_02,2026-07-02,R1360,2,7,assigned_manual_window,True,-32.0,False,7,83.816,9.5,2026-07-02 15:27:48+02:00,2026-07-02 15:27:48+02:00,2026-07-02 15:29:58+02:00,False,False,2026-07-02 15:33:13+02:00,20,50,30,0,2526,2575,0.4,0.6,0.6,group_7
24E124445E318071,24E124FFFEFE11C4,868100000,SF7BW125, -103/2.2,34,2539,UpCnf,2026-07-02 13:28:34+00:00,"Dev Addr/Multicast Addr: 06792e51
GwEUI: 24E124FFFEFE11C4
AppEUI: 24E124C0002A0001
Device EUI/Group Name: 24E124445E318071
Class Type: Class C
Immediately: -
Timestamp: 3996266601
Type: UpCnf
Adr: false
AdrAcKReq: false
Ack: false
Fcnt: 2539
Port: 86
Modulation: LORA
Bandwidth: 125
SpreadFactor: 7
Bitrate: 0
CodeRate: 4/5
SNR: 2.2
RSSI: -103
Power: -
Payload(b64): Q1VTVE9NTUVTU0FHRVRFU1RGT1JHUklEQUNUSVZBVElPTg==
Payload(hex): 435553544f4d4d45535341474554455354464f524752494441435449564154494f4e
JSON: {""text"":""CUSTOMMESSAGETESTFORGRIDACTIVATION""}
MIC: dbe86512",02-07-1360(repeat).csv,,02-07-1360(repeat),1360,,[1360],[1360],['R1360'],2026-07-02,2026-07-02 15:28:34+02:00,-103.0,2.2,06792e51,24E124FFFEFE11C4,24E124C0002A0001,24E124445E318071,Class C,-,3996266601,UpCnf,false,false,false,2539,86,LORA,125,7,0,4/5,2.2,-103,-,Q1VTVE9NTUVTU0FHRVRFU1RGT1JHUklEQUNUSVZBVElPTg==,435553544f4d4d45535341474554455354464f524752494441435449564154494f4e,"{""text"":""CUSTOMMESSAGETESTFORGRIDACTIVATION""}",dbe86512,86.0,435553544f4d4d45535341474554455354464f524752494441435449564154494f4e,{'text': 'CUSTOMMESSAGETESTFORGRIDACTIVATION'},,CUSTOMMESSAGETESTFORGRIDACTIVATION,['R1360'],R1360,['R1360'],['2026-07-02_R1360_02'],['R1360'],True,2026-07-02,True,True,2026-07-02_R1360_02,2026-07-02,R1360,2,7,assigned_manual_window,True,-32.0,False,7,83.816,9.5,2026-07-02 15:27:48+02:00,2026-07-02 15:27:48+02:00,2026-07-02 15:29:58+02:00,False,False,2026-07-02 15:33:13+02:00,20,50,30,0,2526,2575,0.4,0.6,0.6,group_7
24E124445E318071,24E124FFFEFE11C4,868300000,SF7BW125, -98/7.0,34,2541,UpCnf,2026-07-02 13:28:37+00:00,"Dev Addr/Multicast Addr: 06792e51
GwEUI: 24E124FFFEFE11C4
AppEUI: 24E124C0002A0001
Device EUI/Group Name: 24E124445E318071
Class Type: Class C
Immediately: -
Timestamp: 3999233531
Type: UpCnf
Adr: false
AdrAcKReq: false
Ack: false
Fcnt: 2541
Port: 86
Modulation: LORA
Bandwidth: 125
SpreadFactor: 7
Bitrate: 0
CodeRate: 4/5
SNR: 7.0
RSSI: -98
Power: -
Payload(b64): Q1VTVE9NTUVTU0FHRVRFU1RGT1JHUklEQUNUSVZBVElPTg==
Payload(hex): 435553544f4d4d45535341474554455354464f524752494441435449564154494f4e
JSON: {""text"":""CUSTOMMESSAGETESTFORGRIDACTIVATION""}
MIC: 982d0b76",02-07-1360(repeat).csv,,02-07-1360(repeat),1360,,[1360],[1360],['R1360'],2026-07-02,2026-07-02 15:28:37+02:00,-98.0,7.0,06792e51,24E124FFFEFE11C4,24E124C0002A0001,24E124445E318071,Class C,-,3999233531,UpCnf,false,false,false,2541,86,LORA,125,7,0,4/5,7.0,-98,-,Q1VTVE9NTUVTU0FHRVRFU1RGT1JHUklEQUNUSVZBVElPTg==,435553544f4d4d45535341474554455354464f524752494441435449564154494f4e,"{""text"":""CUSTOMMESSAGETESTFORGRIDACTIVATION""}",982d0b76,86.0,435553544f4d4d45535341474554455354464f524752494441435449564154494f4e,{'text': 'CUSTOMMESSAGETESTFORGRIDACTIVATION'},,CUSTOMMESSAGETESTFORGRIDACTIVATION,['R1360'],R1360,['R1360'],['2026-07-02_R1360_02'],['R1360'],True,2026-07-02,True,True,2026-07-02_R1360_02,2026-07-02,R1360,2,7,assigned_manual_window,True,-32.0,False,7,83.816,9.5,2026-07-02 15:27:48+02:00,2026-07-02 15:27:48+02:00,2026-07-02 15:29:58+02:00,False,False,2026-07-02 15:33:13+02:00,20,50,30,0,2526,2575,0.4,0.6,0.6,group_7
24E124445E318071,24E124FFFEFE11C4,868300000,SF7BW125, -99/5.8,34,2544,UpCnf,2026-07-02 13:28:44+00:00,"Dev Addr/Multicast Addr: 06792e51
GwEUI: 24E124FFFEFE11C4
AppEUI: 24E124C0002A0001
Device EUI/Group Name: 24E124445E318071
Class Type: Class C
Immediately: -
Timestamp: 4005882503
Type: UpCnf
Adr: false
AdrAcKReq: false
Ack: false
Fcnt: 2544
Port: 86
Modulation: LORA
Bandwidth: 125
SpreadFactor: 7
Bitrate: 0
CodeRate: 4/5
SNR: 5.8
RSSI: -99
Power: -
Payload(b64): Q1VTVE9NTUVTU0FHRVRFU1RGT1JHUklEQUNUSVZBVElPTg==
Payload(hex): 435553544f4d4d45535341474554455354464f524752494441435449564154494f4e
JSON: {""text"":""CUSTOMMESSAGETESTFORGRIDACTIVATION""}
MIC: 1ef6d76a",02-07-1360(repeat).csv,,02-07-1360(repeat),1360,,[1360],[1360],['R1360'],2026-07-02,2026-07-02 15:28:44+02:00,-99.0,5.8,06792e51,24E124FFFEFE11C4,24E124C0002A0001,24E124445E318071,Class C,-,4005882503,UpCnf,false,false,false,2544,86,LORA,125,7,0,4/5,5.8,-99,-,Q1VTVE9NTUVTU0FHRVRFU1RGT1JHUklEQUNUSVZBVElPTg==,435553544f4d4d45535341474554455354464f524752494441435449564154494f4e,"{""text"":""CUSTOMMESSAGETESTFORGRIDACTIVATION""}",1ef6d76a,86.0,435553544f4d4d45535341474554455354464f524752494441435449564154494f4e,{'text': 'CUSTOMMESSAGETESTFORGRIDACTIVATION'},,CUSTOMMESSAGETESTFORGRIDACTIVATION,['R1360'],R1360,['R1360'],['2026-07-02_R1360_02'],['R1360'],True,2026-07-02,True,True,2026-07-02_R1360_02,2026-07-02,R1360,2,7,assigned_manual_window,True,-32.0,False,7,83.816,9.5,2026-07-02 15:27:48+02:00,2026-07-02 15:27:48+02:00,2026-07-02 15:29:58+02:00,False,False,2026-07-02 15:33:13+02:00,20,50,30,0,2526,2575,0.4,0.6,0.6,group_7
24E124445E318071,24E124FFFEFE11C4,868100000,SF7BW125, -100/4.2,34,2547,UpCnf,2026-07-02 13:28:50+00:00,"Dev Addr/Multicast Addr: 06792e51
GwEUI: 24E124FFFEFE11C4
AppEUI: 24E124C0002A0001
Device EUI/Group Name: 24E124445E318071
Class Type: Class C
Immediately: -
Timestamp: 4012367575
Type: UpCnf
Adr: false
AdrAcKReq: false
Ack: false
Fcnt: 2547
Port: 86
Modulation: LORA
Bandwidth: 125
SpreadFactor: 7
Bitrate: 0
CodeRate: 4/5
SNR: 4.2
RSSI: -100
Power: -
Payload(b64): Q1VTVE9NTUVTU0FHRVRFU1RGT1JHUklEQUNUSVZBVElPTg==
Payload(hex): 435553544f4d4d45535341474554455354464f524752494441435449564154494f4e
JSON: {""text"":""CUSTOMMESSAGETESTFORGRIDACTIVATION""}
MIC: 9a8be388",02-07-1360(repeat).csv,,02-07-1360(repeat),1360,,[1360],[1360],['R1360'],2026-07-02,2026-07-02 15:28:50+02:00,-100.0,4.2,06792e51,24E124FFFEFE11C4,24E124C0002A0001,24E124445E318071,Class C,-,4012367575,UpCnf,false,false,false,2547,86,LORA,125,7,0,4/5,4.2,-100,-,Q1VTVE9NTUVTU0FHRVRFU1RGT1JHUklEQUNUSVZBVElPTg==,435553544f4d4d45535341474554455354464f524752494441435449564154494f4e,"{""text"":""CUSTOMMESSAGETESTFORGRIDACTIVATION""}",9a8be388,86.0,435553544f4d4d45535341474554455354464f524752494441435449564154494f4e,{'text': 'CUSTOMMESSAGETESTFORGRIDACTIVATION'},,CUSTOMMESSAGETESTFORGRIDACTIVATION,['R1360'],R1360,['R1360'],['2026-07-02_R1360_02'],['R1360'],True,2026-07-02,True,True,2026-07-02_R1360_02,2026-07-02,R1360,2,7,assigned_manual_window,True,-32.0,False,7,83.816,9.5,2026-07-02 15:27:48+02:00,2026-07-02 15:27:48+02:00,2026-07-02 15:29:58+02:00,False,False,2026-07-02 15:33:13+02:00,20,50,30,0,2526,2575,0.4,0.6,0.6,group_7
24E124445E318071,24E124FFFEFE11C4,868300000,SF7BW125, -97/7.5,34,2550,UpCnf,2026-07-02 13:28:56+00:00,"Dev Addr/Multicast Addr: 06792e51
GwEUI: 24E124FFFEFE11C4
AppEUI: 24E124C0002A0001
Device EUI/Group Name: 24E124445E318071
Class Type: Class C
Immediately: -
Timestamp: 4018031865
Type: UpCnf
Adr: false
AdrAcKReq: false
Ack: false
Fcnt: 2550
Port: 86
Modulation: LORA
Bandwidth: 125
SpreadFactor: 7
Bitrate: 0
CodeRate: 4/5
SNR: 7.5
RSSI: -97
Power: -
Payload(b64): Q1VTVE9NTUVTU0FHRVRFU1RGT1JHUklEQUNUSVZBVElPTg==
Payload(hex): 435553544f4d4d45535341474554455354464f524752494441435449564154494f4e
JSON: {""text"":""CUSTOMMESSAGETESTFORGRIDACTIVATION""}
MIC: d1de0caf",02-07-1360(repeat).csv,,02-07-1360(repeat),1360,,[1360],[1360],['R1360'],2026-07-02,2026-07-02 15:28:56+02:00,-97.0,7.5,06792e51,24E124FFFEFE11C4,24E124C0002A0001,24E124445E318071,Class C,-,4018031865,UpCnf,false,false,false,2550,86,LORA,125,7,0,4/5,7.5,-97,-,Q1VTVE9NTUVTU0FHRVRFU1RGT1JHUklEQUNUSVZBVElPTg==,435553544f4d4d45535341474554455354464f524752494441435449564154494f4e,"{""text"":""CUSTOMMESSAGETESTFORGRIDACTIVATION""}",d1de0caf,86.0,435553544f4d4d45535341474554455354464f524752494441435449564154494f4e,{'text': 'CUSTOMMESSAGETESTFORGRIDACTIVATION'},,CUSTOMMESSAGETESTFORGRIDACTIVATION,['R1360'],R1360,['R1360'],['2026-07-02_R1360_02'],['R1360'],True,2026-07-02,True,True,2026-07-02_R1360_02,2026-07-02,R1360,2,7,assigned_manual_window,True,-32.0,False,7,83.816,9.5,2026-07-02 15:27:48+02:00,2026-07-02 15:27:48+02:00,2026-07-02 15:29:58+02:00,False,False,2026-07-02 15:33:13+02:00,20,50,30,0,2526,2575,0.4,0.6,0.6,group_7
24E124445E318071,24E124FFFEFE11C4,868300000,SF7BW125, -101/3.2,34,2553,UpCnf,2026-07-02 13:29:10+00:00,"Dev Addr/Multicast Addr: 06792e51
GwEUI: 24E124FFFEFE11C4
AppEUI: 24E124C0002A0001
Device EUI/Group Name: 24E124445E318071
Class Type: Class C
Immediately: -
Timestamp: 4031896502
Type: UpCnf
Adr: false
AdrAcKReq: false
Ack: false
Fcnt: 2553
Port: 86
Modulation: LORA
Bandwidth: 125
SpreadFactor: 7
Bitrate: 0
CodeRate: 4/5
SNR: 3.2
RSSI: -101
Power: -
Payload(b64): Q1VTVE9NTUVTU0FHRVRFU1RGT1JHUklEQUNUSVZBVElPTg==
Payload(hex): 435553544f4d4d45535341474554455354464f524752494441435449564154494f4e
JSON: {""text"":""CUSTOMMESSAGETESTFORGRIDACTIVATION""}
MIC: 98878084",02-07-1360(repeat).csv,,02-07-1360(repeat),1360,,[1360],[1360],['R1360'],2026-07-02,2026-07-02 15:29:10+02:00,-101.0,3.2,06792e51,24E124FFFEFE11C4,24E124C0002A0001,24E124445E318071,Class C,-,4031896502,UpCnf,false,false,false,2553,86,LORA,125,7,0,4/5,3.2,-101,-,Q1VTVE9NTUVTU0FHRVRFU1RGT1JHUklEQUNUSVZBVElPTg==,435553544f4d4d45535341474554455354464f524752494441435449564154494f4e,"{""text"":""CUSTOMMESSAGETESTFORGRIDACTIVATION""}",98878084,86.0,435553544f4d4d45535341474554455354464f524752494441435449564154494f4e,{'text': 'CUSTOMMESSAGETESTFORGRIDACTIVATION'},,CUSTOMMESSAGETESTFORGRIDACTIVATION,['R1360'],R1360,['R1360'],['2026-07-02_R1360_02'],['R1360'],True,2026-07-02,True,True,2026-07-02_R1360_02,2026-07-02,R1360,2,7,assigned_manual_window,True,-32.0,False,7,83.816,9.5,2026-07-02 15:27:48+02:00,2026-07-02 15:27:48+02:00,2026-07-02 15:29:58+02:00,False,False,2026-07-02 15:33:13+02:00,20,50,30,0,2526,2575,0.4,0.6,0.6,group_7
24E124445E318071,24E124FFFEFE11C4,868100000,SF7BW125, -102/3.0,34,2556,UpCnf,2026-07-02 13:29:17+00:00,"Dev Addr/Multicast Addr: 06792e51
GwEUI: 24E124FFFEFE11C4
AppEUI: 24E124C0002A0001
Device EUI/Group Name: 24E124445E318071
Class Type: Class C
Immediately: -
Timestamp: 4038770518
Type: UpCnf
Adr: false
AdrAcKReq: false
Ack: false
Fcnt: 2556
Port: 86
Modulation: LORA
Bandwidth: 125
SpreadFactor: 7
Bitrate: 0
CodeRate: 4/5
SNR: 3.0
RSSI: -102
Power: -
Payload(b64): Q1VTVE9NTUVTU0FHRVRFU1RGT1JHUklEQUNUSVZBVElPTg==
Payload(hex): 435553544f4d4d45535341474554455354464f524752494441435449564154494f4e
JSON: {""text"":""CUSTOMMESSAGETESTFORGRIDACTIVATION""}
MIC: d80a417b",02-07-1360(repeat).csv,,02-07-1360(repeat),1360,,[1360],[1360],['R1360'],2026-07-02,2026-07-02 15:29:17+02:00,-102.0,3.0,06792e51,24E124FFFEFE11C4,24E124C0002A0001,24E124445E318071,Class C,-,4038770518,UpCnf,false,false,false,2556,86,LORA,125,7,0,4/5,3.0,-102,-,Q1VTVE9NTUVTU0FHRVRFU1RGT1JHUklEQUNUSVZBVElPTg==,435553544f4d4d45535341474554455354464f524752494441435449564154494f4e,"{""text"":""CUSTOMMESSAGETESTFORGRIDACTIVATION""}",d80a417b,86.0,435553544f4d4d45535341474554455354464f524752494441435449564154494f4e,{'text': 'CUSTOMMESSAGETESTFORGRIDACTIVATION'},,CUSTOMMESSAGETESTFORGRIDACTIVATION,['R1360'],R1360,['R1360'],['2026-07-02_R1360_02'],['R1360'],True,2026-07-02,True,True,2026-07-02_R1360_02,2026-07-02,R1360,2,7,assigned_manual_window,True,-32.0,False,7,83.816,9.5,2026-07-02 15:27:48+02:00,2026-07-02 15:27:48+02:00,2026-07-02 15:29:58+02:00,False,False,2026-07-02 15:33:13+02:00,20,50,30,0,2526,2575,0.4,0.6,0.6,group_7
24E124445E318071,24E124FFFEFE11C4,868100000,SF7BW125, -104/1.8,34,2559,UpCnf,2026-07-02 13:29:26+00:00,"Dev Addr/Multicast Addr: 06792e51
GwEUI: 24E124FFFEFE11C4
AppEUI: 24E124C0002A0001
Device EUI/Group Name: 24E124445E318071
Class Type: Class C
Immediately: -
Timestamp: 4048006531
Type: UpCnf
Adr: false
AdrAcKReq: false
Ack: false
Fcnt: 2559
Port: 86
Modulation: LORA
Bandwidth: 125
SpreadFactor: 7
Bitrate: 0
CodeRate: 4/5
SNR: 1.8
RSSI: -104
Power: -
Payload(b64): Q1VTVE9NTUVTU0FHRVRFU1RGT1JHUklEQUNUSVZBVElPTg==
Payload(hex): 435553544f4d4d45535341474554455354464f524752494441435449564154494f4e
JSON: {""text"":""CUSTOMMESSAGETESTFORGRIDACTIVATION""}
MIC: df7c95ab",02-07-1360(repeat).csv,,02-07-1360(repeat),1360,,[1360],[1360],['R1360'],2026-07-02,2026-07-02 15:29:26+02:00,-104.0,1.8,06792e51,24E124FFFEFE11C4,24E124C0002A0001,24E124445E318071,Class C,-,4048006531,UpCnf,false,false,false,2559,86,LORA,125,7,0,4/5,1.8,-104,-,Q1VTVE9NTUVTU0FHRVRFU1RGT1JHUklEQUNUSVZBVElPTg==,435553544f4d4d45535341474554455354464f524752494441435449564154494f4e,"{""text"":""CUSTOMMESSAGETESTFORGRIDACTIVATION""}",df7c95ab,86.0,435553544f4d4d45535341474554455354464f524752494441435449564154494f4e,{'text': 'CUSTOMMESSAGETESTFORGRIDACTIVATION'},,CUSTOMMESSAGETESTFORGRIDACTIVATION,['R1360'],R1360,['R1360'],['2026-07-02_R1360_02'],['R1360'],True,2026-07-02,True,True,2026-07-02_R1360_02,2026-07-02,R1360,2,7,assigned_manual_window,True,-32.0,False,7,83.816,9.5,2026-07-02 15:27:48+02:00,2026-07-02 15:27:48+02:00,2026-07-02 15:29:58+02:00,False,False,2026-07-02 15:33:13+02:00,20,50,30,0,2526,2575,0.4,0.6,0.6,group_7
24E124445E318071,24E124FFFEFE11C4,868100000,SF7BW125, -103/2.5,34,2561,UpCnf,2026-07-02 13:29:29+00:00,"Dev Addr/Multicast Addr: 06792e51
GwEUI: 24E124FFFEFE11C4
AppEUI: 24E124C0002A0001
Device EUI/Group Name: 24E124445E318071
Class Type: Class C
Immediately: -
Timestamp: 4050733032
Type: UpCnf
Adr: false
AdrAcKReq: false
Ack: false
Fcnt: 2561
Port: 86
Modulation: LORA
Bandwidth: 125
SpreadFactor: 7
Bitrate: 0
CodeRate: 4/5
SNR: 2.5
RSSI: -103
Power: -
Payload(b64): Q1VTVE9NTUVTU0FHRVRFU1RGT1JHUklEQUNUSVZBVElPTg==
Payload(hex): 435553544f4d4d45535341474554455354464f524752494441435449564154494f4e
JSON: {""text"":""CUSTOMMESSAGETESTFORGRIDACTIVATION""}
MIC: 7da668e5",02-07-1360(repeat).csv,,02-07-1360(repeat),1360,,[1360],[1360],['R1360'],2026-07-02,2026-07-02 15:29:29+02:00,-103.0,2.5,06792e51,24E124FFFEFE11C4,24E124C0002A0001,24E124445E318071,Class C,-,4050733032,UpCnf,false,false,false,2561,86,LORA,125,7,0,4/5,2.5,-103,-,Q1VTVE9NTUVTU0FHRVRFU1RGT1JHUklEQUNUSVZBVElPTg==,435553544f4d4d45535341474554455354464f524752494441435449564154494f4e,"{""text"":""CUSTOMMESSAGETESTFORGRIDACTIVATION""}",7da668e5,86.0,435553544f4d4d45535341474554455354464f524752494441435449564154494f4e,{'text': 'CUSTOMMESSAGETESTFORGRIDACTIVATION'},,CUSTOMMESSAGETESTFORGRIDACTIVATION,['R1360'],R1360,['R1360'],['2026-07-02_R1360_02'],['R1360'],True,2026-07-02,True,True,2026-07-02_R1360_02,2026-07-02,R1360,2,7,assigned_manual_window,True,-32.0,False,7,83.816,9.5,2026-07-02 15:27:48+02:00,2026-07-02 15:27:48+02:00,2026-07-02 15:29:58+02:00,False,False,2026-07-02 15:33:13+02:00,20,50,30,0,2526,2575,0.4,0.6,0.6,group_7
24E124445E318071,24E124FFFEFE11C4,868300000,SF7BW125, -101/4.2,34,2564,UpCnf,2026-07-02 13:29:35+00:00,"Dev Addr/Multicast Addr: 06792e51
GwEUI: 24E124FFFEFE11C4
AppEUI: 24E124C0002A0001
Device EUI/Group Name: 24E124445E318071
Class Type: Class C
Immediately: -
Timestamp: 4056707526
Type: UpCnf
Adr: false
AdrAcKReq: false
Ack: false
Fcnt: 2564
Port: 86
Modulation: LORA
Bandwidth: 125
SpreadFactor: 7
Bitrate: 0
CodeRate: 4/5
SNR: 4.2
RSSI: -101
Power: -
Payload(b64): Q1VTVE9NTUVTU0FHRVRFU1RGT1JHUklEQUNUSVZBVElPTg==
Payload(hex): 435553544f4d4d45535341474554455354464f524752494441435449564154494f4e
JSON: {""text"":""CUSTOMMESSAGETESTFORGRIDACTIVATION""}
MIC: 909b8738",02-07-1360(repeat).csv,,02-07-1360(repeat),1360,,[1360],[1360],['R1360'],2026-07-02,2026-07-02 15:29:35+02:00,-101.0,4.2,06792e51,24E124FFFEFE11C4,24E124C0002A0001,24E124445E318071,Class C,-,4056707526,UpCnf,false,false,false,2564,86,LORA,125,7,0,4/5,4.2,-101,-,Q1VTVE9NTUVTU0FHRVRFU1RGT1JHUklEQUNUSVZBVElPTg==,435553544f4d4d45535341474554455354464f524752494441435449564154494f4e,"{""text"":""CUSTOMMESSAGETESTFORGRIDACTIVATION""}",909b8738,86.0,435553544f4d4d45535341474554455354464f524752494441435449564154494f4e,{'text': 'CUSTOMMESSAGETESTFORGRIDACTIVATION'},,CUSTOMMESSAGETESTFORGRIDACTIVATION,['R1360'],R1360,['R1360'],['2026-07-02_R1360_02'],['R1360'],True,2026-07-02,True,True,2026-07-02_R1360_02,2026-07-02,R1360,2,7,assigned_manual_window,True,-32.0,False,7,83.816,9.5,2026-07-02 15:27:48+02:00,2026-07-02 15:27:48+02:00,2026-07-02 15:29:58+02:00,False,False,2026-07-02 15:33:13+02:00,20,50,30,0,2526,2575,0.4,0.6,0.6,group_7
24E124445E318071,24E124FFFEFE11C4,868300000,SF7BW125, -101/3.8,34,2566,UpCnf,2026-07-02 13:29:39+00:00,"Dev Addr/Multicast Addr: 06792e51
GwEUI: 24E124FFFEFE11C4
AppEUI: 24E124C0002A0001
Device EUI/Group Name: 24E124445E318071
Class Type: Class C
Immediately: -
Timestamp: 4061066534
Type: UpCnf
Adr: false
AdrAcKReq: false
Ack: false
Fcnt: 2566
Port: 86
Modulation: LORA
Bandwidth: 125
SpreadFactor: 7
Bitrate: 0
CodeRate: 4/5
SNR: 3.8
RSSI: -101
Power: -
Payload(b64): Q1VTVE9NTUVTU0FHRVRFU1RGT1JHUklEQUNUSVZBVElPTg==
Payload(hex): 435553544f4d4d45535341474554455354464f524752494441435449564154494f4e
JSON: {""text"":""CUSTOMMESSAGETESTFORGRIDACTIVATION""}
MIC: d1f9e4c4",02-07-1360(repeat).csv,,02-07-1360(repeat),1360,,[1360],[1360],['R1360'],2026-07-02,2026-07-02 15:29:39+02:00,-101.0,3.8,06792e51,24E124FFFEFE11C4,24E124C0002A0001,24E124445E318071,Class C,-,4061066534,UpCnf,false,false,false,2566,86,LORA,125,7,0,4/5,3.8,-101,-,Q1VTVE9NTUVTU0FHRVRFU1RGT1JHUklEQUNUSVZBVElPTg==,435553544f4d4d45535341474554455354464f524752494441435449564154494f4e,"{""text"":""CUSTOMMESSAGETESTFORGRIDACTIVATION""}",d1f9e4c4,86.0,435553544f4d4d45535341474554455354464f524752494441435449564154494f4e,{'text': 'CUSTOMMESSAGETESTFORGRIDACTIVATION'},,CUSTOMMESSAGETESTFORGRIDACTIVATION,['R1360'],R1360,['R1360'],['2026-07-02_R1360_02'],['R1360'],True,2026-07-02,True,True,2026-07-02_R1360_02,2026-07-02,R1360,2,7,assigned_manual_window,True,-32.0,False,7,83.816,9.5,2026-07-02 15:27:48+02:00,2026-07-02 15:27:48+02:00,2026-07-02 15:29:58+02:00,False,False,2026-07-02 15:33:13+02:00,20,50,30,0,2526,2575,0.4,0.6,0.6,group_7
24E124445E318071,24E124FFFEFE11C4,868300000,SF7BW125, -102/3.0,34,2567,UpCnf,2026-07-02 13:29:41+00:00,"Dev Addr/Multicast Addr: 06792e51
GwEUI: 24E124FFFEFE11C4
AppEUI: 24E124C0002A0001
Device EUI/Group Name: 24E124445E318071
Class Type: Class C
Immediately: -
Timestamp: 4062710833
Type: UpCnf
Adr: false
AdrAcKReq: false
Ack: false
Fcnt: 2567
Port: 86
Modulation: LORA
Bandwidth: 125
SpreadFactor: 7
Bitrate: 0
CodeRate: 4/5
SNR: 3.0
RSSI: -102
Power: -
Payload(b64): Q1VTVE9NTUVTU0FHRVRFU1RGT1JHUklEQUNUSVZBVElPTg==
Payload(hex): 435553544f4d4d45535341474554455354464f524752494441435449564154494f4e
JSON: {""text"":""CUSTOMMESSAGETESTFORGRIDACTIVATION""}
MIC: f17a891b",02-07-1360(repeat).csv,,02-07-1360(repeat),1360,,[1360],[1360],['R1360'],2026-07-02,2026-07-02 15:29:41+02:00,-102.0,3.0,06792e51,24E124FFFEFE11C4,24E124C0002A0001,24E124445E318071,Class C,-,4062710833,UpCnf,false,false,false,2567,86,LORA,125,7,0,4/5,3.0,-102,-,Q1VTVE9NTUVTU0FHRVRFU1RGT1JHUklEQUNUSVZBVElPTg==,435553544f4d4d45535341474554455354464f524752494441435449564154494f4e,"{""text"":""CUSTOMMESSAGETESTFORGRIDACTIVATION""}",f17a891b,86.0,435553544f4d4d45535341474554455354464f524752494441435449564154494f4e,{'text': 'CUSTOMMESSAGETESTFORGRIDACTIVATION'},,CUSTOMMESSAGETESTFORGRIDACTIVATION,['R1360'],R1360,['R1360'],['2026-07-02_R1360_02'],['R1360'],True,2026-07-02,True,True,2026-07-02_R1360_02,2026-07-02,R1360,2,7,assigned_manual_window,True,-32.0,False,7,83.816,9.5,2026-07-02 15:27:48+02:00,2026-07-02 15:27:48+02:00,2026-07-02 15:29:58+02:00,False,False,2026-07-02 15:33:13+02:00,20,50,30,0,2526,2575,0.4,0.6,0.6,group_7
24E124445E318071,24E124FFFEFE11C4,868300000,SF7BW125, -101/4.2,34,2569,UpCnf,2026-07-02 13:29:44+00:00,"Dev Addr/Multicast Addr: 06792e51
GwEUI: 24E124FFFEFE11C4
AppEUI: 24E124C0002A0001
Device EUI/Group Name: 24E124445E318071
Class Type: Class C
Immediately: -
Timestamp: 4066448526
Type: UpCnf
Adr: false
AdrAcKReq: false
Ack: false
Fcnt: 2569
Port: 86
Modulation: LORA
Bandwidth: 125
SpreadFactor: 7
Bitrate: 0
CodeRate: 4/5
SNR: 4.2
RSSI: -101
Power: -
Payload(b64): Q1VTVE9NTUVTU0FHRVRFU1RGT1JHUklEQUNUSVZBVElPTg==
Payload(hex): 435553544f4d4d45535341474554455354464f524752494441435449564154494f4e
JSON: {""text"":""CUSTOMMESSAGETESTFORGRIDACTIVATION""}
MIC: 3f54d5eb",02-07-1360(repeat).csv,,02-07-1360(repeat),1360,,[1360],[1360],['R1360'],2026-07-02,2026-07-02 15:29:44+02:00,-101.0,4.2,06792e51,24E124FFFEFE11C4,24E124C0002A0001,24E124445E318071,Class C,-,4066448526,UpCnf,false,false,false,2569,86,LORA,125,7,0,4/5,4.2,-101,-,Q1VTVE9NTUVTU0FHRVRFU1RGT1JHUklEQUNUSVZBVElPTg==,435553544f4d4d45535341474554455354464f524752494441435449564154494f4e,"{""text"":""CUSTOMMESSAGETESTFORGRIDACTIVATION""}",3f54d5eb,86.0,435553544f4d4d45535341474554455354464f524752494441435449564154494f4e,{'text': 'CUSTOMMESSAGETESTFORGRIDACTIVATION'},,CUSTOMMESSAGETESTFORGRIDACTIVATION,['R1360'],R1360,['R1360'],['2026-07-02_R1360_02'],['R1360'],True,2026-07-02,True,True,2026-07-02_R1360_02,2026-07-02,R1360,2,7,assigned_manual_window,True,-32.0,False,7,83.816,9.5,2026-07-02 15:27:48+02:00,2026-07-02 15:27:48+02:00,2026-07-02 15:29:58+02:00,False,False,2026-07-02 15:33:13+02:00,20,50,30,0,2526,2575,0.4,0.6,0.6,group_7
24E124445E318071,24E124FFFEFE11C4,868300000,SF7BW125, -101/4.2,34,2572,UpCnf,2026-07-02 13:29:49+00:00,"Dev Addr/Multicast Addr: 06792e51
GwEUI: 24E124FFFEFE11C4
AppEUI: 24E124C0002A0001
Device EUI/Group Name: 24E124445E318071
Class Type: Class C
Immediately: -
Timestamp: 4071551499
Type: UpCnf
Adr: false
AdrAcKReq: false
Ack: false
Fcnt: 2572
Port: 86
Modulation: LORA
Bandwidth: 125
SpreadFactor: 7
Bitrate: 0
CodeRate: 4/5
SNR: 4.2
RSSI: -101
Power: -
Payload(b64): Q1VTVE9NTUVTU0FHRVRFU1RGT1JHUklEQUNUSVZBVElPTg==
Payload(hex): 435553544f4d4d45535341474554455354464f524752494441435449564154494f4e
JSON: {""text"":""CUSTOMMESSAGETESTFORGRIDACTIVATION""}
MIC: 495c5e98",02-07-1360(repeat).csv,,02-07-1360(repeat),1360,,[1360],[1360],['R1360'],2026-07-02,2026-07-02 15:29:49+02:00,-101.0,4.2,06792e51,24E124FFFEFE11C4,24E124C0002A0001,24E124445E318071,Class C,-,4071551499,UpCnf,false,false,false,2572,86,LORA,125,7,0,4/5,4.2,-101,-,Q1VTVE9NTUVTU0FHRVRFU1RGT1JHUklEQUNUSVZBVElPTg==,435553544f4d4d45535341474554455354464f524752494441435449564154494f4e,"{""text"":""CUSTOMMESSAGETESTFORGRIDACTIVATION""}",495c5e98,86.0,435553544f4d4d45535341474554455354464f524752494441435449564154494f4e,{'text': 'CUSTOMMESSAGETESTFORGRIDACTIVATION'},,CUSTOMMESSAGETESTFORGRIDACTIVATION,['R1360'],R1360,['R1360'],['2026-07-02_R1360_02'],['R1360'],True,2026-07-02,True,True,2026-07-02_R1360_02,2026-07-02,R1360,2,7,assigned_manual_window,True,-32.0,False,7,83.816,9.5,2026-07-02 15:27:48+02:00,2026-07-02 15:27:48+02:00,2026-07-02 15:29:58+02:00,False,False,2026-07-02 15:33:13+02:00,20,50,30,0,2526,2575,0.4,0.6,0.6,group_7
24E124445E318071,24E124FFFEFE11C4,868300000,SF7BW125, -99/5.0,34,2575,UpCnf,2026-07-02 13:29:54+00:00,"Dev Addr/Multicast Addr: 06792e51
GwEUI: 24E124FFFEFE11C4
AppEUI: 24E124C0002A0001
Device EUI/Group Name: 24E124445E318071
Class Type: Class C
Immediately: -
Timestamp: 4075711451
Type: UpCnf
Adr: false
AdrAcKReq: false
Ack: false
Fcnt: 2575
Port: 86
Modulation: LORA
Bandwidth: 125
SpreadFactor: 7
Bitrate: 0
CodeRate: 4/5
SNR: 5.0
RSSI: -99
Power: -
Payload(b64): Q1VTVE9NTUVTU0FHRVRFU1RGT1JHUklEQUNUSVZBVElPTg==
Payload(hex): 435553544f4d4d45535341474554455354464f524752494441435449564154494f4e
JSON: {""text"":""CUSTOMMESSAGETESTFORGRIDACTIVATION""}
MIC: de845f85",02-07-1360(repeat).csv,,02-07-1360(repeat),1360,,[1360],[1360],['R1360'],2026-07-02,2026-07-02 15:29:54+02:00,-99.0,5.0,06792e51,24E124FFFEFE11C4,24E124C0002A0001,24E124445E318071,Class C,-,4075711451,UpCnf,false,false,false,2575,86,LORA,125,7,0,4/5,5.0,-99,-,Q1VTVE9NTUVTU0FHRVRFU1RGT1JHUklEQUNUSVZBVElPTg==,435553544f4d4d45535341474554455354464f524752494441435449564154494f4e,"{""text"":""CUSTOMMESSAGETESTFORGRIDACTIVATION""}",de845f85,86.0,435553544f4d4d45535341474554455354464f524752494441435449564154494f4e,{'text': 'CUSTOMMESSAGETESTFORGRIDACTIVATION'},,CUSTOMMESSAGETESTFORGRIDACTIVATION,['R1360'],R1360,['R1360'],['2026-07-02_R1360_02'],['R1360'],True,2026-07-02,True,True,2026-07-02_R1360_02,2026-07-02,R1360,2,7,assigned_manual_window,True,-32.0,False,7,83.816,9.5,2026-07-02 15:27:48+02:00,2026-07-02 15:27:48+02:00,2026-07-02 15:29:58+02:00,False,False,2026-07-02 15:33:13+02:00,20,50,30,0,2526,2575,0.4,0.6,0.6,group_7
24E124445E318071,24E124FFFEFE11C4,868100000,SF7BW125, -104/1.0,34,2320,UpCnf,2026-07-02 13:09:54+00:00,"Dev Addr/Multicast Addr: 06792e51
GwEUI: 24E124FFFEFE11C4
AppEUI: 24E124C0002A0001
Device EUI/Group Name: 24E124445E318071
Class Type: Class C
Immediately: -
Timestamp: 2875855323
Type: UpCnf
Adr: false
AdrAcKReq: false
Ack: false
Fcnt: 2320
Port: 86
Modulation: LORA
Bandwidth: 125
SpreadFactor: 7
Bitrate: 0
CodeRate: 4/5
SNR: 1.0
RSSI: -104
Power: -
Payload(b64): Q1VTVE9NTUVTU0FHRVRFU1RGT1JHUklEQUNUSVZBVElPTg==
Payload(hex): 435553544f4d4d45535341474554455354464f524752494441435449564154494f4e
JSON: {""text"":""CUSTOMMESSAGETESTFORGRIDACTIVATION""}
MIC: 1ee8e873",02-07-1411.csv,,02-07-1411,1411,,[1411],[1411],['R1411'],2026-07-02,2026-07-02 15:09:54+02:00,-104.0,1.0,06792e51,24E124FFFEFE11C4,24E124C0002A0001,24E124445E318071,Class C,-,2875855323,UpCnf,false,false,false,2320,86,LORA,125,7,0,4/5,1.0,-104,-,Q1VTVE9NTUVTU0FHRVRFU1RGT1JHUklEQUNUSVZBVElPTg==,435553544f4d4d45535341474554455354464f524752494441435449564154494f4e,"{""text"":""CUSTOMMESSAGETESTFORGRIDACTIVATION""}",1ee8e873,86.0,435553544f4d4d45535341474554455354464f524752494441435449564154494f4e,{'text': 'CUSTOMMESSAGETESTFORGRIDACTIVATION'},,CUSTOMMESSAGETESTFORGRIDACTIVATION,['R1411'],R1411,['R1411'],['2026-07-02_R1411_01'],['R1411'],True,2026-07-02,True,True,2026-07-02_R1411_01,2026-07-02,R1411,1,7,assigned_manual_window,True,0.0,False,7,83.816,65.60000000000001,2026-07-02 15:09:50+02:00,2026-07-02 15:09:50+02:00,2026-07-02 15:12:33+02:00,False,False,2026-07-02 15:15:20+02:00,60,68,8,0,2320,2387,0.8823529411764706,0.11764705882352941,0.11764705882352941,group_7
24E124445E318071,24E124FFFEFE11C4,868500000,SF7BW125, -101/-6.2,34,2322,UpCnf,2026-07-02 13:09:58+00:00,"Dev Addr/Multicast Addr: 06792e51
GwEUI: 24E124FFFEFE11C4
AppEUI: 24E124C0002A0001
Device EUI/Group Name: 24E124445E318071
Class Type: Class C
Immediately: -
Timestamp: 2879705260
Type: UpCnf
Adr: false
AdrAcKReq: false
Ack: false
Fcnt: 2322
Port: 86
Modulation: LORA
Bandwidth: 125
SpreadFactor: 7
Bitrate: 0
CodeRate: 4/5
SNR: -6.2
RSSI: -101
Power: -
Payload(b64): Q1VTVE9NTUVTU0FHRVRFU1RGT1JHUklEQUNUSVZBVElPTg==
Payload(hex): 435553544f4d4d45535341474554455354464f524752494441435449564154494f4e
JSON: {""text"":""CUSTOMMESSAGETESTFORGRIDACTIVATION""}
MIC: 360e95ae",02-07-1411.csv,,02-07-1411,1411,,[1411],[1411],['R1411'],2026-07-02,2026-07-02 15:09:58+02:00,-101.0,-6.2,06792e51,24E124FFFEFE11C4,24E124C0002A0001,24E124445E318071,Class C,-,2879705260,UpCnf,false,false,false,2322,86,LORA,125,7,0,4/5,-6.2,-101,-,Q1VTVE9NTUVTU0FHRVRFU1RGT1JHUklEQUNUSVZBVElPTg==,435553544f4d4d45535341474554455354464f524752494441435449564154494f4e,"{""text"":""CUSTOMMESSAGETESTFORGRIDACTIVATION""}",360e95ae,86.0,435553544f4d4d45535341474554455354464f524752494441435449564154494f4e,{'text': 'CUSTOMMESSAGETESTFORGRIDACTIVATION'},,CUSTOMMESSAGETESTFORGRIDACTIVATION,['R1411'],R1411,['R1411'],['2026-07-02_R1411_01'],['R1411'],True,2026-07-02,True,True,2026-07-02_R1411_01,2026-07-02,R1411,1,7,assigned_manual_window,True,0.0,False,7,83.816,65.60000000000001,2026-07-02 15:09:50+02:00,2026-07-02 15:09:50+02:00,2026-07-02 15:12:33+02:00,False,False,2026-07-02 15:15:20+02:00,60,68,8,0,2320,2387,0.8823529411764706,0.11764705882352941,0.11764705882352941,group_7
24E124445E318071,24E124FFFEFE11C4,868100000,SF7BW125, -106/-4.8,34,2324,UpCnf,2026-07-02 13:10:01+00:00,"Dev Addr/Multicast Addr: 06792e51
GwEUI: 24E124FFFEFE11C4
AppEUI: 24E124C0002A0001
Device EUI/Group Name: 24E124445E318071
Class Type: Class C
Immediately: -
Timestamp: 2883025267
Type: UpCnf
Adr: false
AdrAcKReq: false
Ack: false
Fcnt: 2324
Port: 86
Modulation: LORA
Bandwidth: 125
SpreadFactor: 7
Bitrate: 0
CodeRate: 4/5
SNR: -4.8
RSSI: -106
Power: -
Payload(b64): Q1VTVE9NTUVTU0FHRVRFU1RGT1JHUklEQUNUSVZBVElPTg==
Payload(hex): 435553544f4d4d45535341474554455354464f524752494441435449564154494f4e
JSON: {""text"":""CUSTOMMESSAGETESTFORGRIDACTIVATION""}
MIC: f5fefe3e",02-07-1411.csv,,02-07-1411,1411,,[1411],[1411],['R1411'],2026-07-02,2026-07-02 15:10:01+02:00,-106.0,-4.8,06792e51,24E124FFFEFE11C4,24E124C0002A0001,24E124445E318071,Class C,-,2883025267,UpCnf,false,false,false,2324,86,LORA,125,7,0,4/5,-4.8,-106,-,Q1VTVE9NTUVTU0FHRVRFU1RGT1JHUklEQUNUSVZBVElPTg==,435553544f4d4d45535341474554455354464f524752494441435449564154494f4e,"{""text"":""CUSTOMMESSAGETESTFORGRIDACTIVATION""}",f5fefe3e,86.0,435553544f4d4d45535341474554455354464f524752494441435449564154494f4e,{'text': 'CUSTOMMESSAGETESTFORGRIDACTIVATION'},,CUSTOMMESSAGETESTFORGRIDACTIVATION,['R1411'],R1411,['R1411'],['2026-07-02_R1411_01'],['R1411'],True,2026-07-02,True,True,2026-07-02_R1411_01,2026-07-02,R1411,1,7,assigned_manual_window,True,0.0,False,7,83.816,65.60000000000001,2026-07-02 15:09:50+02:00,2026-07-02 15:09:50+02:00,2026-07-02 15:12:33+02:00,False,False,2026-07-02 15:15:20+02:00,60,68,8,0,2320,2387,0.8823529411764706,0.11764705882352941,0.11764705882352941,group_7
24E124445E318071,24E124FFFEFE11C4,868100000,SF7BW125, -106/-4.8,34,2326,UpCnf,2026-07-02 13:10:05+00:00,"Dev Addr/Multicast Addr: 06792e51
GwEUI: 24E124FFFEFE11C4
AppEUI: 24E124C0002A0001
Device EUI/Group Name: 24E124445E318071
Class Type: Class C
Immediately: -
Timestamp: 2886723188
Type: UpCnf
Adr: false
AdrAcKReq: false
Ack: false
Fcnt: 2326
Port: 86
Modulation: LORA
Bandwidth: 125
SpreadFactor: 7
Bitrate: 0
CodeRate: 4/5
SNR: -4.8
RSSI: -106
Power: -
Payload(b64): Q1VTVE9NTUVTU0FHRVRFU1RGT1JHUklEQUNUSVZBVElPTg==
Payload(hex): 435553544f4d4d45535341474554455354464f524752494441435449564154494f4e
JSON: {""text"":""CUSTOMMESSAGETESTFORGRIDACTIVATION""}
MIC: 94e8674b",02-07-1411.csv,,02-07-1411,1411,,[1411],[1411],['R1411'],2026-07-02,2026-07-02 15:10:05+02:00,-106.0,-4.8,06792e51,24E124FFFEFE11C4,24E124C0002A0001,24E124445E318071,Class C,-,2886723188,UpCnf,false,false,false,2326,86,LORA,125,7,0,4/5,-4.8,-106,-,Q1VTVE9NTUVTU0FHRVRFU1RGT1JHUklEQUNUSVZBVElPTg==,435553544f4d4d45535341474554455354464f524752494441435449564154494f4e,"{""text"":""CUSTOMMESSAGETESTFORGRIDACTIVATION""}",94e8674b,86.0,435553544f4d4d45535341474554455354464f524752494441435449564154494f4e,{'text': 'CUSTOMMESSAGETESTFORGRIDACTIVATION'},,CUSTOMMESSAGETESTFORGRIDACTIVATION,['R1411'],R1411,['R1411'],['2026-07-02_R1411_01'],['R1411'],True,2026-07-02,True,True,2026-07-02_R1411_01,2026-07-02,R1411,1,7,assigned_manual_window,True,0.0,False,7,83.816,65.60000000000001,2026-07-02 15:09:50+02:00,2026-07-02 15:09:50+02:00,2026-07-02 15:12:33+02:00,False,False,2026-07-02 15:15:20+02:00,60,68,8,0,2320,2387,0.8823529411764706,0.11764705882352941,0.11764705882352941,group_7
24E124445E318071,24E124FFFEFE11C4,868100000,SF7BW125, -107/-5.0,34,2328,UpCnf,2026-07-02 13:10:08+00:00,"Dev Addr/Multicast Addr: 06792e51
GwEUI: 24E124FFFEFE11C4
AppEUI: 24E124C0002A0001
Device EUI/Group Name: 24E124445E318071
Class Type: Class C
Immediately: -
Timestamp: 2890060215
Type: UpCnf
Adr: false
AdrAcKReq: false
Ack: false
Fcnt: 2328
Port: 86
Modulation: LORA
Bandwidth: 125
SpreadFactor: 7
Bitrate: 0
CodeRate: 4/5
SNR: -5.0
RSSI: -107
Power: -
Payload(b64): Q1VTVE9NTUVTU0FHRVRFU1RGT1JHUklEQUNUSVZBVElPTg==
Payload(hex): 435553544f4d4d45535341474554455354464f524752494441435449564154494f4e
JSON: {""text"":""CUSTOMMESSAGETESTFORGRIDACTIVATION""}
MIC: 77cbd11a",02-07-1411.csv,,02-07-1411,1411,,[1411],[1411],['R1411'],2026-07-02,2026-07-02 15:10:08+02:00,-107.0,-5.0,06792e51,24E124FFFEFE11C4,24E124C0002A0001,24E124445E318071,Class C,-,2890060215,UpCnf,false,false,false,2328,86,LORA,125,7,0,4/5,-5.0,-107,-,Q1VTVE9NTUVTU0FHRVRFU1RGT1JHUklEQUNUSVZBVElPTg==,435553544f4d4d45535341474554455354464f524752494441435449564154494f4e,"{""text"":""CUSTOMMESSAGETESTFORGRIDACTIVATION""}",77cbd11a,86.0,435553544f4d4d45535341474554455354464f524752494441435449564154494f4e,{'text': 'CUSTOMMESSAGETESTFORGRIDACTIVATION'},,CUSTOMMESSAGETESTFORGRIDACTIVATION,['R1411'],R1411,['R1411'],['2026-07-02_R1411_01'],['R1411'],True,2026-07-02,True,True,2026-07-02_R1411_01,2026-07-02,R1411,1,7,assigned_manual_window,True,0.0,False,7,83.816,65.60000000000001,2026-07-02 15:09:50+02:00,2026-07-02 15:09:50+02:00,2026-07-02 15:12:33+02:00,False,False,2026-07-02 15:15:20+02:00,60,68,8,0,2320,2387,0.8823529411764706,0.11764705882352941,0.11764705882352941,group_7
24E124445E318071,24E124FFFEFE11C4,868100000,SF7BW125, -106/-1.8,34,2330,UpCnf,2026-07-02 13:10:12+00:00,"Dev Addr/Multicast Addr: 06792e51
GwEUI: 24E124FFFEFE11C4
AppEUI: 24E124C0002A0001
Device EUI/Group Name: 24E124445E318071
Class Type: Class C
Immediately: -
Timestamp: 2893936215
Type: UpCnf
Adr: false
AdrAcKReq: false
Ack: false
Fcnt: 2330
Port: 86
Modulation: LORA
Bandwidth: 125
SpreadFactor: 7
Bitrate: 0
CodeRate: 4/5
SNR: -1.8
RSSI: -106
Power: -
Payload(b64): Q1VTVE9NTUVTU0FHRVRFU1RGT1JHUklEQUNUSVZBVElPTg==
Payload(hex): 435553544f4d4d45535341474554455354464f524752494441435449564154494f4e
JSON: {""text"":""CUSTOMMESSAGETESTFORGRIDACTIVATION""}
MIC: 6faf5833",02-07-1411.csv,,02-07-1411,1411,,[1411],[1411],['R1411'],2026-07-02,2026-07-02 15:10:12+02:00,-106.0,-1.8,06792e51,24E124FFFEFE11C4,24E124C0002A0001,24E124445E318071,Class C,-,2893936215,UpCnf,false,false,false,2330,86,LORA,125,7,0,4/5,-1.8,-106,-,Q1VTVE9NTUVTU0FHRVRFU1RGT1JHUklEQUNUSVZBVElPTg==,435553544f4d4d45535341474554455354464f524752494441435449564154494f4e,"{""text"":""CUSTOMMESSAGETESTFORGRIDACTIVATION""}",6faf5833,86.0,435553544f4d4d45535341474554455354464f524752494441435449564154494f4e,{'text': 'CUSTOMMESSAGETESTFORGRIDACTIVATION'},,CUSTOMMESSAGETESTFORGRIDACTIVATION,['R1411'],R1411,['R1411'],['2026-07-02_R1411_01'],['R1411'],True,2026-07-02,True,True,2026-07-02_R1411_01,2026-07-02,R1411,1,7,assigned_manual_window,True,0.0,False,7,83.816,65.60000000000001,2026-07-02 15:09:50+02:00,2026-07-02 15:09:50+02:00,2026-07-02 15:12:33+02:00,False,False,2026-07-02 15:15:20+02:00,60,68,8,0,2320,2387,0.8823529411764706,0.11764705882352941,0.11764705882352941,group_7
24E124445E318071,24E124FFFEFE11C4,868100000,SF7BW125, -106/-2.8,34,2332,UpCnf,2026-07-02 13:10:16+00:00,"Dev Addr/Multicast Addr: 06792e51
GwEUI: 24E124FFFEFE11C4
AppEUI: 24E124C0002A0001
Device EUI/Group Name: 24E124445E318071
Class Type: Class C
Immediately: -
Timestamp: 2897640205
Type: UpCnf
Adr: false
AdrAcKReq: false
Ack: false
Fcnt: 2332
Port: 86
Modulation: LORA
Bandwidth: 125
SpreadFactor: 7
Bitrate: 0
CodeRate: 4/5
SNR: -2.8
RSSI: -106
Power: -
Payload(b64): Q1VTVE9NTUVTU0FHRVRFU1RGT1JHUklEQUNUSVZBVElPTg==
Payload(hex): 435553544f4d4d45535341474554455354464f524752494441435449564154494f4e
JSON: {""text"":""CUSTOMMESSAGETESTFORGRIDACTIVATION""}
MIC: df60c342",02-07-1411.csv,,02-07-1411,1411,,[1411],[1411],['R1411'],2026-07-02,2026-07-02 15:10:16+02:00,-106.0,-2.8,06792e51,24E124FFFEFE11C4,24E124C0002A0001,24E124445E318071,Class C,-,2897640205,UpCnf,false,false,false,2332,86,LORA,125,7,0,4/5,-2.8,-106,-,Q1VTVE9NTUVTU0FHRVRFU1RGT1JHUklEQUNUSVZBVElPTg==,435553544f4d4d45535341474554455354464f524752494441435449564154494f4e,"{""text"":""CUSTOMMESSAGETESTFORGRIDACTIVATION""}",df60c342,86.0,435553544f4d4d45535341474554455354464f524752494441435449564154494f4e,{'text': 'CUSTOMMESSAGETESTFORGRIDACTIVATION'},,CUSTOMMESSAGETESTFORGRIDACTIVATION,['R1411'],R1411,['R1411'],['2026-07-02_R1411_01'],['R1411'],True,2026-07-02,True,True,2026-07-02_R1411_01,2026-07-02,R1411,1,7,assigned_manual_window,True,0.0,False,7,83.816,65.60000000000001,2026-07-02 15:09:50+02:00,2026-07-02 15:09:50+02:00,2026-07-02 15:12:33+02:00,False,False,2026-07-02 15:15:20+02:00,60,68,8,0,2320,2387,0.8823529411764706,0.11764705882352941,0.11764705882352941,group_7
24E124445E318071,24E124FFFEFE11C4,868100000,SF7BW125, -105/-2.0,34,2334,UpCnf,2026-07-02 13:10:19+00:00,"Dev Addr/Multicast Addr: 06792e51
GwEUI: 24E124FFFEFE11C4
AppEUI: 24E124C0002A0001
Device EUI/Group Name: 24E124445E318071
Class Type: Class C
Immediately: -
Timestamp: 2900770203
Type: UpCnf
Adr: false
AdrAcKReq: false
Ack: false
Fcnt: 2334
Port: 86
Modulation: LORA
Bandwidth: 125
SpreadFactor: 7
Bitrate: 0
CodeRate: 4/5
SNR: -2.0
RSSI: -105
Power: -
Payload(b64): Q1VTVE9NTUVTU0FHRVRFU1RGT1JHUklEQUNUSVZBVElPTg==
Payload(hex): 435553544f4d4d45535341474554455354464f524752494441435449564154494f4e
JSON: {""text"":""CUSTOMMESSAGETESTFORGRIDACTIVATION""}
MIC: c4a625aa",02-07-1411.csv,,02-07-1411,1411,,[1411],[1411],['R1411'],2026-07-02,2026-07-02 15:10:19+02:00,-105.0,-2.0,06792e51,24E124FFFEFE11C4,24E124C0002A0001,24E124445E318071,Class C,-,2900770203,UpCnf,false,false,false,2334,86,LORA,125,7,0,4/5,-2.0,-105,-,Q1VTVE9NTUVTU0FHRVRFU1RGT1JHUklEQUNUSVZBVElPTg==,435553544f4d4d45535341474554455354464f524752494441435449564154494f4e,"{""text"":""CUSTOMMESSAGETESTFORGRIDACTIVATION""}",c4a625aa,86.0,435553544f4d4d45535341474554455354464f524752494441435449564154494f4e,{'text': 'CUSTOMMESSAGETESTFORGRIDACTIVATION'},,CUSTOMMESSAGETESTFORGRIDACTIVATION,['R1411'],R1411,['R1411'],['2026-07-02_R1411_01'],['R1411'],True,2026-07-02,True,True,2026-07-02_R1411_01,2026-07-02,R1411,1,7,assigned_manual_window,True,0.0,False,7,83.816,65.60000000000001,2026-07-02 15:09:50+02:00,2026-07-02 15:09:50+02:00,2026-07-02 15:12:33+02:00,False,False,2026-07-02 15:15:20+02:00,60,68,8,0,2320,2387,0.8823529411764706,0.11764705882352941,0.11764705882352941,group_7
24E124445E318071,24E124FFFEFE11C4,868300000,SF7BW125, -106/-3.0,34,2336,UpCnf,2026-07-02 13:10:22+00:00,"Dev Addr/Multicast Addr: 06792e51
GwEUI: 24E124FFFEFE11C4
AppEUI: 24E124C0002A0001
Device EUI/Group Name: 24E124445E318071
Class Type: Class C
Immediately: -
Timestamp: 2904480199
Type: UpCnf
Adr: false
AdrAcKReq: false
Ack: false
Fcnt: 2336
Port: 86
Modulation: LORA
Bandwidth: 125
SpreadFactor: 7
Bitrate: 0
CodeRate: 4/5
SNR: -3.0
RSSI: -106
Power: -
Payload(b64): Q1VTVE9NTUVTU0FHRVRFU1RGT1JHUklEQUNUSVZBVElPTg==
Payload(hex): 435553544f4d4d45535341474554455354464f524752494441435449564154494f4e
JSON: {""text"":""CUSTOMMESSAGETESTFORGRIDACTIVATION""}
MIC: 5c0359e8",02-07-1411.csv,,02-07-1411,1411,,[1411],[1411],['R1411'],2026-07-02,2026-07-02 15:10:22+02:00,-106.0,-3.0,06792e51,24E124FFFEFE11C4,24E124C0002A0001,24E124445E318071,Class C,-,2904480199,UpCnf,false,false,false,2336,86,LORA,125,7,0,4/5,-3.0,-106,-,Q1VTVE9NTUVTU0FHRVRFU1RGT1JHUklEQUNUSVZBVElPTg==,435553544f4d4d45535341474554455354464f524752494441435449564154494f4e,"{""text"":""CUSTOMMESSAGETESTFORGRIDACTIVATION""}",5c0359e8,86.0,435553544f4d4d45535341474554455354464f524752494441435449564154494f4e,{'text': 'CUSTOMMESSAGETESTFORGRIDACTIVATION'},,CUSTOMMESSAGETESTFORGRIDACTIVATION,['R1411'],R1411,['R1411'],['2026-07-02_R1411_01'],['R1411'],True,2026-07-02,True,True,2026-07-02_R1411_01,2026-07-02,R1411,1,7,assigned_manual_window,True,0.0,False,7,83.816,65.60000000000001,2026-07-02 15:09:50+02:00,2026-07-02 15:09:50+02:00,2026-07-02 15:12:33+02:00,False,False,2026-07-02 15:15:20+02:00,60,68,8,0,2320,2387,0.8823529411764706,0.11764705882352941,0.11764705882352941,group_7
24E124445E318071,24E124FFFEFE11C4,868100000,SF7BW125, -106/-4.0,34,2337,UpCnf,2026-07-02 13:10:25+00:00,"Dev Addr/Multicast Addr: 06792e51
GwEUI: 24E124FFFEFE11C4
AppEUI: 24E124C0002A0001
Device EUI/Group Name: 24E124445E318071
Class Type: Class C
Immediately: -
Timestamp: 2906651203
Type: UpCnf
Adr: false
AdrAcKReq: false
Ack: false
Fcnt: 2337
Port: 86
Modulation: LORA
Bandwidth: 125
SpreadFactor: 7
Bitrate: 0
CodeRate: 4/5
SNR: -4.0
RSSI: -106
Power: -
Payload(b64): Q1VTVE9NTUVTU0FHRVRFU1RGT1JHUklEQUNUSVZBVElPTg==
Payload(hex): 435553544f4d4d45535341474554455354464f524752494441435449564154494f4e
JSON: {""text"":""CUSTOMMESSAGETESTFORGRIDACTIVATION""}
MIC: 531b41ea",02-07-1411.csv,,02-07-1411,1411,,[1411],[1411],['R1411'],2026-07-02,2026-07-02 15:10:25+02:00,-106.0,-4.0,06792e51,24E124FFFEFE11C4,24E124C0002A0001,24E124445E318071,Class C,-,2906651203,UpCnf,false,false,false,2337,86,LORA,125,7,0,4/5,-4.0,-106,-,Q1VTVE9NTUVTU0FHRVRFU1RGT1JHUklEQUNUSVZBVElPTg==,435553544f4d4d45535341474554455354464f524752494441435449564154494f4e,"{""text"":""CUSTOMMESSAGETESTFORGRIDACTIVATION""}",531b41ea,86.0,435553544f4d4d45535341474554455354464f524752494441435449564154494f4e,{'text': 'CUSTOMMESSAGETESTFORGRIDACTIVATION'},,CUSTOMMESSAGETESTFORGRIDACTIVATION,['R1411'],R1411,['R1411'],['2026-07-02_R1411_01'],['R1411'],True,2026-07-02,True,True,2026-07-02_R1411_01,2026-07-02,R1411,1,7,assigned_manual_window,True,0.0,False,7,83.816,65.60000000000001,2026-07-02 15:09:50+02:00,2026-07-02 15:09:50+02:00,2026-07-02 15:12:33+02:00,False,False,2026-07-02 15:15:20+02:00,60,68,8,0,2320,2387,0.8823529411764706,0.11764705882352941,0.11764705882352941,group_7
24E124445E318071,24E124FFFEFE11C4,868100000,SF7BW125, -106/-3.8,34,2338,UpCnf,2026-07-02 13:10:27+00:00,"Dev Addr/Multicast Addr: 06792e51
GwEUI: 24E124FFFEFE11C4
AppEUI: 24E124C0002A0001
Device EUI/Group Name: 24E124445E318071
Class Type: Class C
Immediately: -
Timestamp: 2909006195
Type: UpCnf
Adr: false
AdrAcKReq: false
Ack: false
Fcnt: 2338
Port: 86
Modulation: LORA
Bandwidth: 125
SpreadFactor: 7
Bitrate: 0
CodeRate: 4/5
SNR: -3.8
RSSI: -106
Power: -
Payload(b64): Q1VTVE9NTUVTU0FHRVRFU1RGT1JHUklEQUNUSVZBVElPTg==
Payload(hex): 435553544f4d4d45535341474554455354464f524752494441435449564154494f4e
JSON: {""text"":""CUSTOMMESSAGETESTFORGRIDACTIVATION""}
MIC: 8f93b611",02-07-1411.csv,,02-07-1411,1411,,[1411],[1411],['R1411'],2026-07-02,2026-07-02 15:10:27+02:00,-106.0,-3.8,06792e51,24E124FFFEFE11C4,24E124C0002A0001,24E124445E318071,Class C,-,2909006195,UpCnf,false,false,false,2338,86,LORA,125,7,0,4/5,-3.8,-106,-,Q1VTVE9NTUVTU0FHRVRFU1RGT1JHUklEQUNUSVZBVElPTg==,435553544f4d4d45535341474554455354464f524752494441435449564154494f4e,"{""text"":""CUSTOMMESSAGETESTFORGRIDACTIVATION""}",8f93b611,86.0,435553544f4d4d45535341474554455354464f524752494441435449564154494f4e,{'text': 'CUSTOMMESSAGETESTFORGRIDACTIVATION'},,CUSTOMMESSAGETESTFORGRIDACTIVATION,['R1411'],R1411,['R1411'],['2026-07-02_R1411_01'],['R1411'],True,2026-07-02,True,True,2026-07-02_R1411_01,2026-07-02,R1411,1,7,assigned_manual_window,True,0.0,False,7,83.816,65.60000000000001,2026-07-02 15:09:50+02:00,2026-07-02 15:09:50+02:00,2026-07-02 15:12:33+02:00,False,False,2026-07-02 15:15:20+02:00,60,68,8,0,2320,2387,0.8823529411764706,0.11764705882352941,0.11764705882352941,group_7
24E124445E318071,24E124FFFEFE11C4,868100000,SF7BW125, -106/-4.8,34,2339,UpCnf,2026-07-02 13:10:29+00:00,"Dev Addr/Multicast Addr: 06792e51
GwEUI: 24E124FFFEFE11C4
AppEUI: 24E124C0002A0001
Device EUI/Group Name: 24E124445E318071
Class Type: Class C
Immediately: -
Timestamp: 2911332189
Type: UpCnf
Adr: false
AdrAcKReq: false
Ack: false
Fcnt: 2339
Port: 86
Modulation: LORA
Bandwidth: 125
SpreadFactor: 7
Bitrate: 0
CodeRate: 4/5
SNR: -4.8
RSSI: -106
Power: -
Payload(b64): Q1VTVE9NTUVTU0FHRVRFU1RGT1JHUklEQUNUSVZBVElPTg==
Payload(hex): 435553544f4d4d45535341474554455354464f524752494441435449564154494f4e
JSON: {""text"":""CUSTOMMESSAGETESTFORGRIDACTIVATION""}
MIC: 40832fd7",02-07-1411.csv,,02-07-1411,1411,,[1411],[1411],['R1411'],2026-07-02,2026-07-02 15:10:29+02:00,-106.0,-4.8,06792e51,24E124FFFEFE11C4,24E124C0002A0001,24E124445E318071,Class C,-,2911332189,UpCnf,false,false,false,2339,86,LORA,125,7,0,4/5,-4.8,-106,-,Q1VTVE9NTUVTU0FHRVRFU1RGT1JHUklEQUNUSVZBVElPTg==,435553544f4d4d45535341474554455354464f524752494441435449564154494f4e,"{""text"":""CUSTOMMESSAGETESTFORGRIDACTIVATION""}",40832fd7,86.0,435553544f4d4d45535341474554455354464f524752494441435449564154494f4e,{'text': 'CUSTOMMESSAGETESTFORGRIDACTIVATION'},,CUSTOMMESSAGETESTFORGRIDACTIVATION,['R1411'],R1411,['R1411'],['2026-07-02_R1411_01'],['R1411'],True,2026-07-02,True,True,2026-07-02_R1411_01,2026-07-02,R1411,1,7,assigned_manual_window,True,0.0,False,7,83.816,65.60000000000001,2026-07-02 15:09:50+02:00,2026-07-02 15:09:50+02:00,2026-07-02 15:12:33+02:00,False,False,2026-07-02 15:15:20+02:00,60,68,8,0,2320,2387,0.8823529411764706,0.11764705882352941,0.11764705882352941,group_7
24E124445E318071,24E124FFFEFE11C4,868100000,SF7BW125, -106/-4.2,34,2340,UpCnf,2026-07-02 13:10:31+00:00,"Dev Addr/Multicast Addr: 06792e51
GwEUI: 24E124FFFEFE11C4
AppEUI: 24E124C0002A0001
Device EUI/Group Name: 24E124445E318071
Class Type: Class C
Immediately: -
Timestamp: 2912936112
Type: UpCnf
Adr: false
AdrAcKReq: false
Ack: false
Fcnt: 2340
Port: 86
Modulation: LORA
Bandwidth: 125
SpreadFactor: 7
Bitrate: 0
CodeRate: 4/5
SNR: -4.2
RSSI: -106
Power: -
Payload(b64): Q1VTVE9NTUVTU0FHRVRFU1RGT1JHUklEQUNUSVZBVElPTg==
Payload(hex): 435553544f4d4d45535341474554455354464f524752494441435449564154494f4e
JSON: {""text"":""CUSTOMMESSAGETESTFORGRIDACTIVATION""}
MIC: ae518e56",02-07-1411.csv,,02-07-1411,1411,,[1411],[1411],['R1411'],2026-07-02,2026-07-02 15:10:31+02:00,-106.0,-4.2,06792e51,24E124FFFEFE11C4,24E124C0002A0001,24E124445E318071,Class C,-,2912936112,UpCnf,false,false,false,2340,86,LORA,125,7,0,4/5,-4.2,-106,-,Q1VTVE9NTUVTU0FHRVRFU1RGT1JHUklEQUNUSVZBVElPTg==,435553544f4d4d45535341474554455354464f524752494441435449564154494f4e,"{""text"":""CUSTOMMESSAGETESTFORGRIDACTIVATION""}",ae518e56,86.0,435553544f4d4d45535341474554455354464f524752494441435449564154494f4e,{'text': 'CUSTOMMESSAGETESTFORGRIDACTIVATION'},,CUSTOMMESSAGETESTFORGRIDACTIVATION,['R1411'],R1411,['R1411'],['2026-07-02_R1411_01'],['R1411'],True,2026-07-02,True,True,2026-07-02_R1411_01,2026-07-02,R1411,1,7,assigned_manual_window,True,0.0,False,7,83.816,65.60000000000001,2026-07-02 15:09:50+02:00,2026-07-02 15:09:50+02:00,2026-07-02 15:12:33+02:00,False,False,2026-07-02 15:15:20+02:00,60,68,8,0,2320,2387,0.8823529411764706,0.11764705882352941,0.11764705882352941,group_7
24E124445E318071,24E124FFFEFE11C4,868300000,SF7BW125, -106/-3.0,34,2341,UpCnf,2026-07-02 13:10:33+00:00,"Dev Addr/Multicast Addr: 06792e51
GwEUI: 24E124FFFEFE11C4
AppEUI: 24E124C0002A0001
Device EUI/Group Name: 24E124445E318071
Class Type: Class C
Immediately: -
Timestamp: 2914915210
Type: UpCnf
Adr: false
AdrAcKReq: false
Ack: false
Fcnt: 2341
Port: 86
Modulation: LORA
Bandwidth: 125
SpreadFactor: 7
Bitrate: 0
CodeRate: 4/5
SNR: -3.0
RSSI: -106
Power: -
Payload(b64): Q1VTVE9NTUVTU0FHRVRFU1RGT1JHUklEQUNUSVZBVElPTg==
Payload(hex): 435553544f4d4d45535341474554455354464f524752494441435449564154494f4e
JSON: {""text"":""CUSTOMMESSAGETESTFORGRIDACTIVATION""}
MIC: 45f1f0c5",02-07-1411.csv,,02-07-1411,1411,,[1411],[1411],['R1411'],2026-07-02,2026-07-02 15:10:33+02:00,-106.0,-3.0,06792e51,24E124FFFEFE11C4,24E124C0002A0001,24E124445E318071,Class C,-,2914915210,UpCnf,false,false,false,2341,86,LORA,125,7,0,4/5,-3.0,-106,-,Q1VTVE9NTUVTU0FHRVRFU1RGT1JHUklEQUNUSVZBVElPTg==,435553544f4d4d45535341474554455354464f524752494441435449564154494f4e,"{""text"":""CUSTOMMESSAGETESTFORGRIDACTIVATION""}",45f1f0c5,86.0,435553544f4d4d45535341474554455354464f524752494441435449564154494f4e,{'text': 'CUSTOMMESSAGETESTFORGRIDACTIVATION'},,CUSTOMMESSAGETESTFORGRIDACTIVATION,['R1411'],R1411,['R1411'],['2026-07-02_R1411_01'],['R1411'],True,2026-07-02,True,True,2026-07-02_R1411_01,2026-07-02,R1411,1,7,assigned_manual_window,True,0.0,False,7,83.816,65.60000000000001,2026-07-02 15:09:50+02:00,2026-07-02 15:09:50+02:00,2026-07-02 15:12:33+02:00,False,False,2026-07-02 15:15:20+02:00,60,68,8,0,2320,2387,0.8823529411764706,0.11764705882352941,0.11764705882352941,group_7
24E124445E318071,24E124FFFEFE11C4,868500000,SF7BW125, -101/-9.0,34,2342,UpCnf,2026-07-02 13:10:35+00:00,"Dev Addr/Multicast Addr: 06792e51
GwEUI: 24E124FFFEFE11C4
AppEUI: 24E124C0002A0001
Device EUI/Group Name: 24E124445E318071
Class Type: Class C
Immediately: -
Timestamp: 2917456014
Type: UpCnf
Adr: false
AdrAcKReq: false
Ack: false
Fcnt: 2342
Port: 86
Modulation: LORA
Bandwidth: 125
SpreadFactor: 7
Bitrate: 0
CodeRate: 4/5
SNR: -9.0
RSSI: -101
Power: -
Payload(b64): Q1VTVE9NTUVTU0FHRVRFU1RGT1JHUklEQUNUSVZBVElPTg==
Payload(hex): 435553544f4d4d45535341474554455354464f524752494441435449564154494f4e
JSON: {""text"":""CUSTOMMESSAGETESTFORGRIDACTIVATION""}
MIC: c9cf3488",02-07-1411.csv,,02-07-1411,1411,,[1411],[1411],['R1411'],2026-07-02,2026-07-02 15:10:35+02:00,-101.0,-9.0,06792e51,24E124FFFEFE11C4,24E124C0002A0001,24E124445E318071,Class C,-,2917456014,UpCnf,false,false,false,2342,86,LORA,125,7,0,4/5,-9.0,-101,-,Q1VTVE9NTUVTU0FHRVRFU1RGT1JHUklEQUNUSVZBVElPTg==,435553544f4d4d45535341474554455354464f524752494441435449564154494f4e,"{""text"":""CUSTOMMESSAGETESTFORGRIDACTIVATION""}",c9cf3488,86.0,435553544f4d4d45535341474554455354464f524752494441435449564154494f4e,{'text': 'CUSTOMMESSAGETESTFORGRIDACTIVATION'},,CUSTOMMESSAGETESTFORGRIDACTIVATION,['R1411'],R1411,['R1411'],['2026-07-02_R1411_01'],['R1411'],True,2026-07-02,True,True,2026-07-02_R1411_01,2026-07-02,R1411,1,7,assigned_manual_window,True,0.0,False,7,83.816,65.60000000000001,2026-07-02 15:09:50+02:00,2026-07-02 15:09:50+02:00,2026-07-02 15:12:33+02:00,False,False,2026-07-02 15:15:20+02:00,60,68,8,0,2320,2387,0.8823529411764706,0.11764705882352941,0.11764705882352941,group_7
24E124445E318071,24E124FFFEFE11C4,868100000,SF7BW125, -105/-5.2,34,2343,UpCnf,2026-07-02 13:10:38+00:00,"Dev Addr/Multicast Addr: 06792e51
GwEUI: 24E124FFFEFE11C4
AppEUI: 24E124C0002A0001
Device EUI/Group Name: 24E124445E318071
Class Type: Class C
Immediately: -
Timestamp: 2920203115
Type: UpCnf
Adr: false
AdrAcKReq: false
Ack: false
Fcnt: 2343
Port: 86
Modulation: LORA
Bandwidth: 125
SpreadFactor: 7
Bitrate: 0
CodeRate: 4/5
SNR: -5.2
RSSI: -105
Power: -
Payload(b64): Q1VTVE9NTUVTU0FHRVRFU1RGT1JHUklEQUNUSVZBVElPTg==
Payload(hex): 435553544f4d4d45535341474554455354464f524752494441435449564154494f4e
JSON: {""text"":""CUSTOMMESSAGETESTFORGRIDACTIVATION""}
MIC: 62fe276b",02-07-1411.csv,,02-07-1411,1411,,[1411],[1411],['R1411'],2026-07-02,2026-07-02 15:10:38+02:00,-105.0,-5.2,06792e51,24E124FFFEFE11C4,24E124C0002A0001,24E124445E318071,Class C,-,2920203115,UpCnf,false,false,false,2343,86,LORA,125,7,0,4/5,-5.2,-105,-,Q1VTVE9NTUVTU0FHRVRFU1RGT1JHUklEQUNUSVZBVElPTg==,435553544f4d4d45535341474554455354464f524752494441435449564154494f4e,"{""text"":""CUSTOMMESSAGETESTFORGRIDACTIVATION""}",62fe276b,86.0,435553544f4d4d45535341474554455354464f524752494441435449564154494f4e,{'text': 'CUSTOMMESSAGETESTFORGRIDACTIVATION'},,CUSTOMMESSAGETESTFORGRIDACTIVATION,['R1411'],R1411,['R1411'],['2026-07-02_R1411_01'],['R1411'],True,2026-07-02,True,True,2026-07-02_R1411_01,2026-07-02,R1411,1,7,assigned_manual_window,True,0.0,False,7,83.816,65.60000000000001,2026-07-02 15:09:50+02:00,2026-07-02 15:09:50+02:00,2026-07-02 15:12:33+02:00,False,False,2026-07-02 15:15:20+02:00,60,68,8,0,2320,2387,0.8823529411764706,0.11764705882352941,0.11764705882352941,group_7
24E124445E318071,24E124FFFEFE11C4,868100000,SF7BW125, -106/-3.8,34,2344,UpCnf,2026-07-02 13:10:40+00:00,"Dev Addr/Multicast Addr: 06792e51
GwEUI: 24E124FFFEFE11C4
AppEUI: 24E124C0002A0001
Device EUI/Group Name: 24E124445E318071
Class Type: Class C
Immediately: -
Timestamp: 2921959149
Type: UpCnf
Adr: false
AdrAcKReq: false
Ack: false
Fcnt: 2344
Port: 86
Modulation: LORA
Bandwidth: 125
SpreadFactor: 7
Bitrate: 0
CodeRate: 4/5
SNR: -3.8
RSSI: -106
Power: -
Payload(b64): Q1VTVE9NTUVTU0FHRVRFU1RGT1JHUklEQUNUSVZBVElPTg==
Payload(hex): 435553544f4d4d45535341474554455354464f524752494441435449564154494f4e
JSON: {""text"":""CUSTOMMESSAGETESTFORGRIDACTIVATION""}
MIC: a91e2eb4",02-07-1411.csv,,02-07-1411,1411,,[1411],[1411],['R1411'],2026-07-02,2026-07-02 15:10:40+02:00,-106.0,-3.8,06792e51,24E124FFFEFE11C4,24E124C0002A0001,24E124445E318071,Class C,-,2921959149,UpCnf,false,false,false,2344,86,LORA,125,7,0,4/5,-3.8,-106,-,Q1VTVE9NTUVTU0FHRVRFU1RGT1JHUklEQUNUSVZBVElPTg==,435553544f4d4d45535341474554455354464f524752494441435449564154494f4e,"{""text"":""CUSTOMMESSAGETESTFORGRIDACTIVATION""}",a91e2eb4,86.0,435553544f4d4d45535341474554455354464f524752494441435449564154494f4e,{'text': 'CUSTOMMESSAGETESTFORGRIDACTIVATION'},,CUSTOMMESSAGETESTFORGRIDACTIVATION,['R1411'],R1411,['R1411'],['2026-07-02_R1411_01'],['R1411'],True,2026-07-02,True,True,2026-07-02_R1411_01,2026-07-02,R1411,1,7,assigned_manual_window,True,0.0,False,7,83.816,65.60000000000001,2026-07-02 15:09:50+02:00,2026-07-02 15:09:50+02:00,2026-07-02 15:12:33+02:00,False,False,2026-07-02 15:15:20+02:00,60,68,8,0,2320,2387,0.8823529411764706,0.11764705882352941,0.11764705882352941,group_7
24E124445E318071,24E124FFFEFE11C4,868300000,SF7BW125, -106/-3.0,34,2345,UpCnf,2026-07-02 13:10:42+00:00,"Dev Addr/Multicast Addr: 06792e51
GwEUI: 24E124FFFEFE11C4
AppEUI: 24E124C0002A0001
Device EUI/Group Name: 24E124445E318071
Class Type: Class C
Immediately: -
Timestamp: 2924251140
Type: UpCnf
Adr: false
AdrAcKReq: false
Ack: false
Fcnt: 2345
Port: 86
Modulation: LORA
Bandwidth: 125
SpreadFactor: 7
Bitrate: 0
CodeRate: 4/5
SNR: -3.0
RSSI: -106
Power: -
Payload(b64): Q1VTVE9NTUVTU0FHRVRFU1RGT1JHUklEQUNUSVZBVElPTg==
Payload(hex): 435553544f4d4d45535341474554455354464f524752494441435449564154494f4e
JSON: {""text"":""CUSTOMMESSAGETESTFORGRIDACTIVATION""}
MIC: 1f33b2da",02-07-1411.csv,,02-07-1411,1411,,[1411],[1411],['R1411'],2026-07-02,2026-07-02 15:10:42+02:00,-106.0,-3.0,06792e51,24E124FFFEFE11C4,24E124C0002A0001,24E124445E318071,Class C,-,2924251140,UpCnf,false,false,false,2345,86,LORA,125,7,0,4/5,-3.0,-106,-,Q1VTVE9NTUVTU0FHRVRFU1RGT1JHUklEQUNUSVZBVElPTg==,435553544f4d4d45535341474554455354464f524752494441435449564154494f4e,"{""text"":""CUSTOMMESSAGETESTFORGRIDACTIVATION""}",1f33b2da,86.0,435553544f4d4d45535341474554455354464f524752494441435449564154494f4e,{'text': 'CUSTOMMESSAGETESTFORGRIDACTIVATION'},,CUSTOMMESSAGETESTFORGRIDACTIVATION,['R1411'],R1411,['R1411'],['2026-07-02_R1411_01'],['R1411'],True,2026-07-02,True,True,2026-07-02_R1411_01,2026-07-02,R1411,1,7,assigned_manual_window,True,0.0,False,7,83.816,65.60000000000001,2026-07-02 15:09:50+02:00,2026-07-02 15:09:50+02:00,2026-07-02 15:12:33+02:00,False,False,2026-07-02 15:15:20+02:00,60,68,8,0,2320,2387,0.8823529411764706,0.11764705882352941,0.11764705882352941,group_7
24E124445E318071,24E124FFFEFE11C4,868300000,SF7BW125, -106/-2.8,34,2346,UpCnf,2026-07-02 13:10:45+00:00,"Dev Addr/Multicast Addr: 06792e51
GwEUI: 24E124FFFEFE11C4
AppEUI: 24E124C0002A0001
Device EUI/Group Name: 24E124445E318071
Class Type: Class C
Immediately: -
Timestamp: 2927205124
Type: UpCnf
Adr: false
AdrAcKReq: false
Ack: false
Fcnt: 2346
Port: 86
Modulation: LORA
Bandwidth: 125
SpreadFactor: 7
Bitrate: 0
CodeRate: 4/5
SNR: -2.8
RSSI: -106
Power: -
Payload(b64): Q1VTVE9NTUVTU0FHRVRFU1RGT1JHUklEQUNUSVZBVElPTg==
Payload(hex): 435553544f4d4d45535341474554455354464f524752494441435449564154494f4e
JSON: {""text"":""CUSTOMMESSAGETESTFORGRIDACTIVATION""}
MIC: f19cc614",02-07-1411.csv,,02-07-1411,1411,,[1411],[1411],['R1411'],2026-07-02,2026-07-02 15:10:45+02:00,-106.0,-2.8,06792e51,24E124FFFEFE11C4,24E124C0002A0001,24E124445E318071,Class C,-,2927205124,UpCnf,false,false,false,2346,86,LORA,125,7,0,4/5,-2.8,-106,-,Q1VTVE9NTUVTU0FHRVRFU1RGT1JHUklEQUNUSVZBVElPTg==,435553544f4d4d45535341474554455354464f524752494441435449564154494f4e,"{""text"":""CUSTOMMESSAGETESTFORGRIDACTIVATION""}",f19cc614,86.0,435553544f4d4d45535341474554455354464f524752494441435449564154494f4e,{'text': 'CUSTOMMESSAGETESTFORGRIDACTIVATION'},,CUSTOMMESSAGETESTFORGRIDACTIVATION,['R1411'],R1411,['R1411'],['2026-07-02_R1411_01'],['R1411'],True,2026-07-02,True,True,2026-07-02_R1411_01,2026-07-02,R1411,1,7,assigned_manual_window,True,0.0,False,7,83.816,65.60000000000001,2026-07-02 15:09:50+02:00,2026-07-02 15:09:50+02:00,2026-07-02 15:12:33+02:00,False,False,2026-07-02 15:15:20+02:00,60,68,8,0,2320,2387,0.8823529411764706,0.11764705882352941,0.11764705882352941,group_7
24E124445E318071,24E124FFFEFE11C4,868300000,SF7BW125, -105/-3.8,34,2347,UpCnf,2026-07-02 13:10:48+00:00,"Dev Addr/Multicast Addr: 06792e51
GwEUI: 24E124FFFEFE11C4
AppEUI: 24E124C0002A0001
Device EUI/Group Name: 24E124445E318071
Class Type: Class C
Immediately: -
Timestamp: 2930376104
Type: UpCnf
Adr: false
AdrAcKReq: false
Ack: false
Fcnt: 2347
Port: 86
Modulation: LORA
Bandwidth: 125
SpreadFactor: 7
Bitrate: 0
CodeRate: 4/5
SNR: -3.8
RSSI: -105
Power: -
Payload(b64): Q1VTVE9NTUVTU0FHRVRFU1RGT1JHUklEQUNUSVZBVElPTg==
Payload(hex): 435553544f4d4d45535341474554455354464f524752494441435449564154494f4e
JSON: {""text"":""CUSTOMMESSAGETESTFORGRIDACTIVATION""}
MIC: 145cd6a1",02-07-1411.csv,,02-07-1411,1411,,[1411],[1411],['R1411'],2026-07-02,2026-07-02 15:10:48+02:00,-105.0,-3.8,06792e51,24E124FFFEFE11C4,24E124C0002A0001,24E124445E318071,Class C,-,2930376104,UpCnf,false,false,false,2347,86,LORA,125,7,0,4/5,-3.8,-105,-,Q1VTVE9NTUVTU0FHRVRFU1RGT1JHUklEQUNUSVZBVElPTg==,435553544f4d4d45535341474554455354464f524752494441435449564154494f4e,"{""text"":""CUSTOMMESSAGETESTFORGRIDACTIVATION""}",145cd6a1,86.0,435553544f4d4d45535341474554455354464f524752494441435449564154494f4e,{'text': 'CUSTOMMESSAGETESTFORGRIDACTIVATION'},,CUSTOMMESSAGETESTFORGRIDACTIVATION,['R1411'],R1411,['R1411'],['2026-07-02_R1411_01'],['R1411'],True,2026-07-02,True,True,2026-07-02_R1411_01,2026-07-02,R1411,1,7,assigned_manual_window,True,0.0,False,7,83.816,65.60000000000001,2026-07-02 15:09:50+02:00,2026-07-02 15:09:50+02:00,2026-07-02 15:12:33+02:00,False,False,2026-07-02 15:15:20+02:00,60,68,8,0,2320,2387,0.8823529411764706,0.11764705882352941,0.11764705882352941,group_7
24E124445E318071,24E124FFFEFE11C4,868300000,SF7BW125, -106/-3.5,34,2348,UpCnf,2026-07-02 13:10:50+00:00,"Dev Addr/Multicast Addr: 06792e51
GwEUI: 24E124FFFEFE11C4
AppEUI: 24E124C0002A0001
Device EUI/Group Name: 24E124445E318071
Class Type: Class C
Immediately: -
Timestamp: 2932362121
Type: UpCnf
Adr: false
AdrAcKReq: false
Ack: false
Fcnt: 2348
Port: 86
Modulation: LORA
Bandwidth: 125
SpreadFactor: 7
Bitrate: 0
CodeRate: 4/5
SNR: -3.5
RSSI: -106
Power: -
Payload(b64): Q1VTVE9NTUVTU0FHRVRFU1RGT1JHUklEQUNUSVZBVElPTg==
Payload(hex): 435553544f4d4d45535341474554455354464f524752494441435449564154494f4e
JSON: {""text"":""CUSTOMMESSAGETESTFORGRIDACTIVATION""}
MIC: b6ed6765",02-07-1411.csv,,02-07-1411,1411,,[1411],[1411],['R1411'],2026-07-02,2026-07-02 15:10:50+02:00,-106.0,-3.5,06792e51,24E124FFFEFE11C4,24E124C0002A0001,24E124445E318071,Class C,-,2932362121,UpCnf,false,false,false,2348,86,LORA,125,7,0,4/5,-3.5,-106,-,Q1VTVE9NTUVTU0FHRVRFU1RGT1JHUklEQUNUSVZBVElPTg==,435553544f4d4d45535341474554455354464f524752494441435449564154494f4e,"{""text"":""CUSTOMMESSAGETESTFORGRIDACTIVATION""}",b6ed6765,86.0,435553544f4d4d45535341474554455354464f524752494441435449564154494f4e,{'text': 'CUSTOMMESSAGETESTFORGRIDACTIVATION'},,CUSTOMMESSAGETESTFORGRIDACTIVATION,['R1411'],R1411,['R1411'],['2026-07-02_R1411_01'],['R1411'],True,2026-07-02,True,True,2026-07-02_R1411_01,2026-07-02,R1411,1,7,assigned_manual_window,True,0.0,False,7,83.816,65.60000000000001,2026-07-02 15:09:50+02:00,2026-07-02 15:09:50+02:00,2026-07-02 15:12:33+02:00,False,False,2026-07-02 15:15:20+02:00,60,68,8,0,2320,2387,0.8823529411764706,0.11764705882352941,0.11764705882352941,group_7
24E124445E318071,24E124FFFEFE11C4,868300000,SF7BW125, -106/-3.5,34,2349,UpCnf,2026-07-02 13:10:53+00:00,"Dev Addr/Multicast Addr: 06792e51
GwEUI: 24E124FFFEFE11C4
AppEUI: 24E124C0002A0001
Device EUI/Group Name: 24E124445E318071
Class Type: Class C
Immediately: -
Timestamp: 2934825080
Type: UpCnf
Adr: false
AdrAcKReq: false
Ack: false
Fcnt: 2349
Port: 86
Modulation: LORA
Bandwidth: 125
SpreadFactor: 7
Bitrate: 0
CodeRate: 4/5
SNR: -3.5
RSSI: -106
Power: -
Payload(b64): Q1VTVE9NTUVTU0FHRVRFU1RGT1JHUklEQUNUSVZBVElPTg==
Payload(hex): 435553544f4d4d45535341474554455354464f524752494441435449564154494f4e
JSON: {""text"":""CUSTOMMESSAGETESTFORGRIDACTIVATION""}
MIC: dd1d1315",02-07-1411.csv,,02-07-1411,1411,,[1411],[1411],['R1411'],2026-07-02,2026-07-02 15:10:53+02:00,-106.0,-3.5,06792e51,24E124FFFEFE11C4,24E124C0002A0001,24E124445E318071,Class C,-,2934825080,UpCnf,false,false,false,2349,86,LORA,125,7,0,4/5,-3.5,-106,-,Q1VTVE9NTUVTU0FHRVRFU1RGT1JHUklEQUNUSVZBVElPTg==,435553544f4d4d45535341474554455354464f524752494441435449564154494f4e,"{""text"":""CUSTOMMESSAGETESTFORGRIDACTIVATION""}",dd1d1315,86.0,435553544f4d4d45535341474554455354464f524752494441435449564154494f4e,{'text': 'CUSTOMMESSAGETESTFORGRIDACTIVATION'},,CUSTOMMESSAGETESTFORGRIDACTIVATION,['R1411'],R1411,['R1411'],['2026-07-02_R1411_01'],['R1411'],True,2026-07-02,True,True,2026-07-02_R1411_01,2026-07-02,R1411,1,7,assigned_manual_window,True,0.0,False,7,83.816,65.60000000000001,2026-07-02 15:09:50+02:00,2026-07-02 15:09:50+02:00,2026-07-02 15:12:33+02:00,False,False,2026-07-02 15:15:20+02:00,60,68,8,0,2320,2387,0.8823529411764706,0.11764705882352941,0.11764705882352941,group_7
24E124445E318071,24E124FFFEFE11C4,868500000,SF7BW125, -101/-9.8,34,2350,UpCnf,2026-07-02 13:10:54+00:00,"Dev Addr/Multicast Addr: 06792e51
GwEUI: 24E124FFFEFE11C4
AppEUI: 24E124C0002A0001
Device EUI/Group Name: 24E124445E318071
Class Type: Class C
Immediately: -
Timestamp: 2936422992
Type: UpCnf
Adr: false
AdrAcKReq: false
Ack: false
Fcnt: 2350
Port: 86
Modulation: LORA
Bandwidth: 125
SpreadFactor: 7
Bitrate: 0
CodeRate: 4/5
SNR: -9.8
RSSI: -101
Power: -
Payload(b64): Q1VTVE9NTUVTU0FHRVRFU1RGT1JHUklEQUNUSVZBVElPTg==
Payload(hex): 435553544f4d4d45535341474554455354464f524752494441435449564154494f4e
JSON: {""text"":""CUSTOMMESSAGETESTFORGRIDACTIVATION""}
MIC: 66813925",02-07-1411.csv,,02-07-1411,1411,,[1411],[1411],['R1411'],2026-07-02,2026-07-02 15:10:54+02:00,-101.0,-9.8,06792e51,24E124FFFEFE11C4,24E124C0002A0001,24E124445E318071,Class C,-,2936422992,UpCnf,false,false,false,2350,86,LORA,125,7,0,4/5,-9.8,-101,-,Q1VTVE9NTUVTU0FHRVRFU1RGT1JHUklEQUNUSVZBVElPTg==,435553544f4d4d45535341474554455354464f524752494441435449564154494f4e,"{""text"":""CUSTOMMESSAGETESTFORGRIDACTIVATION""}",66813925,86.0,435553544f4d4d45535341474554455354464f524752494441435449564154494f4e,{'text': 'CUSTOMMESSAGETESTFORGRIDACTIVATION'},,CUSTOMMESSAGETESTFORGRIDACTIVATION,['R1411'],R1411,['R1411'],['2026-07-02_R1411_01'],['R1411'],True,2026-07-02,True,True,2026-07-02_R1411_01,2026-07-02,R1411,1,7,assigned_manual_window,True,0.0,False,7,83.816,65.60000000000001,2026-07-02 15:09:50+02:00,2026-07-02 15:09:50+02:00,2026-07-02 15:12:33+02:00,False,False,2026-07-02 15:15:20+02:00,60,68,8,0,2320,2387,0.8823529411764706,0.11764705882352941,0.11764705882352941,group_7
24E124445E318071,24E124FFFEFE11C4,868100000,SF7BW125, -106/-4.0,34,2351,UpCnf,2026-07-02 13:10:57+00:00,"Dev Addr/Multicast Addr: 06792e51
GwEUI: 24E124FFFEFE11C4
AppEUI: 24E124C0002A0001
Device EUI/Group Name: 24E124445E318071
Class Type: Class C
Immediately: -
Timestamp: 2939517110
Type: UpCnf
Adr: false
AdrAcKReq: false
Ack: false
Fcnt: 2351
Port: 86
Modulation: LORA
Bandwidth: 125
SpreadFactor: 7
Bitrate: 0
CodeRate: 4/5
SNR: -4.0
RSSI: -106
Power: -
Payload(b64): Q1VTVE9NTUVTU0FHRVRFU1RGT1JHUklEQUNUSVZBVElPTg==
Payload(hex): 435553544f4d4d45535341474554455354464f524752494441435449564154494f4e
JSON: {""text"":""CUSTOMMESSAGETESTFORGRIDACTIVATION""}
MIC: 2e3d9f2d",02-07-1411.csv,,02-07-1411,1411,,[1411],[1411],['R1411'],2026-07-02,2026-07-02 15:10:57+02:00,-106.0,-4.0,06792e51,24E124FFFEFE11C4,24E124C0002A0001,24E124445E318071,Class C,-,2939517110,UpCnf,false,false,false,2351,86,LORA,125,7,0,4/5,-4.0,-106,-,Q1VTVE9NTUVTU0FHRVRFU1RGT1JHUklEQUNUSVZBVElPTg==,435553544f4d4d45535341474554455354464f524752494441435449564154494f4e,"{""text"":""CUSTOMMESSAGETESTFORGRIDACTIVATION""}",2e3d9f2d,86.0,435553544f4d4d45535341474554455354464f524752494441435449564154494f4e,{'text': 'CUSTOMMESSAGETESTFORGRIDACTIVATION'},,CUSTOMMESSAGETESTFORGRIDACTIVATION,['R1411'],R1411,['R1411'],['2026-07-02_R1411_01'],['R1411'],True,2026-07-02,True,True,2026-07-02_R1411_01,2026-07-02,R1411,1,7,assigned_manual_window,True,0.0,False,7,83.816,65.60000000000001,2026-07-02 15:09:50+02:00,2026-07-02 15:09:50+02:00,2026-07-02 15:12:33+02:00,False,False,2026-07-02 15:15:20+02:00,60,68,8,0,2320,2387,0.8823529411764706,0.11764705882352941,0.11764705882352941,group_7
24E124445E318071,24E124FFFEFE11C4,868100000,SF7BW125, -106/-4.2,34,2352,UpCnf,2026-07-02 13:11:00+00:00,"Dev Addr/Multicast Addr: 06792e51
GwEUI: 24E124FFFEFE11C4
AppEUI: 24E124C0002A0001
Device EUI/Group Name: 24E124445E318071
Class Type: Class C
Immediately: -
Timestamp: 2941850116
Type: UpCnf
Adr: false
AdrAcKReq: false
Ack: false
Fcnt: 2352
Port: 86
Modulation: LORA
Bandwidth: 125
SpreadFactor: 7
Bitrate: 0
CodeRate: 4/5
SNR: -4.2
RSSI: -106
Power: -
Payload(b64): Q1VTVE9NTUVTU0FHRVRFU1RGT1JHUklEQUNUSVZBVElPTg==
Payload(hex): 435553544f4d4d45535341474554455354464f524752494441435449564154494f4e
JSON: {""text"":""CUSTOMMESSAGETESTFORGRIDACTIVATION""}
MIC: 796a52aa",02-07-1411.csv,,02-07-1411,1411,,[1411],[1411],['R1411'],2026-07-02,2026-07-02 15:11:00+02:00,-106.0,-4.2,06792e51,24E124FFFEFE11C4,24E124C0002A0001,24E124445E318071,Class C,-,2941850116,UpCnf,false,false,false,2352,86,LORA,125,7,0,4/5,-4.2,-106,-,Q1VTVE9NTUVTU0FHRVRFU1RGT1JHUklEQUNUSVZBVElPTg==,435553544f4d4d45535341474554455354464f524752494441435449564154494f4e,"{""text"":""CUSTOMMESSAGETESTFORGRIDACTIVATION""}",796a52aa,86.0,435553544f4d4d45535341474554455354464f524752494441435449564154494f4e,{'text': 'CUSTOMMESSAGETESTFORGRIDACTIVATION'},,CUSTOMMESSAGETESTFORGRIDACTIVATION,['R1411'],R1411,['R1411'],['2026-07-02_R1411_01'],['R1411'],True,2026-07-02,True,True,2026-07-02_R1411_01,2026-07-02,R1411,1,7,assigned_manual_window,True,0.0,False,7,83.816,65.60000000000001,2026-07-02 15:09:50+02:00,2026-07-02 15:09:50+02:00,2026-07-02 15:12:33+02:00,False,False,2026-07-02 15:15:20+02:00,60,68,8,0,2320,2387,0.8823529411764706,0.11764705882352941,0.11764705882352941,group_7
24E124445E318071,24E124FFFEFE11C4,868100000,SF7BW125, -106/-3.8,34,2353,UpCnf,2026-07-02 13:11:01+00:00,"Dev Addr/Multicast Addr: 06792e51
GwEUI: 24E124FFFEFE11C4
AppEUI: 24E124C0002A0001
Device EUI/Group Name: 24E124445E318071
Class Type: Class C
Immediately: -
Timestamp: 2943511109
Type: UpCnf
Adr: false
AdrAcKReq: false
Ack: false
Fcnt: 2353
Port: 86
Modulation: LORA
Bandwidth: 125
SpreadFactor: 7
Bitrate: 0
CodeRate: 4/5
SNR: -3.8
RSSI: -106
Power: -
Payload(b64): Q1VTVE9NTUVTU0FHRVRFU1RGT1JHUklEQUNUSVZBVElPTg==
Payload(hex): 435553544f4d4d45535341474554455354464f524752494441435449564154494f4e
JSON: {""text"":""CUSTOMMESSAGETESTFORGRIDACTIVATION""}
MIC: 07ff98c4",02-07-1411.csv,,02-07-1411,1411,,[1411],[1411],['R1411'],2026-07-02,2026-07-02 15:11:01+02:00,-106.0,-3.8,06792e51,24E124FFFEFE11C4,24E124C0002A0001,24E124445E318071,Class C,-,2943511109,UpCnf,false,false,false,2353,86,LORA,125,7,0,4/5,-3.8,-106,-,Q1VTVE9NTUVTU0FHRVRFU1RGT1JHUklEQUNUSVZBVElPTg==,435553544f4d4d45535341474554455354464f524752494441435449564154494f4e,"{""text"":""CUSTOMMESSAGETESTFORGRIDACTIVATION""}",07ff98c4,86.0,435553544f4d4d45535341474554455354464f524752494441435449564154494f4e,{'text': 'CUSTOMMESSAGETESTFORGRIDACTIVATION'},,CUSTOMMESSAGETESTFORGRIDACTIVATION,['R1411'],R1411,['R1411'],['2026-07-02_R1411_01'],['R1411'],True,2026-07-02,True,True,2026-07-02_R1411_01,2026-07-02,R1411,1,7,assigned_manual_window,True,0.0,False,7,83.816,65.60000000000001,2026-07-02 15:09:50+02:00,2026-07-02 15:09:50+02:00,2026-07-02 15:12:33+02:00,False,False,2026-07-02 15:15:20+02:00,60,68,8,0,2320,2387,0.8823529411764706,0.11764705882352941,0.11764705882352941,group_7
24E124445E318071,24E124FFFEFE11C4,868500000,SF7BW125, -100/-8.2,34,2354,UpCnf,2026-07-02 13:11:03+00:00,"Dev Addr/Multicast Addr: 06792e51
GwEUI: 24E124FFFEFE11C4
AppEUI: 24E124C0002A0001
Device EUI/Group Name: 24E124445E318071
Class Type: Class C
Immediately: -
Timestamp: 2945223981
Type: UpCnf
Adr: false
AdrAcKReq: false
Ack: false
Fcnt: 2354
Port: 86
Modulation: LORA
Bandwidth: 125
SpreadFactor: 7
Bitrate: 0
CodeRate: 4/5
SNR: -8.2
RSSI: -100
Power: -
Payload(b64): Q1VTVE9NTUVTU0FHRVRFU1RGT1JHUklEQUNUSVZBVElPTg==
Payload(hex): 435553544f4d4d45535341474554455354464f524752494441435449564154494f4e
JSON: {""text"":""CUSTOMMESSAGETESTFORGRIDACTIVATION""}
MIC: 2e19ab18",02-07-1411.csv,,02-07-1411,1411,,[1411],[1411],['R1411'],2026-07-02,2026-07-02 15:11:03+02:00,-100.0,-8.2,06792e51,24E124FFFEFE11C4,24E124C0002A0001,24E124445E318071,Class C,-,2945223981,UpCnf,false,false,false,2354,86,LORA,125,7,0,4/5,-8.2,-100,-,Q1VTVE9NTUVTU0FHRVRFU1RGT1JHUklEQUNUSVZBVElPTg==,435553544f4d4d45535341474554455354464f524752494441435449564154494f4e,"{""text"":""CUSTOMMESSAGETESTFORGRIDACTIVATION""}",2e19ab18,86.0,435553544f4d4d45535341474554455354464f524752494441435449564154494f4e,{'text': 'CUSTOMMESSAGETESTFORGRIDACTIVATION'},,CUSTOMMESSAGETESTFORGRIDACTIVATION,['R1411'],R1411,['R1411'],['2026-07-02_R1411_01'],['R1411'],True,2026-07-02,True,True,2026-07-02_R1411_01,2026-07-02,R1411,1,7,assigned_manual_window,True,0.0,False,7,83.816,65.60000000000001,2026-07-02 15:09:50+02:00,2026-07-02 15:09:50+02:00,2026-07-02 15:12:33+02:00,False,False,2026-07-02 15:15:20+02:00,60,68,8,0,2320,2387,0.8823529411764706,0.11764705882352941,0.11764705882352941,group_7
24E124445E318071,24E124FFFEFE11C4,868100000,SF7BW125, -106/-3.8,34,2355,UpCnf,2026-07-02 13:11:05+00:00,"Dev Addr/Multicast Addr: 06792e51
GwEUI: 24E124FFFEFE11C4
AppEUI: 24E124C0002A0001
Device EUI/Group Name: 24E124445E318071
Class Type: Class C
Immediately: -
Timestamp: 2946658095
Type: UpCnf
Adr: false
AdrAcKReq: false
Ack: false
Fcnt: 2355
Port: 86
Modulation: LORA
Bandwidth: 125
SpreadFactor: 7
Bitrate: 0
CodeRate: 4/5
SNR: -3.8
RSSI: -106
Power: -
Payload(b64): Q1VTVE9NTUVTU0FHRVRFU1RGT1JHUklEQUNUSVZBVElPTg==
Payload(hex): 435553544f4d4d45535341474554455354464f524752494441435449564154494f4e
JSON: {""text"":""CUSTOMMESSAGETESTFORGRIDACTIVATION""}
MIC: 1d0fde14",02-07-1411.csv,,02-07-1411,1411,,[1411],[1411],['R1411'],2026-07-02,2026-07-02 15:11:05+02:00,-106.0,-3.8,06792e51,24E124FFFEFE11C4,24E124C0002A0001,24E124445E318071,Class C,-,2946658095,UpCnf,false,false,false,2355,86,LORA,125,7,0,4/5,-3.8,-106,-,Q1VTVE9NTUVTU0FHRVRFU1RGT1JHUklEQUNUSVZBVElPTg==,435553544f4d4d45535341474554455354464f524752494441435449564154494f4e,"{""text"":""CUSTOMMESSAGETESTFORGRIDACTIVATION""}",1d0fde14,86.0,435553544f4d4d45535341474554455354464f524752494441435449564154494f4e,{'text': 'CUSTOMMESSAGETESTFORGRIDACTIVATION'},,CUSTOMMESSAGETESTFORGRIDACTIVATION,['R1411'],R1411,['R1411'],['2026-07-02_R1411_01'],['R1411'],True,2026-07-02,True,True,2026-07-02_R1411_01,2026-07-02,R1411,1,7,assigned_manual_window,True,0.0,False,7,83.816,65.60000000000001,2026-07-02 15:09:50+02:00,2026-07-02 15:09:50+02:00,2026-07-02 15:12:33+02:00,False,False,2026-07-02 15:15:20+02:00,60,68,8,0,2320,2387,0.8823529411764706,0.11764705882352941,0.11764705882352941,group_7
24E124445E318071,24E124FFFEFE11C4,868100000,SF7BW125, -106/-4.5,34,2356,UpCnf,2026-07-02 13:11:06+00:00,"Dev Addr/Multicast Addr: 06792e51
GwEUI: 24E124FFFEFE11C4
AppEUI: 24E124C0002A0001
Device EUI/Group Name: 24E124445E318071
Class Type: Class C
Immediately: -
Timestamp: 2948571126
Type: UpCnf
Adr: false
AdrAcKReq: false
Ack: false
Fcnt: 2356
Port: 86
Modulation: LORA
Bandwidth: 125
SpreadFactor: 7
Bitrate: 0
CodeRate: 4/5
SNR: -4.5
RSSI: -106
Power: -
Payload(b64): Q1VTVE9NTUVTU0FHRVRFU1RGT1JHUklEQUNUSVZBVElPTg==
Payload(hex): 435553544f4d4d45535341474554455354464f524752494441435449564154494f4e
JSON: {""text"":""CUSTOMMESSAGETESTFORGRIDACTIVATION""}
MIC: 692fdb3f",02-07-1411.csv,,02-07-1411,1411,,[1411],[1411],['R1411'],2026-07-02,2026-07-02 15:11:06+02:00,-106.0,-4.5,06792e51,24E124FFFEFE11C4,24E124C0002A0001,24E124445E318071,Class C,-,2948571126,UpCnf,false,false,false,2356,86,LORA,125,7,0,4/5,-4.5,-106,-,Q1VTVE9NTUVTU0FHRVRFU1RGT1JHUklEQUNUSVZBVElPTg==,435553544f4d4d45535341474554455354464f524752494441435449564154494f4e,"{""text"":""CUSTOMMESSAGETESTFORGRIDACTIVATION""}",692fdb3f,86.0,435553544f4d4d45535341474554455354464f524752494441435449564154494f4e,{'text': 'CUSTOMMESSAGETESTFORGRIDACTIVATION'},,CUSTOMMESSAGETESTFORGRIDACTIVATION,['R1411'],R1411,['R1411'],['2026-07-02_R1411_01'],['R1411'],True,2026-07-02,True,True,2026-07-02_R1411_01,2026-07-02,R1411,1,7,assigned_manual_window,True,0.0,False,7,83.816,65.60000000000001,2026-07-02 15:09:50+02:00,2026-07-02 15:09:50+02:00,2026-07-02 15:12:33+02:00,False,False,2026-07-02 15:15:20+02:00,60,68,8,0,2320,2387,0.8823529411764706,0.11764705882352941,0.11764705882352941,group_7
24E124445E318071,24E124FFFEFE11C4,868300000,SF7BW125, -106/-4.0,34,2357,UpCnf,2026-07-02 13:11:08+00:00,"Dev Addr/Multicast Addr: 06792e51
GwEUI: 24E124FFFEFE11C4
AppEUI: 24E124C0002A0001
Device EUI/Group Name: 24E124445E318071
Class Type: Class C
Immediately: -
Timestamp: 2950297084
Type: UpCnf
Adr: false
AdrAcKReq: false
Ack: false
Fcnt: 2357
Port: 86
Modulation: LORA
Bandwidth: 125
SpreadFactor: 7
Bitrate: 0
CodeRate: 4/5
SNR: -4.0
RSSI: -106
Power: -
Payload(b64): Q1VTVE9NTUVTU0FHRVRFU1RGT1JHUklEQUNUSVZBVElPTg==
Payload(hex): 435553544f4d4d45535341474554455354464f524752494441435449564154494f4e
JSON: {""text"":""CUSTOMMESSAGETESTFORGRIDACTIVATION""}
MIC: e1bad931",02-07-1411.csv,,02-07-1411,1411,,[1411],[1411],['R1411'],2026-07-02,2026-07-02 15:11:08+02:00,-106.0,-4.0,06792e51,24E124FFFEFE11C4,24E124C0002A0001,24E124445E318071,Class C,-,2950297084,UpCnf,false,false,false,2357,86,LORA,125,7,0,4/5,-4.0,-106,-,Q1VTVE9NTUVTU0FHRVRFU1RGT1JHUklEQUNUSVZBVElPTg==,435553544f4d4d45535341474554455354464f524752494441435449564154494f4e,"{""text"":""CUSTOMMESSAGETESTFORGRIDACTIVATION""}",e1bad931,86.0,435553544f4d4d45535341474554455354464f524752494441435449564154494f4e,{'text': 'CUSTOMMESSAGETESTFORGRIDACTIVATION'},,CUSTOMMESSAGETESTFORGRIDACTIVATION,['R1411'],R1411,['R1411'],['2026-07-02_R1411_01'],['R1411'],True,2026-07-02,True,True,2026-07-02_R1411_01,2026-07-02,R1411,1,7,assigned_manual_window,True,0.0,False,7,83.816,65.60000000000001,2026-07-02 15:09:50+02:00,2026-07-02 15:09:50+02:00,2026-07-02 15:12:33+02:00,False,False,2026-07-02 15:15:20+02:00,60,68,8,0,2320,2387,0.8823529411764706,0.11764705882352941,0.11764705882352941,group_7
24E124445E318071,24E124FFFEFE11C4,868300000,SF7BW125, -106/-4.2,34,2358,UpCnf,2026-07-02 13:11:11+00:00,"Dev Addr/Multicast Addr: 06792e51
GwEUI: 24E124FFFEFE11C4
AppEUI: 24E124C0002A0001
Device EUI/Group Name: 24E124445E318071
Class Type: Class C
Immediately: -
Timestamp: 2953314028
Type: UpCnf
Adr: false
AdrAcKReq: false
Ack: false
Fcnt: 2358
Port: 86
Modulation: LORA
Bandwidth: 125
SpreadFactor: 7
Bitrate: 0
CodeRate: 4/5
SNR: -4.2
RSSI: -106
Power: -
Payload(b64): Q1VTVE9NTUVTU0FHRVRFU1RGT1JHUklEQUNUSVZBVElPTg==
Payload(hex): 435553544f4d4d45535341474554455354464f524752494441435449564154494f4e
JSON: {""text"":""CUSTOMMESSAGETESTFORGRIDACTIVATION""}
MIC: 13165f59",02-07-1411.csv,,02-07-1411,1411,,[1411],[1411],['R1411'],2026-07-02,2026-07-02 15:11:11+02:00,-106.0,-4.2,06792e51,24E124FFFEFE11C4,24E124C0002A0001,24E124445E318071,Class C,-,2953314028,UpCnf,false,false,false,2358,86,LORA,125,7,0,4/5,-4.2,-106,-,Q1VTVE9NTUVTU0FHRVRFU1RGT1JHUklEQUNUSVZBVElPTg==,435553544f4d4d45535341474554455354464f524752494441435449564154494f4e,"{""text"":""CUSTOMMESSAGETESTFORGRIDACTIVATION""}",13165f59,86.0,435553544f4d4d45535341474554455354464f524752494441435449564154494f4e,{'text': 'CUSTOMMESSAGETESTFORGRIDACTIVATION'},,CUSTOMMESSAGETESTFORGRIDACTIVATION,['R1411'],R1411,['R1411'],['2026-07-02_R1411_01'],['R1411'],True,2026-07-02,True,True,2026-07-02_R1411_01,2026-07-02,R1411,1,7,assigned_manual_window,True,0.0,False,7,83.816,65.60000000000001,2026-07-02 15:09:50+02:00,2026-07-02 15:09:50+02:00,2026-07-02 15:12:33+02:00,False,False,2026-07-02 15:15:20+02:00,60,68,8,0,2320,2387,0.8823529411764706,0.11764705882352941,0.11764705882352941,group_7
24E124445E318071,24E124FFFEFE11C4,868100000,SF7BW125, -106/-4.5,34,2359,UpCnf,2026-07-02 13:11:14+00:00,"Dev Addr/Multicast Addr: 06792e51
GwEUI: 24E124FFFEFE11C4
AppEUI: 24E124C0002A0001
Device EUI/Group Name: 24E124445E318071
Class Type: Class C
Immediately: -
Timestamp: 2955852095
Type: UpCnf
Adr: false
AdrAcKReq: false
Ack: false
Fcnt: 2359
Port: 86
Modulation: LORA
Bandwidth: 125
SpreadFactor: 7
Bitrate: 0
CodeRate: 4/5
SNR: -4.5
RSSI: -106
Power: -
Payload(b64): Q1VTVE9NTUVTU0FHRVRFU1RGT1JHUklEQUNUSVZBVElPTg==
Payload(hex): 435553544f4d4d45535341474554455354464f524752494441435449564154494f4e
JSON: {""text"":""CUSTOMMESSAGETESTFORGRIDACTIVATION""}
MIC: 212fa0d2",02-07-1411.csv,,02-07-1411,1411,,[1411],[1411],['R1411'],2026-07-02,2026-07-02 15:11:14+02:00,-106.0,-4.5,06792e51,24E124FFFEFE11C4,24E124C0002A0001,24E124445E318071,Class C,-,2955852095,UpCnf,false,false,false,2359,86,LORA,125,7,0,4/5,-4.5,-106,-,Q1VTVE9NTUVTU0FHRVRFU1RGT1JHUklEQUNUSVZBVElPTg==,435553544f4d4d45535341474554455354464f524752494441435449564154494f4e,"{""text"":""CUSTOMMESSAGETESTFORGRIDACTIVATION""}",212fa0d2,86.0,435553544f4d4d45535341474554455354464f524752494441435449564154494f4e,{'text': 'CUSTOMMESSAGETESTFORGRIDACTIVATION'},,CUSTOMMESSAGETESTFORGRIDACTIVATION,['R1411'],R1411,['R1411'],['2026-07-02_R1411_01'],['R1411'],True,2026-07-02,True,True,2026-07-02_R1411_01,2026-07-02,R1411,1,7,assigned_manual_window,True,0.0,False,7,83.816,65.60000000000001,2026-07-02 15:09:50+02:00,2026-07-02 15:09:50+02:00,2026-07-02 15:12:33+02:00,False,False,2026-07-02 15:15:20+02:00,60,68,8,0,2320,2387,0.8823529411764706,0.11764705882352941,0.11764705882352941,group_7
24E124445E318071,24E124FFFEFE11C4,868500000,SF7BW125, -101/-9.2,34,2360,UpCnf,2026-07-02 13:11:16+00:00,"Dev Addr/Multicast Addr: 06792e51
GwEUI: 24E124FFFEFE11C4
AppEUI: 24E124C0002A0001
Device EUI/Group Name: 24E124445E318071
Class Type: Class C
Immediately: -
Timestamp: 2958388973
Type: UpCnf
Adr: false
AdrAcKReq: false
Ack: false
Fcnt: 2360
Port: 86
Modulation: LORA
Bandwidth: 125
SpreadFactor: 7
Bitrate: 0
CodeRate: 4/5
SNR: -9.2
RSSI: -101
Power: -
Payload(b64): Q1VTVE9NTUVTU0FHRVRFU1RGT1JHUklEQUNUSVZBVElPTg==
Payload(hex): 435553544f4d4d45535341474554455354464f524752494441435449564154494f4e
JSON: {""text"":""CUSTOMMESSAGETESTFORGRIDACTIVATION""}
MIC: 31778da2",02-07-1411.csv,,02-07-1411,1411,,[1411],[1411],['R1411'],2026-07-02,2026-07-02 15:11:16+02:00,-101.0,-9.2,06792e51,24E124FFFEFE11C4,24E124C0002A0001,24E124445E318071,Class C,-,2958388973,UpCnf,false,false,false,2360,86,LORA,125,7,0,4/5,-9.2,-101,-,Q1VTVE9NTUVTU0FHRVRFU1RGT1JHUklEQUNUSVZBVElPTg==,435553544f4d4d45535341474554455354464f524752494441435449564154494f4e,"{""text"":""CUSTOMMESSAGETESTFORGRIDACTIVATION""}",31778da2,86.0,435553544f4d4d45535341474554455354464f524752494441435449564154494f4e,{'text': 'CUSTOMMESSAGETESTFORGRIDACTIVATION'},,CUSTOMMESSAGETESTFORGRIDACTIVATION,['R1411'],R1411,['R1411'],['2026-07-02_R1411_01'],['R1411'],True,2026-07-02,True,True,2026-07-02_R1411_01,2026-07-02,R1411,1,7,assigned_manual_window,True,0.0,False,7,83.816,65.60000000000001,2026-07-02 15:09:50+02:00,2026-07-02 15:09:50+02:00,2026-07-02 15:12:33+02:00,False,False,2026-07-02 15:15:20+02:00,60,68,8,0,2320,2387,0.8823529411764706,0.11764705882352941,0.11764705882352941,group_7
24E124445E318071,24E124FFFEFE11C4,868500000,SF7BW125, -101/-9.2,34,2361,UpCnf,2026-07-02 13:11:18+00:00,"Dev Addr/Multicast Addr: 06792e51
GwEUI: 24E124FFFEFE11C4
AppEUI: 24E124C0002A0001
Device EUI/Group Name: 24E124445E318071
Class Type: Class C
Immediately: -
Timestamp: 2960076965
Type: UpCnf
Adr: false
AdrAcKReq: false
Ack: false
Fcnt: 2361
Port: 86
Modulation: LORA
Bandwidth: 125
SpreadFactor: 7
Bitrate: 0
CodeRate: 4/5
SNR: -9.2
RSSI: -101
Power: -
Payload(b64): Q1VTVE9NTUVTU0FHRVRFU1RGT1JHUklEQUNUSVZBVElPTg==
Payload(hex): 435553544f4d4d45535341474554455354464f524752494441435449564154494f4e
JSON: {""text"":""CUSTOMMESSAGETESTFORGRIDACTIVATION""}
MIC: 96a232ca",02-07-1411.csv,,02-07-1411,1411,,[1411],[1411],['R1411'],2026-07-02,2026-07-02 15:11:18+02:00,-101.0,-9.2,06792e51,24E124FFFEFE11C4,24E124C0002A0001,24E124445E318071,Class C,-,2960076965,UpCnf,false,false,false,2361,86,LORA,125,7,0,4/5,-9.2,-101,-,Q1VTVE9NTUVTU0FHRVRFU1RGT1JHUklEQUNUSVZBVElPTg==,435553544f4d4d45535341474554455354464f524752494441435449564154494f4e,"{""text"":""CUSTOMMESSAGETESTFORGRIDACTIVATION""}",96a232ca,86.0,435553544f4d4d45535341474554455354464f524752494441435449564154494f4e,{'text': 'CUSTOMMESSAGETESTFORGRIDACTIVATION'},,CUSTOMMESSAGETESTFORGRIDACTIVATION,['R1411'],R1411,['R1411'],['2026-07-02_R1411_01'],['R1411'],True,2026-07-02,True,True,2026-07-02_R1411_01,2026-07-02,R1411,1,7,assigned_manual_window,True,0.0,False,7,83.816,65.60000000000001,2026-07-02 15:09:50+02:00,2026-07-02 15:09:50+02:00,2026-07-02 15:12:33+02:00,False,False,2026-07-02 15:15:20+02:00,60,68,8,0,2320,2387,0.8823529411764706,0.11764705882352941,0.11764705882352941,group_7
24E124445E318071,24E124FFFEFE11C4,868100000,SF7BW125, -107/-4.2,34,2362,UpCnf,2026-07-02 13:11:21+00:00,"Dev Addr/Multicast Addr: 06792e51
GwEUI: 24E124FFFEFE11C4
AppEUI: 24E124C0002A0001
Device EUI/Group Name: 24E124445E318071
Class Type: Class C
Immediately: -
Timestamp: 2963250027
Type: UpCnf
Adr: false
AdrAcKReq: false
Ack: false
Fcnt: 2362
Port: 86
Modulation: LORA
Bandwidth: 125
SpreadFactor: 7
Bitrate: 0
CodeRate: 4/5
SNR: -4.2
RSSI: -107
Power: -
Payload(b64): Q1VTVE9NTUVTU0FHRVRFU1RGT1JHUklEQUNUSVZBVElPTg==
Payload(hex): 435553544f4d4d45535341474554455354464f524752494441435449564154494f4e
JSON: {""text"":""CUSTOMMESSAGETESTFORGRIDACTIVATION""}
MIC: 5d168ce9",02-07-1411.csv,,02-07-1411,1411,,[1411],[1411],['R1411'],2026-07-02,2026-07-02 15:11:21+02:00,-107.0,-4.2,06792e51,24E124FFFEFE11C4,24E124C0002A0001,24E124445E318071,Class C,-,2963250027,UpCnf,false,false,false,2362,86,LORA,125,7,0,4/5,-4.2,-107,-,Q1VTVE9NTUVTU0FHRVRFU1RGT1JHUklEQUNUSVZBVElPTg==,435553544f4d4d45535341474554455354464f524752494441435449564154494f4e,"{""text"":""CUSTOMMESSAGETESTFORGRIDACTIVATION""}",5d168ce9,86.0,435553544f4d4d45535341474554455354464f524752494441435449564154494f4e,{'text': 'CUSTOMMESSAGETESTFORGRIDACTIVATION'},,CUSTOMMESSAGETESTFORGRIDACTIVATION,['R1411'],R1411,['R1411'],['2026-07-02_R1411_01'],['R1411'],True,2026-07-02,True,True,2026-07-02_R1411_01,2026-07-02,R1411,1,7,assigned_manual_window,True,0.0,False,7,83.816,65.60000000000001,2026-07-02 15:09:50+02:00,2026-07-02 15:09:50+02:00,2026-07-02 15:12:33+02:00,False,False,2026-07-02 15:15:20+02:00,60,68,8,0,2320,2387,0.8823529411764706,0.11764705882352941,0.11764705882352941,group_7
24E124445E318071,24E124FFFEFE11C4,868500000,SF7BW125, -101/-9.2,34,2363,UpCnf,2026-07-02 13:11:24+00:00,"Dev Addr/Multicast Addr: 06792e51
GwEUI: 24E124FFFEFE11C4
AppEUI: 24E124C0002A0001
Device EUI/Group Name: 24E124445E318071
Class Type: Class C
Immediately: -
Timestamp: 2965807939
Type: UpCnf
Adr: false
AdrAcKReq: false
Ack: false
Fcnt: 2363
Port: 86
Modulation: LORA
Bandwidth: 125
SpreadFactor: 7
Bitrate: 0
CodeRate: 4/5
SNR: -9.2
RSSI: -101
Power: -
Payload(b64): Q1VTVE9NTUVTU0FHRVRFU1RGT1JHUklEQUNUSVZBVElPTg==
Payload(hex): 435553544f4d4d45535341474554455354464f524752494441435449564154494f4e
JSON: {""text"":""CUSTOMMESSAGETESTFORGRIDACTIVATION""}
MIC: 4b785e9c",02-07-1411.csv,,02-07-1411,1411,,[1411],[1411],['R1411'],2026-07-02,2026-07-02 15:11:24+02:00,-101.0,-9.2,06792e51,24E124FFFEFE11C4,24E124C0002A0001,24E124445E318071,Class C,-,2965807939,UpCnf,false,false,false,2363,86,LORA,125,7,0,4/5,-9.2,-101,-,Q1VTVE9NTUVTU0FHRVRFU1RGT1JHUklEQUNUSVZBVElPTg==,435553544f4d4d45535341474554455354464f524752494441435449564154494f4e,"{""text"":""CUSTOMMESSAGETESTFORGRIDACTIVATION""}",4b785e9c,86.0,435553544f4d4d45535341474554455354464f524752494441435449564154494f4e,{'text': 'CUSTOMMESSAGETESTFORGRIDACTIVATION'},,CUSTOMMESSAGETESTFORGRIDACTIVATION,['R1411'],R1411,['R1411'],['2026-07-02_R1411_01'],['R1411'],True,2026-07-02,True,True,2026-07-02_R1411_01,2026-07-02,R1411,1,7,assigned_manual_window,True,0.0,False,7,83.816,65.60000000000001,2026-07-02 15:09:50+02:00,2026-07-02 15:09:50+02:00,2026-07-02 15:12:33+02:00,False,False,2026-07-02 15:15:20+02:00,60,68,8,0,2320,2387,0.8823529411764706,0.11764705882352941,0.11764705882352941,group_7
24E124445E318071,24E124FFFEFE11C4,868100000,SF7BW125, -106/-5.0,34,2364,UpCnf,2026-07-02 13:11:26+00:00,"Dev Addr/Multicast Addr: 06792e51
GwEUI: 24E124FFFEFE11C4
AppEUI: 24E124C0002A0001
Device EUI/Group Name: 24E124445E318071
Class Type: Class C
Immediately: -
Timestamp: 2968134046
Type: UpCnf
Adr: false
AdrAcKReq: false
Ack: false
Fcnt: 2364
Port: 86
Modulation: LORA
Bandwidth: 125
SpreadFactor: 7
Bitrate: 0
CodeRate: 4/5
SNR: -5.0
RSSI: -106
Power: -
Payload(b64): Q1VTVE9NTUVTU0FHRVRFU1RGT1JHUklEQUNUSVZBVElPTg==
Payload(hex): 435553544f4d4d45535341474554455354464f524752494441435449564154494f4e
JSON: {""text"":""CUSTOMMESSAGETESTFORGRIDACTIVATION""}
MIC: edd7f49a",02-07-1411.csv,,02-07-1411,1411,,[1411],[1411],['R1411'],2026-07-02,2026-07-02 15:11:26+02:00,-106.0,-5.0,06792e51,24E124FFFEFE11C4,24E124C0002A0001,24E124445E318071,Class C,-,2968134046,UpCnf,false,false,false,2364,86,LORA,125,7,0,4/5,-5.0,-106,-,Q1VTVE9NTUVTU0FHRVRFU1RGT1JHUklEQUNUSVZBVElPTg==,435553544f4d4d45535341474554455354464f524752494441435449564154494f4e,"{""text"":""CUSTOMMESSAGETESTFORGRIDACTIVATION""}",edd7f49a,86.0,435553544f4d4d45535341474554455354464f524752494441435449564154494f4e,{'text': 'CUSTOMMESSAGETESTFORGRIDACTIVATION'},,CUSTOMMESSAGETESTFORGRIDACTIVATION,['R1411'],R1411,['R1411'],['2026-07-02_R1411_01'],['R1411'],True,2026-07-02,True,True,2026-07-02_R1411_01,2026-07-02,R1411,1,7,assigned_manual_window,True,0.0,False,7,83.816,65.60000000000001,2026-07-02 15:09:50+02:00,2026-07-02 15:09:50+02:00,2026-07-02 15:12:33+02:00,False,False,2026-07-02 15:15:20+02:00,60,68,8,0,2320,2387,0.8823529411764706,0.11764705882352941,0.11764705882352941,group_7
24E124445E318071,24E124FFFEFE11C4,868500000,SF7BW125, -101/-9.0,34,2365,UpCnf,2026-07-02 13:11:29+00:00,"Dev Addr/Multicast Addr: 06792e51
GwEUI: 24E124FFFEFE11C4
AppEUI: 24E124C0002A0001
Device EUI/Group Name: 24E124445E318071
Class Type: Class C
Immediately: -
Timestamp: 2970669927
Type: UpCnf
Adr: false
AdrAcKReq: false
Ack: false
Fcnt: 2365
Port: 86
Modulation: LORA
Bandwidth: 125
SpreadFactor: 7
Bitrate: 0
CodeRate: 4/5
SNR: -9.0
RSSI: -101
Power: -
Payload(b64): Q1VTVE9NTUVTU0FHRVRFU1RGT1JHUklEQUNUSVZBVElPTg==
Payload(hex): 435553544f4d4d45535341474554455354464f524752494441435449564154494f4e
JSON: {""text"":""CUSTOMMESSAGETESTFORGRIDACTIVATION""}
MIC: 4979adc6",02-07-1411.csv,,02-07-1411,1411,,[1411],[1411],['R1411'],2026-07-02,2026-07-02 15:11:29+02:00,-101.0,-9.0,06792e51,24E124FFFEFE11C4,24E124C0002A0001,24E124445E318071,Class C,-,2970669927,UpCnf,false,false,false,2365,86,LORA,125,7,0,4/5,-9.0,-101,-,Q1VTVE9NTUVTU0FHRVRFU1RGT1JHUklEQUNUSVZBVElPTg==,435553544f4d4d45535341474554455354464f524752494441435449564154494f4e,"{""text"":""CUSTOMMESSAGETESTFORGRIDACTIVATION""}",4979adc6,86.0,435553544f4d4d45535341474554455354464f524752494441435449564154494f4e,{'text': 'CUSTOMMESSAGETESTFORGRIDACTIVATION'},,CUSTOMMESSAGETESTFORGRIDACTIVATION,['R1411'],R1411,['R1411'],['2026-07-02_R1411_01'],['R1411'],True,2026-07-02,True,True,2026-07-02_R1411_01,2026-07-02,R1411,1,7,assigned_manual_window,True,0.0,False,7,83.816,65.60000000000001,2026-07-02 15:09:50+02:00,2026-07-02 15:09:50+02:00,2026-07-02 15:12:33+02:00,False,False,2026-07-02 15:15:20+02:00,60,68,8,0,2320,2387,0.8823529411764706,0.11764705882352941,0.11764705882352941,group_7
24E124445E318071,24E124FFFEFE11C4,868300000,SF7BW125, -105/-4.5,34,2366,UpCnf,2026-07-02 13:11:30+00:00,"Dev Addr/Multicast Addr: 06792e51
GwEUI: 24E124FFFEFE11C4
AppEUI: 24E124C0002A0001
Device EUI/Group Name: 24E124445E318071
Class Type: Class C
Immediately: -
Timestamp: 2972125026
Type: UpCnf
Adr: false
AdrAcKReq: false
Ack: false
Fcnt: 2366
Port: 86
Modulation: LORA
Bandwidth: 125
SpreadFactor: 7
Bitrate: 0
CodeRate: 4/5
SNR: -4.5
RSSI: -105
Power: -
Payload(b64): Q1VTVE9NTUVTU0FHRVRFU1RGT1JHUklEQUNUSVZBVElPTg==
Payload(hex): 435553544f4d4d45535341474554455354464f524752494441435449564154494f4e
JSON: {""text"":""CUSTOMMESSAGETESTFORGRIDACTIVATION""}
MIC: ded84fc3",02-07-1411.csv,,02-07-1411,1411,,[1411],[1411],['R1411'],2026-07-02,2026-07-02 15:11:30+02:00,-105.0,-4.5,06792e51,24E124FFFEFE11C4,24E124C0002A0001,24E124445E318071,Class C,-,2972125026,UpCnf,false,false,false,2366,86,LORA,125,7,0,4/5,-4.5,-105,-,Q1VTVE9NTUVTU0FHRVRFU1RGT1JHUklEQUNUSVZBVElPTg==,435553544f4d4d45535341474554455354464f524752494441435449564154494f4e,"{""text"":""CUSTOMMESSAGETESTFORGRIDACTIVATION""}",ded84fc3,86.0,435553544f4d4d45535341474554455354464f524752494441435449564154494f4e,{'text': 'CUSTOMMESSAGETESTFORGRIDACTIVATION'},,CUSTOMMESSAGETESTFORGRIDACTIVATION,['R1411'],R1411,['R1411'],['2026-07-02_R1411_01'],['R1411'],True,2026-07-02,True,True,2026-07-02_R1411_01,2026-07-02,R1411,1,7,assigned_manual_window,True,0.0,False,7,83.816,65.60000000000001,2026-07-02 15:09:50+02:00,2026-07-02 15:09:50+02:00,2026-07-02 15:12:33+02:00,False,False,2026-07-02 15:15:20+02:00,60,68,8,0,2320,2387,0.8823529411764706,0.11764705882352941,0.11764705882352941,group_7
24E124445E318071,24E124FFFEFE11C4,868300000,SF7BW125, -106/-4.2,34,2367,UpCnf,2026-07-02 13:11:33+00:00,"Dev Addr/Multicast Addr: 06792e51
GwEUI: 24E124FFFEFE11C4
AppEUI: 24E124C0002A0001
Device EUI/Group Name: 24E124445E318071
Class Type: Class C
Immediately: -
Timestamp: 2975119023
Type: UpCnf
Adr: false
AdrAcKReq: false
Ack: false
Fcnt: 2367
Port: 86
Modulation: LORA
Bandwidth: 125
SpreadFactor: 7
Bitrate: 0
CodeRate: 4/5
SNR: -4.2
RSSI: -106
Power: -
Payload(b64): Q1VTVE9NTUVTU0FHRVRFU1RGT1JHUklEQUNUSVZBVElPTg==
Payload(hex): 435553544f4d4d45535341474554455354464f524752494441435449564154494f4e
JSON: {""text"":""CUSTOMMESSAGETESTFORGRIDACTIVATION""}
MIC: 276e749f",02-07-1411.csv,,02-07-1411,1411,,[1411],[1411],['R1411'],2026-07-02,2026-07-02 15:11:33+02:00,-106.0,-4.2,06792e51,24E124FFFEFE11C4,24E124C0002A0001,24E124445E318071,Class C,-,2975119023,UpCnf,false,false,false,2367,86,LORA,125,7,0,4/5,-4.2,-106,-,Q1VTVE9NTUVTU0FHRVRFU1RGT1JHUklEQUNUSVZBVElPTg==,435553544f4d4d45535341474554455354464f524752494441435449564154494f4e,"{""text"":""CUSTOMMESSAGETESTFORGRIDACTIVATION""}",276e749f,86.0,435553544f4d4d45535341474554455354464f524752494441435449564154494f4e,{'text': 'CUSTOMMESSAGETESTFORGRIDACTIVATION'},,CUSTOMMESSAGETESTFORGRIDACTIVATION,['R1411'],R1411,['R1411'],['2026-07-02_R1411_01'],['R1411'],True,2026-07-02,True,True,2026-07-02_R1411_01,2026-07-02,R1411,1,7,assigned_manual_window,True,0.0,False,7,83.816,65.60000000000001,2026-07-02 15:09:50+02:00,2026-07-02 15:09:50+02:00,2026-07-02 15:12:33+02:00,False,False,2026-07-02 15:15:20+02:00,60,68,8,0,2320,2387,0.8823529411764706,0.11764705882352941,0.11764705882352941,group_7
24E124445E318071,24E124FFFEFE11C4,868300000,SF7BW125, -106/-4.0,34,2368,UpCnf,2026-07-02 13:11:36+00:00,"Dev Addr/Multicast Addr: 06792e51
GwEUI: 24E124FFFEFE11C4
AppEUI: 24E124C0002A0001
Device EUI/Group Name: 24E124445E318071
Class Type: Class C
Immediately: -
Timestamp: 2977869995
Type: UpCnf
Adr: false
AdrAcKReq: false
Ack: false
Fcnt: 2368
Port: 86
Modulation: LORA
Bandwidth: 125
SpreadFactor: 7
Bitrate: 0
CodeRate: 4/5
SNR: -4.0
RSSI: -106
Power: -
Payload(b64): Q1VTVE9NTUVTU0FHRVRFU1RGT1JHUklEQUNUSVZBVElPTg==
Payload(hex): 435553544f4d4d45535341474554455354464f524752494441435449564154494f4e
JSON: {""text"":""CUSTOMMESSAGETESTFORGRIDACTIVATION""}
MIC: 4d071f61",02-07-1411.csv,,02-07-1411,1411,,[1411],[1411],['R1411'],2026-07-02,2026-07-02 15:11:36+02:00,-106.0,-4.0,06792e51,24E124FFFEFE11C4,24E124C0002A0001,24E124445E318071,Class C,-,2977869995,UpCnf,false,false,false,2368,86,LORA,125,7,0,4/5,-4.0,-106,-,Q1VTVE9NTUVTU0FHRVRFU1RGT1JHUklEQUNUSVZBVElPTg==,435553544f4d4d45535341474554455354464f524752494441435449564154494f4e,"{""text"":""CUSTOMMESSAGETESTFORGRIDACTIVATION""}",4d071f61,86.0,435553544f4d4d45535341474554455354464f524752494441435449564154494f4e,{'text': 'CUSTOMMESSAGETESTFORGRIDACTIVATION'},,CUSTOMMESSAGETESTFORGRIDACTIVATION,['R1411'],R1411,['R1411'],['2026-07-02_R1411_01'],['R1411'],True,2026-07-02,True,True,2026-07-02_R1411_01,2026-07-02,R1411,1,7,assigned_manual_window,True,0.0,False,7,83.816,65.60000000000001,2026-07-02 15:09:50+02:00,2026-07-02 15:09:50+02:00,2026-07-02 15:12:33+02:00,False,False,2026-07-02 15:15:20+02:00,60,68,8,0,2320,2387,0.8823529411764706,0.11764705882352941,0.11764705882352941,group_7
24E124445E318071,24E124FFFEFE11C4,868500000,SF7BW125, -101/-8.8,34,2369,UpCnf,2026-07-02 13:11:38+00:00,"Dev Addr/Multicast Addr: 06792e51
GwEUI: 24E124FFFEFE11C4
AppEUI: 24E124C0002A0001
Device EUI/Group Name: 24E124445E318071
Class Type: Class C
Immediately: -
Timestamp: 2980431889
Type: UpCnf
Adr: false
AdrAcKReq: false
Ack: false
Fcnt: 2369
Port: 86
Modulation: LORA
Bandwidth: 125
SpreadFactor: 7
Bitrate: 0
CodeRate: 4/5
SNR: -8.8
RSSI: -101
Power: -
Payload(b64): Q1VTVE9NTUVTU0FHRVRFU1RGT1JHUklEQUNUSVZBVElPTg==
Payload(hex): 435553544f4d4d45535341474554455354464f524752494441435449564154494f4e
JSON: {""text"":""CUSTOMMESSAGETESTFORGRIDACTIVATION""}
MIC: 329b62a3",02-07-1411.csv,,02-07-1411,1411,,[1411],[1411],['R1411'],2026-07-02,2026-07-02 15:11:38+02:00,-101.0,-8.8,06792e51,24E124FFFEFE11C4,24E124C0002A0001,24E124445E318071,Class C,-,2980431889,UpCnf,false,false,false,2369,86,LORA,125,7,0,4/5,-8.8,-101,-,Q1VTVE9NTUVTU0FHRVRFU1RGT1JHUklEQUNUSVZBVElPTg==,435553544f4d4d45535341474554455354464f524752494441435449564154494f4e,"{""text"":""CUSTOMMESSAGETESTFORGRIDACTIVATION""}",329b62a3,86.0,435553544f4d4d45535341474554455354464f524752494441435449564154494f4e,{'text': 'CUSTOMMESSAGETESTFORGRIDACTIVATION'},,CUSTOMMESSAGETESTFORGRIDACTIVATION,['R1411'],R1411,['R1411'],['2026-07-02_R1411_01'],['R1411'],True,2026-07-02,True,True,2026-07-02_R1411_01,2026-07-02,R1411,1,7,assigned_manual_window,True,0.0,False,7,83.816,65.60000000000001,2026-07-02 15:09:50+02:00,2026-07-02 15:09:50+02:00,2026-07-02 15:12:33+02:00,False,False,2026-07-02 15:15:20+02:00,60,68,8,0,2320,2387,0.8823529411764706,0.11764705882352941,0.11764705882352941,group_7
24E124445E318071,24E124FFFEFE11C4,868300000,SF7BW125, -105/-4.0,34,2370,UpCnf,2026-07-02 13:11:41+00:00,"Dev Addr/Multicast Addr: 06792e51
GwEUI: 24E124FFFEFE11C4
AppEUI: 24E124C0002A0001
Device EUI/Group Name: 24E124445E318071
Class Type: Class C
Immediately: -
Timestamp: 2982971031
Type: UpCnf
Adr: false
AdrAcKReq: false
Ack: false
Fcnt: 2370
Port: 86
Modulation: LORA
Bandwidth: 125
SpreadFactor: 7
Bitrate: 0
CodeRate: 4/5
SNR: -4.0
RSSI: -105
Power: -
Payload(b64): Q1VTVE9NTUVTU0FHRVRFU1RGT1JHUklEQUNUSVZBVElPTg==
Payload(hex): 435553544f4d4d45535341474554455354464f524752494441435449564154494f4e
JSON: {""text"":""CUSTOMMESSAGETESTFORGRIDACTIVATION""}
MIC: 033c7fbc",02-07-1411.csv,,02-07-1411,1411,,[1411],[1411],['R1411'],2026-07-02,2026-07-02 15:11:41+02:00,-105.0,-4.0,06792e51,24E124FFFEFE11C4,24E124C0002A0001,24E124445E318071,Class C,-,2982971031,UpCnf,false,false,false,2370,86,LORA,125,7,0,4/5,-4.0,-105,-,Q1VTVE9NTUVTU0FHRVRFU1RGT1JHUklEQUNUSVZBVElPTg==,435553544f4d4d45535341474554455354464f524752494441435449564154494f4e,"{""text"":""CUSTOMMESSAGETESTFORGRIDACTIVATION""}",033c7fbc,86.0,435553544f4d4d45535341474554455354464f524752494441435449564154494f4e,{'text': 'CUSTOMMESSAGETESTFORGRIDACTIVATION'},,CUSTOMMESSAGETESTFORGRIDACTIVATION,['R1411'],R1411,['R1411'],['2026-07-02_R1411_01'],['R1411'],True,2026-07-02,True,True,2026-07-02_R1411_01,2026-07-02,R1411,1,7,assigned_manual_window,True,0.0,False,7,83.816,65.60000000000001,2026-07-02 15:09:50+02:00,2026-07-02 15:09:50+02:00,2026-07-02 15:12:33+02:00,False,False,2026-07-02 15:15:20+02:00,60,68,8,0,2320,2387,0.8823529411764706,0.11764705882352941,0.11764705882352941,group_7
24E124445E318071,24E124FFFEFE11C4,868100000,SF7BW125, -106/-3.5,34,2371,UpCnf,2026-07-02 13:11:43+00:00,"Dev Addr/Multicast Addr: 06792e51
GwEUI: 24E124FFFEFE11C4
AppEUI: 24E124C0002A0001
Device EUI/Group Name: 24E124445E318071
Class Type: Class C
Immediately: -
Timestamp: 2984688005
Type: UpCnf
Adr: false
AdrAcKReq: false
Ack: false
Fcnt: 2371
Port: 86
Modulation: LORA
Bandwidth: 125
SpreadFactor: 7
Bitrate: 0
CodeRate: 4/5
SNR: -3.5
RSSI: -106
Power: -
Payload(b64): Q1VTVE9NTUVTU0FHRVRFU1RGT1JHUklEQUNUSVZBVElPTg==
Payload(hex): 435553544f4d4d45535341474554455354464f524752494441435449564154494f4e
JSON: {""text"":""CUSTOMMESSAGETESTFORGRIDACTIVATION""}
MIC: 943f1d0b",02-07-1411.csv,,02-07-1411,1411,,[1411],[1411],['R1411'],2026-07-02,2026-07-02 15:11:43+02:00,-106.0,-3.5,06792e51,24E124FFFEFE11C4,24E124C0002A0001,24E124445E318071,Class C,-,2984688005,UpCnf,false,false,false,2371,86,LORA,125,7,0,4/5,-3.5,-106,-,Q1VTVE9NTUVTU0FHRVRFU1RGT1JHUklEQUNUSVZBVElPTg==,435553544f4d4d45535341474554455354464f524752494441435449564154494f4e,"{""text"":""CUSTOMMESSAGETESTFORGRIDACTIVATION""}",943f1d0b,86.0,435553544f4d4d45535341474554455354464f524752494441435449564154494f4e,{'text': 'CUSTOMMESSAGETESTFORGRIDACTIVATION'},,CUSTOMMESSAGETESTFORGRIDACTIVATION,['R1411'],R1411,['R1411'],['2026-07-02_R1411_01'],['R1411'],True,2026-07-02,True,True,2026-07-02_R1411_01,2026-07-02,R1411,1,7,assigned_manual_window,True,0.0,False,7,83.816,65.60000000000001,2026-07-02 15:09:50+02:00,2026-07-02 15:09:50+02:00,2026-07-02 15:12:33+02:00,False,False,2026-07-02 15:15:20+02:00,60,68,8,0,2320,2387,0.8823529411764706,0.11764705882352941,0.11764705882352941,group_7
24E124445E318071,24E124FFFEFE11C4,868300000,SF7BW125, -106/-4.0,34,2372,UpCnf,2026-07-02 13:11:46+00:00,"Dev Addr/Multicast Addr: 06792e51
GwEUI: 24E124FFFEFE11C4
AppEUI: 24E124C0002A0001
Device EUI/Group Name: 24E124445E318071
Class Type: Class C
Immediately: -
Timestamp: 2988040974
Type: UpCnf
Adr: false
AdrAcKReq: false
Ack: false
Fcnt: 2372
Port: 86
Modulation: LORA
Bandwidth: 125
SpreadFactor: 7
Bitrate: 0
CodeRate: 4/5
SNR: -4.0
RSSI: -106
Power: -
Payload(b64): Q1VTVE9NTUVTU0FHRVRFU1RGT1JHUklEQUNUSVZBVElPTg==
Payload(hex): 435553544f4d4d45535341474554455354464f524752494441435449564154494f4e
JSON: {""text"":""CUSTOMMESSAGETESTFORGRIDACTIVATION""}
MIC: a11f85af",02-07-1411.csv,,02-07-1411,1411,,[1411],[1411],['R1411'],2026-07-02,2026-07-02 15:11:46+02:00,-106.0,-4.0,06792e51,24E124FFFEFE11C4,24E124C0002A0001,24E124445E318071,Class C,-,2988040974,UpCnf,false,false,false,2372,86,LORA,125,7,0,4/5,-4.0,-106,-,Q1VTVE9NTUVTU0FHRVRFU1RGT1JHUklEQUNUSVZBVElPTg==,435553544f4d4d45535341474554455354464f524752494441435449564154494f4e,"{""text"":""CUSTOMMESSAGETESTFORGRIDACTIVATION""}",a11f85af,86.0,435553544f4d4d45535341474554455354464f524752494441435449564154494f4e,{'text': 'CUSTOMMESSAGETESTFORGRIDACTIVATION'},,CUSTOMMESSAGETESTFORGRIDACTIVATION,['R1411'],R1411,['R1411'],['2026-07-02_R1411_01'],['R1411'],True,2026-07-02,True,True,2026-07-02_R1411_01,2026-07-02,R1411,1,7,assigned_manual_window,True,0.0,False,7,83.816,65.60000000000001,2026-07-02 15:09:50+02:00,2026-07-02 15:09:50+02:00,2026-07-02 15:12:33+02:00,False,False,2026-07-02 15:15:20+02:00,60,68,8,0,2320,2387,0.8823529411764706,0.11764705882352941,0.11764705882352941,group_7
24E124445E318071,24E124FFFEFE11C4,868300000,SF7BW125, -106/-6.5,34,2373,UpCnf,2026-07-02 13:11:49+00:00,"Dev Addr/Multicast Addr: 06792e51
GwEUI: 24E124FFFEFE11C4
AppEUI: 24E124C0002A0001
Device EUI/Group Name: 24E124445E318071
Class Type: Class C
Immediately: -
Timestamp: 2991000984
Type: UpCnf
Adr: false
AdrAcKReq: false
Ack: false
Fcnt: 2373
Port: 86
Modulation: LORA
Bandwidth: 125
SpreadFactor: 7
Bitrate: 0
CodeRate: 4/5
SNR: -6.5
RSSI: -106
Power: -
Payload(b64): Q1VTVE9NTUVTU0FHRVRFU1RGT1JHUklEQUNUSVZBVElPTg==
Payload(hex): 435553544f4d4d45535341474554455354464f524752494441435449564154494f4e
JSON: {""text"":""CUSTOMMESSAGETESTFORGRIDACTIVATION""}
MIC: 2adefb8e",02-07-1411.csv,,02-07-1411,1411,,[1411],[1411],['R1411'],2026-07-02,2026-07-02 15:11:49+02:00,-106.0,-6.5,06792e51,24E124FFFEFE11C4,24E124C0002A0001,24E124445E318071,Class C,-,2991000984,UpCnf,false,false,false,2373,86,LORA,125,7,0,4/5,-6.5,-106,-,Q1VTVE9NTUVTU0FHRVRFU1RGT1JHUklEQUNUSVZBVElPTg==,435553544f4d4d45535341474554455354464f524752494441435449564154494f4e,"{""text"":""CUSTOMMESSAGETESTFORGRIDACTIVATION""}",2adefb8e,86.0,435553544f4d4d45535341474554455354464f524752494441435449564154494f4e,{'text': 'CUSTOMMESSAGETESTFORGRIDACTIVATION'},,CUSTOMMESSAGETESTFORGRIDACTIVATION,['R1411'],R1411,['R1411'],['2026-07-02_R1411_01'],['R1411'],True,2026-07-02,True,True,2026-07-02_R1411_01,2026-07-02,R1411,1,7,assigned_manual_window,True,0.0,False,7,83.816,65.60000000000001,2026-07-02 15:09:50+02:00,2026-07-02 15:09:50+02:00,2026-07-02 15:12:33+02:00,False,False,2026-07-02 15:15:20+02:00,60,68,8,0,2320,2387,0.8823529411764706,0.11764705882352941,0.11764705882352941,group_7
24E124445E318071,24E124FFFEFE11C4,868100000,SF7BW125, -106/-5.0,34,2374,UpCnf,2026-07-02 13:11:52+00:00,"Dev Addr/Multicast Addr: 06792e51
GwEUI: 24E124FFFEFE11C4
AppEUI: 24E124C0002A0001
Device EUI/Group Name: 24E124445E318071
Class Type: Class C
Immediately: -
Timestamp: 2993748956
Type: UpCnf
Adr: false
AdrAcKReq: false
Ack: false
Fcnt: 2374
Port: 86
Modulation: LORA
Bandwidth: 125
SpreadFactor: 7
Bitrate: 0
CodeRate: 4/5
SNR: -5.0
RSSI: -106
Power: -
Payload(b64): Q1VTVE9NTUVTU0FHRVRFU1RGT1JHUklEQUNUSVZBVElPTg==
Payload(hex): 435553544f4d4d45535341474554455354464f524752494441435449564154494f4e
JSON: {""text"":""CUSTOMMESSAGETESTFORGRIDACTIVATION""}
MIC: 7609819f",02-07-1411.csv,,02-07-1411,1411,,[1411],[1411],['R1411'],2026-07-02,2026-07-02 15:11:52+02:00,-106.0,-5.0,06792e51,24E124FFFEFE11C4,24E124C0002A0001,24E124445E318071,Class C,-,2993748956,UpCnf,false,false,false,2374,86,LORA,125,7,0,4/5,-5.0,-106,-,Q1VTVE9NTUVTU0FHRVRFU1RGT1JHUklEQUNUSVZBVElPTg==,435553544f4d4d45535341474554455354464f524752494441435449564154494f4e,"{""text"":""CUSTOMMESSAGETESTFORGRIDACTIVATION""}",7609819f,86.0,435553544f4d4d45535341474554455354464f524752494441435449564154494f4e,{'text': 'CUSTOMMESSAGETESTFORGRIDACTIVATION'},,CUSTOMMESSAGETESTFORGRIDACTIVATION,['R1411'],R1411,['R1411'],['2026-07-02_R1411_01'],['R1411'],True,2026-07-02,True,True,2026-07-02_R1411_01,2026-07-02,R1411,1,7,assigned_manual_window,True,0.0,False,7,83.816,65.60000000000001,2026-07-02 15:09:50+02:00,2026-07-02 15:09:50+02:00,2026-07-02 15:12:33+02:00,False,False,2026-07-02 15:15:20+02:00,60,68,8,0,2320,2387,0.8823529411764706,0.11764705882352941,0.11764705882352941,group_7
24E124445E318071,24E124FFFEFE11C4,868100000,SF7BW125, -106/-3.5,34,2375,UpCnf,2026-07-02 13:11:55+00:00,"Dev Addr/Multicast Addr: 06792e51
GwEUI: 24E124FFFEFE11C4
AppEUI: 24E124C0002A0001
Device EUI/Group Name: 24E124445E318071
Class Type: Class C
Immediately: -
Timestamp: 2996724951
Type: UpCnf
Adr: false
AdrAcKReq: false
Ack: false
Fcnt: 2375
Port: 86
Modulation: LORA
Bandwidth: 125
SpreadFactor: 7
Bitrate: 0
CodeRate: 4/5
SNR: -3.5
RSSI: -106
Power: -
Payload(b64): Q1VTVE9NTUVTU0FHRVRFU1RGT1JHUklEQUNUSVZBVElPTg==
Payload(hex): 435553544f4d4d45535341474554455354464f524752494441435449564154494f4e
JSON: {""text"":""CUSTOMMESSAGETESTFORGRIDACTIVATION""}
MIC: 9fe63491",02-07-1411.csv,,02-07-1411,1411,,[1411],[1411],['R1411'],2026-07-02,2026-07-02 15:11:55+02:00,-106.0,-3.5,06792e51,24E124FFFEFE11C4,24E124C0002A0001,24E124445E318071,Class C,-,2996724951,UpCnf,false,false,false,2375,86,LORA,125,7,0,4/5,-3.5,-106,-,Q1VTVE9NTUVTU0FHRVRFU1RGT1JHUklEQUNUSVZBVElPTg==,435553544f4d4d45535341474554455354464f524752494441435449564154494f4e,"{""text"":""CUSTOMMESSAGETESTFORGRIDACTIVATION""}",9fe63491,86.0,435553544f4d4d45535341474554455354464f524752494441435449564154494f4e,{'text': 'CUSTOMMESSAGETESTFORGRIDACTIVATION'},,CUSTOMMESSAGETESTFORGRIDACTIVATION,['R1411'],R1411,['R1411'],['2026-07-02_R1411_01'],['R1411'],True,2026-07-02,True,True,2026-07-02_R1411_01,2026-07-02,R1411,1,7,assigned_manual_window,True,0.0,False,7,83.816,65.60000000000001,2026-07-02 15:09:50+02:00,2026-07-02 15:09:50+02:00,2026-07-02 15:12:33+02:00,False,False,2026-07-02 15:15:20+02:00,60,68,8,0,2320,2387,0.8823529411764706,0.11764705882352941,0.11764705882352941,group_7
24E124445E318071,24E124FFFEFE11C4,868100000,SF7BW125, -106/-3.2,34,2376,UpCnf,2026-07-02 13:11:56+00:00,"Dev Addr/Multicast Addr: 06792e51
GwEUI: 24E124FFFEFE11C4
AppEUI: 24E124C0002A0001
Device EUI/Group Name: 24E124445E318071
Class Type: Class C
Immediately: -
Timestamp: 2998203962
Type: UpCnf
Adr: false
AdrAcKReq: false
Ack: false
Fcnt: 2376
Port: 86
Modulation: LORA
Bandwidth: 125
SpreadFactor: 7
Bitrate: 0
CodeRate: 4/5
SNR: -3.2
RSSI: -106
Power: -
Payload(b64): Q1VTVE9NTUVTU0FHRVRFU1RGT1JHUklEQUNUSVZBVElPTg==
Payload(hex): 435553544f4d4d45535341474554455354464f524752494441435449564154494f4e
JSON: {""text"":""CUSTOMMESSAGETESTFORGRIDACTIVATION""}
MIC: 2573159c",02-07-1411.csv,,02-07-1411,1411,,[1411],[1411],['R1411'],2026-07-02,2026-07-02 15:11:56+02:00,-106.0,-3.2,06792e51,24E124FFFEFE11C4,24E124C0002A0001,24E124445E318071,Class C,-,2998203962,UpCnf,false,false,false,2376,86,LORA,125,7,0,4/5,-3.2,-106,-,Q1VTVE9NTUVTU0FHRVRFU1RGT1JHUklEQUNUSVZBVElPTg==,435553544f4d4d45535341474554455354464f524752494441435449564154494f4e,"{""text"":""CUSTOMMESSAGETESTFORGRIDACTIVATION""}",2573159c,86.0,435553544f4d4d45535341474554455354464f524752494441435449564154494f4e,{'text': 'CUSTOMMESSAGETESTFORGRIDACTIVATION'},,CUSTOMMESSAGETESTFORGRIDACTIVATION,['R1411'],R1411,['R1411'],['2026-07-02_R1411_01'],['R1411'],True,2026-07-02,True,True,2026-07-02_R1411_01,2026-07-02,R1411,1,7,assigned_manual_window,True,0.0,False,7,83.816,65.60000000000001,2026-07-02 15:09:50+02:00,2026-07-02 15:09:50+02:00,2026-07-02 15:12:33+02:00,False,False,2026-07-02 15:15:20+02:00,60,68,8,0,2320,2387,0.8823529411764706,0.11764705882352941,0.11764705882352941,group_7
24E124445E318071,24E124FFFEFE11C4,868500000,SF7BW125, -100/-8.0,34,2377,UpCnf,2026-07-02 13:11:59+00:00,"Dev Addr/Multicast Addr: 06792e51
GwEUI: 24E124FFFEFE11C4
AppEUI: 24E124C0002A0001
Device EUI/Group Name: 24E124445E318071
Class Type: Class C
Immediately: -
Timestamp: 3001387943
Type: UpCnf
Adr: false
AdrAcKReq: false
Ack: false
Fcnt: 2377
Port: 86
Modulation: LORA
Bandwidth: 125
SpreadFactor: 7
Bitrate: 0
CodeRate: 4/5
SNR: -8.0
RSSI: -100
Power: -
Payload(b64): Q1VTVE9NTUVTU0FHRVRFU1RGT1JHUklEQUNUSVZBVElPTg==
Payload(hex): 435553544f4d4d45535341474554455354464f524752494441435449564154494f4e
JSON: {""text"":""CUSTOMMESSAGETESTFORGRIDACTIVATION""}
MIC: b252c332",02-07-1411.csv,,02-07-1411,1411,,[1411],[1411],['R1411'],2026-07-02,2026-07-02 15:11:59+02:00,-100.0,-8.0,06792e51,24E124FFFEFE11C4,24E124C0002A0001,24E124445E318071,Class C,-,3001387943,UpCnf,false,false,false,2377,86,LORA,125,7,0,4/5,-8.0,-100,-,Q1VTVE9NTUVTU0FHRVRFU1RGT1JHUklEQUNUSVZBVElPTg==,435553544f4d4d45535341474554455354464f524752494441435449564154494f4e,"{""text"":""CUSTOMMESSAGETESTFORGRIDACTIVATION""}",b252c332,86.0,435553544f4d4d45535341474554455354464f524752494441435449564154494f4e,{'text': 'CUSTOMMESSAGETESTFORGRIDACTIVATION'},,CUSTOMMESSAGETESTFORGRIDACTIVATION,['R1411'],R1411,['R1411'],['2026-07-02_R1411_01'],['R1411'],True,2026-07-02,True,True,2026-07-02_R1411_01,2026-07-02,R1411,1,7,assigned_manual_window,True,0.0,False,7,83.816,65.60000000000001,2026-07-02 15:09:50+02:00,2026-07-02 15:09:50+02:00,2026-07-02 15:12:33+02:00,False,False,2026-07-02 15:15:20+02:00,60,68,8,0,2320,2387,0.8823529411764706,0.11764705882352941,0.11764705882352941,group_7
24E124445E318071,24E124FFFEFE11C4,868100000,SF7BW125, -106/-2.2,34,2378,UpCnf,2026-07-02 13:12:02+00:00,"Dev Addr/Multicast Addr: 06792e51
GwEUI: 24E124FFFEFE11C4
AppEUI: 24E124C0002A0001
Device EUI/Group Name: 24E124445E318071
Class Type: Class C
Immediately: -
Timestamp: 3003926966
Type: UpCnf
Adr: false
AdrAcKReq: false
Ack: false
Fcnt: 2378
Port: 86
Modulation: LORA
Bandwidth: 125
SpreadFactor: 7
Bitrate: 0
CodeRate: 4/5
SNR: -2.2
RSSI: -106
Power: -
Payload(b64): Q1VTVE9NTUVTU0FHRVRFU1RGT1JHUklEQUNUSVZBVElPTg==
Payload(hex): 435553544f4d4d45535341474554455354464f524752494441435449564154494f4e
JSON: {""text"":""CUSTOMMESSAGETESTFORGRIDACTIVATION""}
MIC: bcb47e79",02-07-1411.csv,,02-07-1411,1411,,[1411],[1411],['R1411'],2026-07-02,2026-07-02 15:12:02+02:00,-106.0,-2.2,06792e51,24E124FFFEFE11C4,24E124C0002A0001,24E124445E318071,Class C,-,3003926966,UpCnf,false,false,false,2378,86,LORA,125,7,0,4/5,-2.2,-106,-,Q1VTVE9NTUVTU0FHRVRFU1RGT1JHUklEQUNUSVZBVElPTg==,435553544f4d4d45535341474554455354464f524752494441435449564154494f4e,"{""text"":""CUSTOMMESSAGETESTFORGRIDACTIVATION""}",bcb47e79,86.0,435553544f4d4d45535341474554455354464f524752494441435449564154494f4e,{'text': 'CUSTOMMESSAGETESTFORGRIDACTIVATION'},,CUSTOMMESSAGETESTFORGRIDACTIVATION,['R1411'],R1411,['R1411'],['2026-07-02_R1411_01'],['R1411'],True,2026-07-02,True,True,2026-07-02_R1411_01,2026-07-02,R1411,1,7,assigned_manual_window,True,0.0,False,7,83.816,65.60000000000001,2026-07-02 15:09:50+02:00,2026-07-02 15:09:50+02:00,2026-07-02 15:12:33+02:00,False,False,2026-07-02 15:15:20+02:00,60,68,8,0,2320,2387,0.8823529411764706,0.11764705882352941,0.11764705882352941,group_7
24E124445E318071,24E124FFFEFE11C4,868500000,SF7BW125, -101/-7.5,34,2379,UpCnf,2026-07-02 13:12:03+00:00,"Dev Addr/Multicast Addr: 06792e51
GwEUI: 24E124FFFEFE11C4
AppEUI: 24E124C0002A0001
Device EUI/Group Name: 24E124445E318071
Class Type: Class C
Immediately: -
Timestamp: 3005261823
Type: UpCnf
Adr: false
AdrAcKReq: false
Ack: false
Fcnt: 2379
Port: 86
Modulation: LORA
Bandwidth: 125
SpreadFactor: 7
Bitrate: 0
CodeRate: 4/5
SNR: -7.5
RSSI: -101
Power: -
Payload(b64): Q1VTVE9NTUVTU0FHRVRFU1RGT1JHUklEQUNUSVZBVElPTg==
Payload(hex): 435553544f4d4d45535341474554455354464f524752494441435449564154494f4e
JSON: {""text"":""CUSTOMMESSAGETESTFORGRIDACTIVATION""}
MIC: c144fee5",02-07-1411.csv,,02-07-1411,1411,,[1411],[1411],['R1411'],2026-07-02,2026-07-02 15:12:03+02:00,-101.0,-7.5,06792e51,24E124FFFEFE11C4,24E124C0002A0001,24E124445E318071,Class C,-,3005261823,UpCnf,false,false,false,2379,86,LORA,125,7,0,4/5,-7.5,-101,-,Q1VTVE9NTUVTU0FHRVRFU1RGT1JHUklEQUNUSVZBVElPTg==,435553544f4d4d45535341474554455354464f524752494441435449564154494f4e,"{""text"":""CUSTOMMESSAGETESTFORGRIDACTIVATION""}",c144fee5,86.0,435553544f4d4d45535341474554455354464f524752494441435449564154494f4e,{'text': 'CUSTOMMESSAGETESTFORGRIDACTIVATION'},,CUSTOMMESSAGETESTFORGRIDACTIVATION,['R1411'],R1411,['R1411'],['2026-07-02_R1411_01'],['R1411'],True,2026-07-02,True,True,2026-07-02_R1411_01,2026-07-02,R1411,1,7,assigned_manual_window,True,0.0,False,7,83.816,65.60000000000001,2026-07-02 15:09:50+02:00,2026-07-02 15:09:50+02:00,2026-07-02 15:12:33+02:00,False,False,2026-07-02 15:15:20+02:00,60,68,8,0,2320,2387,0.8823529411764706,0.11764705882352941,0.11764705882352941,group_7
24E124445E318071,24E124FFFEFE11C4,868300000,SF7BW125, -105/-3.0,34,2380,UpCnf,2026-07-02 13:12:06+00:00,"Dev Addr/Multicast Addr: 06792e51
GwEUI: 24E124FFFEFE11C4
AppEUI: 24E124C0002A0001
Device EUI/Group Name: 24E124445E318071
Class Type: Class C
Immediately: -
Timestamp: 3008369953
Type: UpCnf
Adr: false
AdrAcKReq: false
Ack: false
Fcnt: 2380
Port: 86
Modulation: LORA
Bandwidth: 125
SpreadFactor: 7
Bitrate: 0
CodeRate: 4/5
SNR: -3.0
RSSI: -105
Power: -
Payload(b64): Q1VTVE9NTUVTU0FHRVRFU1RGT1JHUklEQUNUSVZBVElPTg==
Payload(hex): 435553544f4d4d45535341474554455354464f524752494441435449564154494f4e
JSON: {""text"":""CUSTOMMESSAGETESTFORGRIDACTIVATION""}
MIC: db0175f4",02-07-1411.csv,,02-07-1411,1411,,[1411],[1411],['R1411'],2026-07-02,2026-07-02 15:12:06+02:00,-105.0,-3.0,06792e51,24E124FFFEFE11C4,24E124C0002A0001,24E124445E318071,Class C,-,3008369953,UpCnf,false,false,false,2380,86,LORA,125,7,0,4/5,-3.0,-105,-,Q1VTVE9NTUVTU0FHRVRFU1RGT1JHUklEQUNUSVZBVElPTg==,435553544f4d4d45535341474554455354464f524752494441435449564154494f4e,"{""text"":""CUSTOMMESSAGETESTFORGRIDACTIVATION""}",db0175f4,86.0,435553544f4d4d45535341474554455354464f524752494441435449564154494f4e,{'text': 'CUSTOMMESSAGETESTFORGRIDACTIVATION'},,CUSTOMMESSAGETESTFORGRIDACTIVATION,['R1411'],R1411,['R1411'],['2026-07-02_R1411_01'],['R1411'],True,2026-07-02,True,True,2026-07-02_R1411_01,2026-07-02,R1411,1,7,assigned_manual_window,True,0.0,False,7,83.816,65.60000000000001,2026-07-02 15:09:50+02:00,2026-07-02 15:09:50+02:00,2026-07-02 15:12:33+02:00,False,False,2026-07-02 15:15:20+02:00,60,68,8,0,2320,2387,0.8823529411764706,0.11764705882352941,0.11764705882352941,group_7
24E124445E318071,24E124FFFEFE11C4,868100000,SF7BW125, -106/-2.8,34,2381,UpCnf,2026-07-02 13:12:09+00:00,"Dev Addr/Multicast Addr: 06792e51
GwEUI: 24E124FFFEFE11C4
AppEUI: 24E124C0002A0001
Device EUI/Group Name: 24E124445E318071
Class Type: Class C
Immediately: -
Timestamp: 3010721924
Type: UpCnf
Adr: false
AdrAcKReq: false
Ack: false
Fcnt: 2381
Port: 86
Modulation: LORA
Bandwidth: 125
SpreadFactor: 7
Bitrate: 0
CodeRate: 4/5
SNR: -2.8
RSSI: -106
Power: -
Payload(b64): Q1VTVE9NTUVTU0FHRVRFU1RGT1JHUklEQUNUSVZBVElPTg==
Payload(hex): 435553544f4d4d45535341474554455354464f524752494441435449564154494f4e
JSON: {""text"":""CUSTOMMESSAGETESTFORGRIDACTIVATION""}
MIC: 16a8d30d",02-07-1411.csv,,02-07-1411,1411,,[1411],[1411],['R1411'],2026-07-02,2026-07-02 15:12:09+02:00,-106.0,-2.8,06792e51,24E124FFFEFE11C4,24E124C0002A0001,24E124445E318071,Class C,-,3010721924,UpCnf,false,false,false,2381,86,LORA,125,7,0,4/5,-2.8,-106,-,Q1VTVE9NTUVTU0FHRVRFU1RGT1JHUklEQUNUSVZBVElPTg==,435553544f4d4d45535341474554455354464f524752494441435449564154494f4e,"{""text"":""CUSTOMMESSAGETESTFORGRIDACTIVATION""}",16a8d30d,86.0,435553544f4d4d45535341474554455354464f524752494441435449564154494f4e,{'text': 'CUSTOMMESSAGETESTFORGRIDACTIVATION'},,CUSTOMMESSAGETESTFORGRIDACTIVATION,['R1411'],R1411,['R1411'],['2026-07-02_R1411_01'],['R1411'],True,2026-07-02,True,True,2026-07-02_R1411_01,2026-07-02,R1411,1,7,assigned_manual_window,True,0.0,False,7,83.816,65.60000000000001,2026-07-02 15:09:50+02:00,2026-07-02 15:09:50+02:00,2026-07-02 15:12:33+02:00,False,False,2026-07-02 15:15:20+02:00,60,68,8,0,2320,2387,0.8823529411764706,0.11764705882352941,0.11764705882352941,group_7
24E124445E318071,24E124FFFEFE11C4,868300000,SF7BW125, -105/-2.8,34,2382,UpCnf,2026-07-02 13:12:10+00:00,"Dev Addr/Multicast Addr: 06792e51
GwEUI: 24E124FFFEFE11C4
AppEUI: 24E124C0002A0001
Device EUI/Group Name: 24E124445E318071
Class Type: Class C
Immediately: -
Timestamp: 3012553899
Type: UpCnf
Adr: false
AdrAcKReq: false
Ack: false
Fcnt: 2382
Port: 86
Modulation: LORA
Bandwidth: 125
SpreadFactor: 7
Bitrate: 0
CodeRate: 4/5
SNR: -2.8
RSSI: -105
Power: -
Payload(b64): Q1VTVE9NTUVTU0FHRVRFU1RGT1JHUklEQUNUSVZBVElPTg==
Payload(hex): 435553544f4d4d45535341474554455354464f524752494441435449564154494f4e
JSON: {""text"":""CUSTOMMESSAGETESTFORGRIDACTIVATION""}
MIC: 40682304",02-07-1411.csv,,02-07-1411,1411,,[1411],[1411],['R1411'],2026-07-02,2026-07-02 15:12:10+02:00,-105.0,-2.8,06792e51,24E124FFFEFE11C4,24E124C0002A0001,24E124445E318071,Class C,-,3012553899,UpCnf,false,false,false,2382,86,LORA,125,7,0,4/5,-2.8,-105,-,Q1VTVE9NTUVTU0FHRVRFU1RGT1JHUklEQUNUSVZBVElPTg==,435553544f4d4d45535341474554455354464f524752494441435449564154494f4e,"{""text"":""CUSTOMMESSAGETESTFORGRIDACTIVATION""}",40682304,86.0,435553544f4d4d45535341474554455354464f524752494441435449564154494f4e,{'text': 'CUSTOMMESSAGETESTFORGRIDACTIVATION'},,CUSTOMMESSAGETESTFORGRIDACTIVATION,['R1411'],R1411,['R1411'],['2026-07-02_R1411_01'],['R1411'],True,2026-07-02,True,True,2026-07-02_R1411_01,2026-07-02,R1411,1,7,assigned_manual_window,True,0.0,False,7,83.816,65.60000000000001,2026-07-02 15:09:50+02:00,2026-07-02 15:09:50+02:00,2026-07-02 15:12:33+02:00,False,False,2026-07-02 15:15:20+02:00,60,68,8,0,2320,2387,0.8823529411764706,0.11764705882352941,0.11764705882352941,group_7
24E124445E318071,24E124FFFEFE11C4,868300000,SF7BW125, -105/-2.8,34,2383,UpCnf,2026-07-02 13:12:12+00:00,"Dev Addr/Multicast Addr: 06792e51
GwEUI: 24E124FFFEFE11C4
AppEUI: 24E124C0002A0001
Device EUI/Group Name: 24E124445E318071
Class Type: Class C
Immediately: -
Timestamp: 3014061931
Type: UpCnf
Adr: false
AdrAcKReq: false
Ack: false
Fcnt: 2383
Port: 86
Modulation: LORA
Bandwidth: 125
SpreadFactor: 7
Bitrate: 0
CodeRate: 4/5
SNR: -2.8
RSSI: -105
Power: -
Payload(b64): Q1VTVE9NTUVTU0FHRVRFU1RGT1JHUklEQUNUSVZBVElPTg==
Payload(hex): 435553544f4d4d45535341474554455354464f524752494441435449564154494f4e
JSON: {""text"":""CUSTOMMESSAGETESTFORGRIDACTIVATION""}
MIC: 84d9dae6",02-07-1411.csv,,02-07-1411,1411,,[1411],[1411],['R1411'],2026-07-02,2026-07-02 15:12:12+02:00,-105.0,-2.8,06792e51,24E124FFFEFE11C4,24E124C0002A0001,24E124445E318071,Class C,-,3014061931,UpCnf,false,false,false,2383,86,LORA,125,7,0,4/5,-2.8,-105,-,Q1VTVE9NTUVTU0FHRVRFU1RGT1JHUklEQUNUSVZBVElPTg==,435553544f4d4d45535341474554455354464f524752494441435449564154494f4e,"{""text"":""CUSTOMMESSAGETESTFORGRIDACTIVATION""}",84d9dae6,86.0,435553544f4d4d45535341474554455354464f524752494441435449564154494f4e,{'text': 'CUSTOMMESSAGETESTFORGRIDACTIVATION'},,CUSTOMMESSAGETESTFORGRIDACTIVATION,['R1411'],R1411,['R1411'],['2026-07-02_R1411_01'],['R1411'],True,2026-07-02,True,True,2026-07-02_R1411_01,2026-07-02,R1411,1,7,assigned_manual_window,True,0.0,False,7,83.816,65.60000000000001,2026-07-02 15:09:50+02:00,2026-07-02 15:09:50+02:00,2026-07-02 15:12:33+02:00,False,False,2026-07-02 15:15:20+02:00,60,68,8,0,2320,2387,0.8823529411764706,0.11764705882352941,0.11764705882352941,group_7
24E124445E318071,24E124FFFEFE11C4,868100000,SF7BW125, -105/-3.2,34,2384,UpCnf,2026-07-02 13:12:14+00:00,"Dev Addr/Multicast Addr: 06792e51
GwEUI: 24E124FFFEFE11C4
AppEUI: 24E124C0002A0001
Device EUI/Group Name: 24E124445E318071
Class Type: Class C
Immediately: -
Timestamp: 3016234985
Type: UpCnf
Adr: false
AdrAcKReq: false
Ack: false
Fcnt: 2384
Port: 86
Modulation: LORA
Bandwidth: 125
SpreadFactor: 7
Bitrate: 0
CodeRate: 4/5
SNR: -3.2
RSSI: -105
Power: -
Payload(b64): Q1VTVE9NTUVTU0FHRVRFU1RGT1JHUklEQUNUSVZBVElPTg==
Payload(hex): 435553544f4d4d45535341474554455354464f524752494441435449564154494f4e
JSON: {""text"":""CUSTOMMESSAGETESTFORGRIDACTIVATION""}
MIC: 1ff2e8e6",02-07-1411.csv,,02-07-1411,1411,,[1411],[1411],['R1411'],2026-07-02,2026-07-02 15:12:14+02:00,-105.0,-3.2,06792e51,24E124FFFEFE11C4,24E124C0002A0001,24E124445E318071,Class C,-,3016234985,UpCnf,false,false,false,2384,86,LORA,125,7,0,4/5,-3.2,-105,-,Q1VTVE9NTUVTU0FHRVRFU1RGT1JHUklEQUNUSVZBVElPTg==,435553544f4d4d45535341474554455354464f524752494441435449564154494f4e,"{""text"":""CUSTOMMESSAGETESTFORGRIDACTIVATION""}",1ff2e8e6,86.0,435553544f4d4d45535341474554455354464f524752494441435449564154494f4e,{'text': 'CUSTOMMESSAGETESTFORGRIDACTIVATION'},,CUSTOMMESSAGETESTFORGRIDACTIVATION,['R1411'],R1411,['R1411'],['2026-07-02_R1411_01'],['R1411'],True,2026-07-02,True,True,2026-07-02_R1411_01,2026-07-02,R1411,1,7,assigned_manual_window,True,0.0,False,7,83.816,65.60000000000001,2026-07-02 15:09:50+02:00,2026-07-02 15:09:50+02:00,2026-07-02 15:12:33+02:00,False,False,2026-07-02 15:15:20+02:00,60,68,8,0,2320,2387,0.8823529411764706,0.11764705882352941,0.11764705882352941,group_7
24E124445E318071,24E124FFFEFE11C4,868500000,SF7BW125, -101/-8.2,34,2385,UpCnf,2026-07-02 13:12:16+00:00,"Dev Addr/Multicast Addr: 06792e51
GwEUI: 24E124FFFEFE11C4
AppEUI: 24E124C0002A0001
Device EUI/Group Name: 24E124445E318071
Class Type: Class C
Immediately: -
Timestamp: 3018229844
Type: UpCnf
Adr: false
AdrAcKReq: false
Ack: false
Fcnt: 2385
Port: 86
Modulation: LORA
Bandwidth: 125
SpreadFactor: 7
Bitrate: 0
CodeRate: 4/5
SNR: -8.2
RSSI: -101
Power: -
Payload(b64): Q1VTVE9NTUVTU0FHRVRFU1RGT1JHUklEQUNUSVZBVElPTg==
Payload(hex): 435553544f4d4d45535341474554455354464f524752494441435449564154494f4e
JSON: {""text"":""CUSTOMMESSAGETESTFORGRIDACTIVATION""}
MIC: c6aaf9b2",02-07-1411.csv,,02-07-1411,1411,,[1411],[1411],['R1411'],2026-07-02,2026-07-02 15:12:16+02:00,-101.0,-8.2,06792e51,24E124FFFEFE11C4,24E124C0002A0001,24E124445E318071,Class C,-,3018229844,UpCnf,false,false,false,2385,86,LORA,125,7,0,4/5,-8.2,-101,-,Q1VTVE9NTUVTU0FHRVRFU1RGT1JHUklEQUNUSVZBVElPTg==,435553544f4d4d45535341474554455354464f524752494441435449564154494f4e,"{""text"":""CUSTOMMESSAGETESTFORGRIDACTIVATION""}",c6aaf9b2,86.0,435553544f4d4d45535341474554455354464f524752494441435449564154494f4e,{'text': 'CUSTOMMESSAGETESTFORGRIDACTIVATION'},,CUSTOMMESSAGETESTFORGRIDACTIVATION,['R1411'],R1411,['R1411'],['2026-07-02_R1411_01'],['R1411'],True,2026-07-02,True,True,2026-07-02_R1411_01,2026-07-02,R1411,1,7,assigned_manual_window,True,0.0,False,7,83.816,65.60000000000001,2026-07-02 15:09:50+02:00,2026-07-02 15:09:50+02:00,2026-07-02 15:12:33+02:00,False,False,2026-07-02 15:15:20+02:00,60,68,8,0,2320,2387,0.8823529411764706,0.11764705882352941,0.11764705882352941,group_7
24E124445E318071,24E124FFFEFE11C4,868500000,SF7BW125, -100/-8.0,34,2386,UpCnf,2026-07-02 13:12:17+00:00,"Dev Addr/Multicast Addr: 06792e51
GwEUI: 24E124FFFEFE11C4
AppEUI: 24E124C0002A0001
Device EUI/Group Name: 24E124445E318071
Class Type: Class C
Immediately: -
Timestamp: 3019587813
Type: UpCnf
Adr: false
AdrAcKReq: false
Ack: false
Fcnt: 2386
Port: 86
Modulation: LORA
Bandwidth: 125
SpreadFactor: 7
Bitrate: 0
CodeRate: 4/5
SNR: -8.0
RSSI: -100
Power: -
Payload(b64): Q1VTVE9NTUVTU0FHRVRFU1RGT1JHUklEQUNUSVZBVElPTg==
Payload(hex): 435553544f4d4d45535341474554455354464f524752494441435449564154494f4e
JSON: {""text"":""CUSTOMMESSAGETESTFORGRIDACTIVATION""}
MIC: 46b755ee",02-07-1411.csv,,02-07-1411,1411,,[1411],[1411],['R1411'],2026-07-02,2026-07-02 15:12:17+02:00,-100.0,-8.0,06792e51,24E124FFFEFE11C4,24E124C0002A0001,24E124445E318071,Class C,-,3019587813,UpCnf,false,false,false,2386,86,LORA,125,7,0,4/5,-8.0,-100,-,Q1VTVE9NTUVTU0FHRVRFU1RGT1JHUklEQUNUSVZBVElPTg==,435553544f4d4d45535341474554455354464f524752494441435449564154494f4e,"{""text"":""CUSTOMMESSAGETESTFORGRIDACTIVATION""}",46b755ee,86.0,435553544f4d4d45535341474554455354464f524752494441435449564154494f4e,{'text': 'CUSTOMMESSAGETESTFORGRIDACTIVATION'},,CUSTOMMESSAGETESTFORGRIDACTIVATION,['R1411'],R1411,['R1411'],['2026-07-02_R1411_01'],['R1411'],True,2026-07-02,True,True,2026-07-02_R1411_01,2026-07-02,R1411,1,7,assigned_manual_window,True,0.0,False,7,83.816,65.60000000000001,2026-07-02 15:09:50+02:00,2026-07-02 15:09:50+02:00,2026-07-02 15:12:33+02:00,False,False,2026-07-02 15:15:20+02:00,60,68,8,0,2320,2387,0.8823529411764706,0.11764705882352941,0.11764705882352941,group_7
24E124445E318071,24E124FFFEFE11C4,868100000,SF7BW125, -104/-0.5,34,2387,UpCnf,2026-07-02 13:12:20+00:00,"Dev Addr/Multicast Addr: 06792e51
GwEUI: 24E124FFFEFE11C4
AppEUI: 24E124C0002A0001
Device EUI/Group Name: 24E124445E318071
Class Type: Class C
Immediately: -
Timestamp: 3021979934
Type: UpCnf
Adr: false
AdrAcKReq: false
Ack: false
Fcnt: 2387
Port: 86
Modulation: LORA
Bandwidth: 125
SpreadFactor: 7
Bitrate: 0
CodeRate: 4/5
SNR: -0.5
RSSI: -104
Power: -
Payload(b64): Q1VTVE9NTUVTU0FHRVRFU1RGT1JHUklEQUNUSVZBVElPTg==
Payload(hex): 435553544f4d4d45535341474554455354464f524752494441435449564154494f4e
JSON: {""text"":""CUSTOMMESSAGETESTFORGRIDACTIVATION""}
MIC: 1752d95a",02-07-1411.csv,,02-07-1411,1411,,[1411],[1411],['R1411'],2026-07-02,2026-07-02 15:12:20+02:00,-104.0,-0.5,06792e51,24E124FFFEFE11C4,24E124C0002A0001,24E124445E318071,Class C,-,3021979934,UpCnf,false,false,false,2387,86,LORA,125,7,0,4/5,-0.5,-104,-,Q1VTVE9NTUVTU0FHRVRFU1RGT1JHUklEQUNUSVZBVElPTg==,435553544f4d4d45535341474554455354464f524752494441435449564154494f4e,"{""text"":""CUSTOMMESSAGETESTFORGRIDACTIVATION""}",1752d95a,86.0,435553544f4d4d45535341474554455354464f524752494441435449564154494f4e,{'text': 'CUSTOMMESSAGETESTFORGRIDACTIVATION'},,CUSTOMMESSAGETESTFORGRIDACTIVATION,['R1411'],R1411,['R1411'],['2026-07-02_R1411_01'],['R1411'],True,2026-07-02,True,True,2026-07-02_R1411_01,2026-07-02,R1411,1,7,assigned_manual_window,True,0.0,False,7,83.816,65.60000000000001,2026-07-02 15:09:50+02:00,2026-07-02 15:09:50+02:00,2026-07-02 15:12:33+02:00,False,False,2026-07-02 15:15:20+02:00,60,68,8,0,2320,2387,0.8823529411764706,0.11764705882352941,0.11764705882352941,group_7
24E124445E318071,24E124FFFEFE11C4,868500000,SF7BW125, -100/-7.0,34,1029,UpCnf,2026-07-02 10:15:33+00:00,"Dev Addr/Multicast Addr: 06792e51
GwEUI: 24E124FFFEFE11C4
AppEUI: 24E124C0002A0001
Device EUI/Group Name: 24E124445E318071
Class Type: Class C
Immediately: -
Timestamp: 1004636284
Type: UpCnf
Adr: false
AdrAcKReq: false
Ack: false
Fcnt: 1029
Port: 86
Modulation: LORA
Bandwidth: 125
SpreadFactor: 7
Bitrate: 0
CodeRate: 4/5
SNR: -7.0
RSSI: -100
Power: -
Payload(b64): Q1VTVE9NTUVTU0FHRVRFU1RGT1JHUklEQUNUSVZBVElPTg==
Payload(hex): 435553544f4d4d45535341474554455354464f524752494441435449564154494f4e
JSON: {""text"":""CUSTOMMESSAGETESTFORGRIDACTIVATION""}
MIC: 8d8c4595","02-07-r1140,1150,1170.csv",,"02-07-r1140,1150,1170",1140,,"[1140, 1150, 1170]","[1140, 1150, 1170]","['R1140', 'R1150', 'R1170']",2026-07-02,2026-07-02 12:15:33+02:00,-100.0,-7.0,06792e51,24E124FFFEFE11C4,24E124C0002A0001,24E124445E318071,Class C,-,1004636284,UpCnf,false,false,false,1029,86,LORA,125,7,0,4/5,-7.0,-100,-,Q1VTVE9NTUVTU0FHRVRFU1RGT1JHUklEQUNUSVZBVElPTg==,435553544f4d4d45535341474554455354464f524752494441435449564154494f4e,"{""text"":""CUSTOMMESSAGETESTFORGRIDACTIVATION""}",8d8c4595,86.0,435553544f4d4d45535341474554455354464f524752494441435449564154494f4e,{'text': 'CUSTOMMESSAGETESTFORGRIDACTIVATION'},,CUSTOMMESSAGETESTFORGRIDACTIVATION,"['R1140', 'R1150', 'R1170']",R1140,"['R1140', 'R1150', 'R1170']","['2026-07-02_R1140_01', '2026-07-02_R1150_01', '2026-07-02_R1170_01']","['R1140', 'R1150', 'R1170']",True,2026-07-02,True,True,2026-07-02_R1150_01,2026-07-02,R1150,1,7,assigned_manual_window,True,0.0,False,7,-83.816,39.6,2026-07-02 12:15:25+02:00,2026-07-02 12:15:25+02:00,2026-07-02 12:17:22+02:00,False,False,2026-07-02 12:20:50+02:00,32,49,17,0,1029,1077,0.6530612244897959,0.3469387755102041,0.3469387755102041,group_7
24E124445E318071,24E124FFFEFE11C4,868300000,SF7BW125, -105/0.0,34,1032,UpCnf,2026-07-02 10:15:48+00:00,"Dev Addr/Multicast Addr: 06792e51
GwEUI: 24E124FFFEFE11C4
AppEUI: 24E124C0002A0001
Device EUI/Group Name: 24E124445E318071
Class Type: Class C
Immediately: -
Timestamp: 1020443284
Type: UpCnf
Adr: false
AdrAcKReq: false
Ack: false
Fcnt: 1032
Port: 86
Modulation: LORA
Bandwidth: 125
SpreadFactor: 7
Bitrate: 0
CodeRate: 4/5
SNR: 0.0
RSSI: -105
Power: -
Payload(b64): Q1VTVE9NTUVTU0FHRVRFU1RGT1JHUklEQUNUSVZBVElPTg==
Payload(hex): 435553544f4d4d45535341474554455354464f524752494441435449564154494f4e
JSON: {""text"":""CUSTOMMESSAGETESTFORGRIDACTIVATION""}
MIC: c2959198","02-07-r1140,1150,1170.csv",,"02-07-r1140,1150,1170",1140,,"[1140, 1150, 1170]","[1140, 1150, 1170]","['R1140', 'R1150', 'R1170']",2026-07-02,2026-07-02 12:15:48+02:00,-105.0,0.0,06792e51,24E124FFFEFE11C4,24E124C0002A0001,24E124445E318071,Class C,-,1020443284,UpCnf,false,false,false,1032,86,LORA,125,7,0,4/5,0.0,-105,-,Q1VTVE9NTUVTU0FHRVRFU1RGT1JHUklEQUNUSVZBVElPTg==,435553544f4d4d45535341474554455354464f524752494441435449564154494f4e,"{""text"":""CUSTOMMESSAGETESTFORGRIDACTIVATION""}",c2959198,86.0,435553544f4d4d45535341474554455354464f524752494441435449564154494f4e,{'text': 'CUSTOMMESSAGETESTFORGRIDACTIVATION'},,CUSTOMMESSAGETESTFORGRIDACTIVATION,"['R1140', 'R1150', 'R1170']",R1140,"['R1140', 'R1150', 'R1170']","['2026-07-02_R1140_01', '2026-07-02_R1150_01', '2026-07-02_R1170_01']","['R1140', 'R1150', 'R1170']",True,2026-07-02,True,True,2026-07-02_R1150_01,2026-07-02,R1150,1,7,assigned_manual_window,True,0.0,False,7,-83.816,39.6,2026-07-02 12:15:25+02:00,2026-07-02 12:15:25+02:00,2026-07-02 12:17:22+02:00,False,False,2026-07-02 12:20:50+02:00,32,49,17,0,1029,1077,0.6530612244897959,0.3469387755102041,0.3469387755102041,group_7
24E124445E318071,24E124FFFEFE11C4,868500000,SF7BW125, -100/-4.8,34,1033,UpCnf,2026-07-02 10:15:50+00:00,"Dev Addr/Multicast Addr: 06792e51
GwEUI: 24E124FFFEFE11C4
AppEUI: 24E124C0002A0001
Device EUI/Group Name: 24E124445E318071
Class Type: Class C
Immediately: -
Timestamp: 1022004308
Type: UpCnf
Adr: false
AdrAcKReq: false
Ack: false
Fcnt: 1033
Port: 86
Modulation: LORA
Bandwidth: 125
SpreadFactor: 7
Bitrate: 0
CodeRate: 4/5
SNR: -4.8
RSSI: -100
Power: -
Payload(b64): Q1VTVE9NTUVTU0FHRVRFU1RGT1JHUklEQUNUSVZBVElPTg==
Payload(hex): 435553544f4d4d45535341474554455354464f524752494441435449564154494f4e
JSON: {""text"":""CUSTOMMESSAGETESTFORGRIDACTIVATION""}
MIC: 3ae8f085","02-07-r1140,1150,1170.csv",,"02-07-r1140,1150,1170",1140,,"[1140, 1150, 1170]","[1140, 1150, 1170]","['R1140', 'R1150', 'R1170']",2026-07-02,2026-07-02 12:15:50+02:00,-100.0,-4.8,06792e51,24E124FFFEFE11C4,24E124C0002A0001,24E124445E318071,Class C,-,1022004308,UpCnf,false,false,false,1033,86,LORA,125,7,0,4/5,-4.8,-100,-,Q1VTVE9NTUVTU0FHRVRFU1RGT1JHUklEQUNUSVZBVElPTg==,435553544f4d4d45535341474554455354464f524752494441435449564154494f4e,"{""text"":""CUSTOMMESSAGETESTFORGRIDACTIVATION""}",3ae8f085,86.0,435553544f4d4d45535341474554455354464f524752494441435449564154494f4e,{'text': 'CUSTOMMESSAGETESTFORGRIDACTIVATION'},,CUSTOMMESSAGETESTFORGRIDACTIVATION,"['R1140', 'R1150', 'R1170']",R1140,"['R1140', 'R1150', 'R1170']","['2026-07-02_R1140_01', '2026-07-02_R1150_01', '2026-07-02_R1170_01']","['R1140', 'R1150', 'R1170']",True,2026-07-02,True,True,2026-07-02_R1150_01,2026-07-02,R1150,1,7,assigned_manual_window,True,0.0,False,7,-83.816,39.6,2026-07-02 12:15:25+02:00,2026-07-02 12:15:25+02:00,2026-07-02 12:17:22+02:00,False,False,2026-07-02 12:20:50+02:00,32,49,17,0,1029,1077,0.6530612244897959,0.3469387755102041,0.3469387755102041,group_7
24E124445E318071,24E124FFFEFE11C4,868500000,SF7BW125, -100/-4.5,34,1036,UpCnf,2026-07-02 10:15:56+00:00,"Dev Addr/Multicast Addr: 06792e51
GwEUI: 24E124FFFEFE11C4
AppEUI: 24E124C0002A0001
Device EUI/Group Name: 24E124445E318071
Class Type: Class C
Immediately: -
Timestamp: 1028103235
Type: UpCnf
Adr: false
AdrAcKReq: false
Ack: false
Fcnt: 1036
Port: 86
Modulation: LORA
Bandwidth: 125
SpreadFactor: 7
Bitrate: 0
CodeRate: 4/5
SNR: -4.5
RSSI: -100
Power: -
Payload(b64): Q1VTVE9NTUVTU0FHRVRFU1RGT1JHUklEQUNUSVZBVElPTg==
Payload(hex): 435553544f4d4d45535341474554455354464f524752494441435449564154494f4e
JSON: {""text"":""CUSTOMMESSAGETESTFORGRIDACTIVATION""}
MIC: 2b1924ae","02-07-r1140,1150,1170.csv",,"02-07-r1140,1150,1170",1140,,"[1140, 1150, 1170]","[1140, 1150, 1170]","['R1140', 'R1150', 'R1170']",2026-07-02,2026-07-02 12:15:56+02:00,-100.0,-4.5,06792e51,24E124FFFEFE11C4,24E124C0002A0001,24E124445E318071,Class C,-,1028103235,UpCnf,false,false,false,1036,86,LORA,125,7,0,4/5,-4.5,-100,-,Q1VTVE9NTUVTU0FHRVRFU1RGT1JHUklEQUNUSVZBVElPTg==,435553544f4d4d45535341474554455354464f524752494441435449564154494f4e,"{""text"":""CUSTOMMESSAGETESTFORGRIDACTIVATION""}",2b1924ae,86.0,435553544f4d4d45535341474554455354464f524752494441435449564154494f4e,{'text': 'CUSTOMMESSAGETESTFORGRIDACTIVATION'},,CUSTOMMESSAGETESTFORGRIDACTIVATION,"['R1140', 'R1150', 'R1170']",R1140,"['R1140', 'R1150', 'R1170']","['2026-07-02_R1140_01', '2026-07-02_R1150_01', '2026-07-02_R1170_01']","['R1140', 'R1150', 'R1170']",True,2026-07-02,True,True,2026-07-02_R1150_01,2026-07-02,R1150,1,7,assigned_manual_window,True,0.0,False,7,-83.816,39.6,2026-07-02 12:15:25+02:00,2026-07-02 12:15:25+02:00,2026-07-02 12:17:22+02:00,False,False,2026-07-02 12:20:50+02:00,32,49,17,0,1029,1077,0.6530612244897959,0.3469387755102041,0.3469387755102041,group_7
24E124445E318071,24E124FFFEFE11C4,868100000,SF7BW125, -104/1.5,34,1037,UpCnf,2026-07-02 10:15:57+00:00,"Dev Addr/Multicast Addr: 06792e51
GwEUI: 24E124FFFEFE11C4
AppEUI: 24E124C0002A0001
Device EUI/Group Name: 24E124445E318071
Class Type: Class C
Immediately: -
Timestamp: 1029448232
Type: UpCnf
Adr: false
AdrAcKReq: false
Ack: false
Fcnt: 1037
Port: 86
Modulation: LORA
Bandwidth: 125
SpreadFactor: 7
Bitrate: 0
CodeRate: 4/5
SNR: 1.5
RSSI: -104
Power: -
Payload(b64): Q1VTVE9NTUVTU0FHRVRFU1RGT1JHUklEQUNUSVZBVElPTg==
Payload(hex): 435553544f4d4d45535341474554455354464f524752494441435449564154494f4e
JSON: {""text"":""CUSTOMMESSAGETESTFORGRIDACTIVATION""}
MIC: eb77d6c5","02-07-r1140,1150,1170.csv",,"02-07-r1140,1150,1170",1140,,"[1140, 1150, 1170]","[1140, 1150, 1170]","['R1140', 'R1150', 'R1170']",2026-07-02,2026-07-02 12:15:57+02:00,-104.0,1.5,06792e51,24E124FFFEFE11C4,24E124C0002A0001,24E124445E318071,Class C,-,1029448232,UpCnf,false,false,false,1037,86,LORA,125,7,0,4/5,1.5,-104,-,Q1VTVE9NTUVTU0FHRVRFU1RGT1JHUklEQUNUSVZBVElPTg==,435553544f4d4d45535341474554455354464f524752494441435449564154494f4e,"{""text"":""CUSTOMMESSAGETESTFORGRIDACTIVATION""}",eb77d6c5,86.0,435553544f4d4d45535341474554455354464f524752494441435449564154494f4e,{'text': 'CUSTOMMESSAGETESTFORGRIDACTIVATION'},,CUSTOMMESSAGETESTFORGRIDACTIVATION,"['R1140', 'R1150', 'R1170']",R1140,"['R1140', 'R1150', 'R1170']","['2026-07-02_R1140_01', '2026-07-02_R1150_01', '2026-07-02_R1170_01']","['R1140', 'R1150', 'R1170']",True,2026-07-02,True,True,2026-07-02_R1150_01,2026-07-02,R1150,1,7,assigned_manual_window,True,0.0,False,7,-83.816,39.6,2026-07-02 12:15:25+02:00,2026-07-02 12:15:25+02:00,2026-07-02 12:17:22+02:00,False,False,2026-07-02 12:20:50+02:00,32,49,17,0,1029,1077,0.6530612244897959,0.3469387755102041,0.3469387755102041,group_7
24E124445E318071,24E124FFFEFE11C4,868500000,SF7BW125, -100/-8.5,34,1039,UpCnf,2026-07-02 10:16:06+00:00,"Dev Addr/Multicast Addr: 06792e51
GwEUI: 24E124FFFEFE11C4
AppEUI: 24E124C0002A0001
Device EUI/Group Name: 24E124445E318071
Class Type: Class C
Immediately: -
Timestamp: 1037677138
Type: UpCnf
Adr: false
AdrAcKReq: false
Ack: false
Fcnt: 1039
Port: 86
Modulation: LORA
Bandwidth: 125
SpreadFactor: 7
Bitrate: 0
CodeRate: 4/5
SNR: -8.5
RSSI: -100
Power: -
Payload(b64): Q1VTVE9NTUVTU0FHRVRFU1RGT1JHUklEQUNUSVZBVElPTg==
Payload(hex): 435553544f4d4d45535341474554455354464f524752494441435449564154494f4e
JSON: {""text"":""CUSTOMMESSAGETESTFORGRIDACTIVATION""}
MIC: ebaf60dc","02-07-r1140,1150,1170.csv",,"02-07-r1140,1150,1170",1140,,"[1140, 1150, 1170]","[1140, 1150, 1170]","['R1140', 'R1150', 'R1170']",2026-07-02,2026-07-02 12:16:06+02:00,-100.0,-8.5,06792e51,24E124FFFEFE11C4,24E124C0002A0001,24E124445E318071,Class C,-,1037677138,UpCnf,false,false,false,1039,86,LORA,125,7,0,4/5,-8.5,-100,-,Q1VTVE9NTUVTU0FHRVRFU1RGT1JHUklEQUNUSVZBVElPTg==,435553544f4d4d45535341474554455354464f524752494441435449564154494f4e,"{""text"":""CUSTOMMESSAGETESTFORGRIDACTIVATION""}",ebaf60dc,86.0,435553544f4d4d45535341474554455354464f524752494441435449564154494f4e,{'text': 'CUSTOMMESSAGETESTFORGRIDACTIVATION'},,CUSTOMMESSAGETESTFORGRIDACTIVATION,"['R1140', 'R1150', 'R1170']",R1140,"['R1140', 'R1150', 'R1170']","['2026-07-02_R1140_01', '2026-07-02_R1150_01', '2026-07-02_R1170_01']","['R1140', 'R1150', 'R1170']",True,2026-07-02,True,True,2026-07-02_R1150_01,2026-07-02,R1150,1,7,assigned_manual_window,True,0.0,False,7,-83.816,39.6,2026-07-02 12:15:25+02:00,2026-07-02 12:15:25+02:00,2026-07-02 12:17:22+02:00,False,False,2026-07-02 12:20:50+02:00,32,49,17,0,1029,1077,0.6530612244897959,0.3469387755102041,0.3469387755102041,group_7
24E124445E318071,24E124FFFEFE11C4,868500000,SF7BW125, -100/-9.0,34,1040,UpCnf,2026-07-02 10:16:07+00:00,"Dev Addr/Multicast Addr: 06792e51
GwEUI: 24E124FFFEFE11C4
AppEUI: 24E124C0002A0001
Device EUI/Group Name: 24E124445E318071
Class Type: Class C
Immediately: -
Timestamp: 1039138106
Type: UpCnf
Adr: false
AdrAcKReq: false
Ack: false
Fcnt: 1040
Port: 86
Modulation: LORA
Bandwidth: 125
SpreadFactor: 7
Bitrate: 0
CodeRate: 4/5
SNR: -9.0
RSSI: -100
Power: -
Payload(b64): Q1VTVE9NTUVTU0FHRVRFU1RGT1JHUklEQUNUSVZBVElPTg==
Payload(hex): 435553544f4d4d45535341474554455354464f524752494441435449564154494f4e
JSON: {""text"":""CUSTOMMESSAGETESTFORGRIDACTIVATION""}
MIC: 932401f7","02-07-r1140,1150,1170.csv",,"02-07-r1140,1150,1170",1140,,"[1140, 1150, 1170]","[1140, 1150, 1170]","['R1140', 'R1150', 'R1170']",2026-07-02,2026-07-02 12:16:07+02:00,-100.0,-9.0,06792e51,24E124FFFEFE11C4,24E124C0002A0001,24E124445E318071,Class C,-,1039138106,UpCnf,false,false,false,1040,86,LORA,125,7,0,4/5,-9.0,-100,-,Q1VTVE9NTUVTU0FHRVRFU1RGT1JHUklEQUNUSVZBVElPTg==,435553544f4d4d45535341474554455354464f524752494441435449564154494f4e,"{""text"":""CUSTOMMESSAGETESTFORGRIDACTIVATION""}",932401f7,86.0,435553544f4d4d45535341474554455354464f524752494441435449564154494f4e,{'text': 'CUSTOMMESSAGETESTFORGRIDACTIVATION'},,CUSTOMMESSAGETESTFORGRIDACTIVATION,"['R1140', 'R1150', 'R1170']",R1140,"['R1140', 'R1150', 'R1170']","['2026-07-02_R1140_01', '2026-07-02_R1150_01', '2026-07-02_R1170_01']","['R1140', 'R1150', 'R1170']",True,2026-07-02,True,True,2026-07-02_R1150_01,2026-07-02,R1150,1,7,assigned_manual_window,True,0.0,False,7,-83.816,39.6,2026-07-02 12:15:25+02:00,2026-07-02 12:15:25+02:00,2026-07-02 12:17:22+02:00,False,False,2026-07-02 12:20:50+02:00,32,49,17,0,1029,1077,0.6530612244897959,0.3469387755102041,0.3469387755102041,group_7
24E124445E318071,24E124FFFEFE11C4,868100000,SF7BW125, -106/-3.0,34,1042,UpCnf,2026-07-02 10:16:10+00:00,"Dev Addr/Multicast Addr: 06792e51
GwEUI: 24E124FFFEFE11C4
AppEUI: 24E124C0002A0001
Device EUI/Group Name: 24E124445E318071
Class Type: Class C
Immediately: -
Timestamp: 1042398230
Type: UpCnf
Adr: false
AdrAcKReq: false
Ack: false
Fcnt: 1042
Port: 86
Modulation: LORA
Bandwidth: 125
SpreadFactor: 7
Bitrate: 0
CodeRate: 4/5
SNR: -3.0
RSSI: -106
Power: -
Payload(b64): Q1VTVE9NTUVTU0FHRVRFU1RGT1JHUklEQUNUSVZBVElPTg==
Payload(hex): 435553544f4d4d45535341474554455354464f524752494441435449564154494f4e
JSON: {""text"":""CUSTOMMESSAGETESTFORGRIDACTIVATION""}
MIC: 1a793666","02-07-r1140,1150,1170.csv",,"02-07-r1140,1150,1170",1140,,"[1140, 1150, 1170]","[1140, 1150, 1170]","['R1140', 'R1150', 'R1170']",2026-07-02,2026-07-02 12:16:10+02:00,-106.0,-3.0,06792e51,24E124FFFEFE11C4,24E124C0002A0001,24E124445E318071,Class C,-,1042398230,UpCnf,false,false,false,1042,86,LORA,125,7,0,4/5,-3.0,-106,-,Q1VTVE9NTUVTU0FHRVRFU1RGT1JHUklEQUNUSVZBVElPTg==,435553544f4d4d45535341474554455354464f524752494441435449564154494f4e,"{""text"":""CUSTOMMESSAGETESTFORGRIDACTIVATION""}",1a793666,86.0,435553544f4d4d45535341474554455354464f524752494441435449564154494f4e,{'text': 'CUSTOMMESSAGETESTFORGRIDACTIVATION'},,CUSTOMMESSAGETESTFORGRIDACTIVATION,"['R1140', 'R1150', 'R1170']",R1140,"['R1140', 'R1150', 'R1170']","['2026-07-02_R1140_01', '2026-07-02_R1150_01', '2026-07-02_R1170_01']","['R1140', 'R1150', 'R1170']",True,2026-07-02,True,True,2026-07-02_R1150_01,2026-07-02,R1150,1,7,assigned_manual_window,True,0.0,False,7,-83.816,39.6,2026-07-02 12:15:25+02:00,2026-07-02 12:15:25+02:00,2026-07-02 12:17:22+02:00,False,False,2026-07-02 12:20:50+02:00,32,49,17,0,1029,1077,0.6530612244897959,0.3469387755102041,0.3469387755102041,group_7
24E124445E318071,24E124FFFEFE11C4,868500000,SF7BW125, -101/-8.5,34,1043,UpCnf,2026-07-02 10:16:13+00:00,"Dev Addr/Multicast Addr: 06792e51
GwEUI: 24E124FFFEFE11C4
AppEUI: 24E124C0002A0001
Device EUI/Group Name: 24E124445E318071
Class Type: Class C
Immediately: -
Timestamp: 1045207064
Type: UpCnf
Adr: false
AdrAcKReq: false
Ack: false
Fcnt: 1043
Port: 86
Modulation: LORA
Bandwidth: 125
SpreadFactor: 7
Bitrate: 0
CodeRate: 4/5
SNR: -8.5
RSSI: -101
Power: -
Payload(b64): Q1VTVE9NTUVTU0FHRVRFU1RGT1JHUklEQUNUSVZBVElPTg==
Payload(hex): 435553544f4d4d45535341474554455354464f524752494441435449564154494f4e
JSON: {""text"":""CUSTOMMESSAGETESTFORGRIDACTIVATION""}
MIC: 1d4eb4aa","02-07-r1140,1150,1170.csv",,"02-07-r1140,1150,1170",1140,,"[1140, 1150, 1170]","[1140, 1150, 1170]","['R1140', 'R1150', 'R1170']",2026-07-02,2026-07-02 12:16:13+02:00,-101.0,-8.5,06792e51,24E124FFFEFE11C4,24E124C0002A0001,24E124445E318071,Class C,-,1045207064,UpCnf,false,false,false,1043,86,LORA,125,7,0,4/5,-8.5,-101,-,Q1VTVE9NTUVTU0FHRVRFU1RGT1JHUklEQUNUSVZBVElPTg==,435553544f4d4d45535341474554455354464f524752494441435449564154494f4e,"{""text"":""CUSTOMMESSAGETESTFORGRIDACTIVATION""}",1d4eb4aa,86.0,435553544f4d4d45535341474554455354464f524752494441435449564154494f4e,{'text': 'CUSTOMMESSAGETESTFORGRIDACTIVATION'},,CUSTOMMESSAGETESTFORGRIDACTIVATION,"['R1140', 'R1150', 'R1170']",R1140,"['R1140', 'R1150', 'R1170']","['2026-07-02_R1140_01', '2026-07-02_R1150_01', '2026-07-02_R1170_01']","['R1140', 'R1150', 'R1170']",True,2026-07-02,True,True,2026-07-02_R1150_01,2026-07-02,R1150,1,7,assigned_manual_window,True,0.0,False,7,-83.816,39.6,2026-07-02 12:15:25+02:00,2026-07-02 12:15:25+02:00,2026-07-02 12:17:22+02:00,False,False,2026-07-02 12:20:50+02:00,32,49,17,0,1029,1077,0.6530612244897959,0.3469387755102041,0.3469387755102041,group_7
24E124445E318071,24E124FFFEFE11C4,868100000,SF7BW125, -106/-2.8,34,1044,UpCnf,2026-07-02 10:16:15+00:00,"Dev Addr/Multicast Addr: 06792e51
GwEUI: 24E124FFFEFE11C4
AppEUI: 24E124C0002A0001
Device EUI/Group Name: 24E124445E318071
Class Type: Class C
Immediately: -
Timestamp: 1046747142
Type: UpCnf
Adr: false
AdrAcKReq: false
Ack: false
Fcnt: 1044
Port: 86
Modulation: LORA
Bandwidth: 125
SpreadFactor: 7
Bitrate: 0
CodeRate: 4/5
SNR: -2.8
RSSI: -106
Power: -
Payload(b64): Q1VTVE9NTUVTU0FHRVRFU1RGT1JHUklEQUNUSVZBVElPTg==
Payload(hex): 435553544f4d4d45535341474554455354464f524752494441435449564154494f4e
JSON: {""text"":""CUSTOMMESSAGETESTFORGRIDACTIVATION""}
MIC: 8c7fecc2","02-07-r1140,1150,1170.csv",,"02-07-r1140,1150,1170",1140,,"[1140, 1150, 1170]","[1140, 1150, 1170]","['R1140', 'R1150', 'R1170']",2026-07-02,2026-07-02 12:16:15+02:00,-106.0,-2.8,06792e51,24E124FFFEFE11C4,24E124C0002A0001,24E124445E318071,Class C,-,1046747142,UpCnf,false,false,false,1044,86,LORA,125,7,0,4/5,-2.8,-106,-,Q1VTVE9NTUVTU0FHRVRFU1RGT1JHUklEQUNUSVZBVElPTg==,435553544f4d4d45535341474554455354464f524752494441435449564154494f4e,"{""text"":""CUSTOMMESSAGETESTFORGRIDACTIVATION""}",8c7fecc2,86.0,435553544f4d4d45535341474554455354464f524752494441435449564154494f4e,{'text': 'CUSTOMMESSAGETESTFORGRIDACTIVATION'},,CUSTOMMESSAGETESTFORGRIDACTIVATION,"['R1140', 'R1150', 'R1170']",R1140,"['R1140', 'R1150', 'R1170']","['2026-07-02_R1140_01', '2026-07-02_R1150_01', '2026-07-02_R1170_01']","['R1140', 'R1150', 'R1170']",True,2026-07-02,True,True,2026-07-02_R1150_01,2026-07-02,R1150,1,7,assigned_manual_window,True,0.0,False,7,-83.816,39.6,2026-07-02 12:15:25+02:00,2026-07-02 12:15:25+02:00,2026-07-02 12:17:22+02:00,False,False,2026-07-02 12:20:50+02:00,32,49,17,0,1029,1077,0.6530612244897959,0.3469387755102041,0.3469387755102041,group_7
24E124445E318071,24E124FFFEFE11C4,868300000,SF7BW125, -106/-2.5,34,1045,UpCnf,2026-07-02 10:16:17+00:00,"Dev Addr/Multicast Addr: 06792e51
GwEUI: 24E124FFFEFE11C4
AppEUI: 24E124C0002A0001
Device EUI/Group Name: 24E124445E318071
Class Type: Class C
Immediately: -
Timestamp: 1048750184
Type: UpCnf
Adr: false
AdrAcKReq: false
Ack: false
Fcnt: 1045
Port: 86
Modulation: LORA
Bandwidth: 125
SpreadFactor: 7
Bitrate: 0
CodeRate: 4/5
SNR: -2.5
RSSI: -106
Power: -
Payload(b64): Q1VTVE9NTUVTU0FHRVRFU1RGT1JHUklEQUNUSVZBVElPTg==
Payload(hex): 435553544f4d4d45535341474554455354464f524752494441435449564154494f4e
JSON: {""text"":""CUSTOMMESSAGETESTFORGRIDACTIVATION""}
MIC: ff5a7c24","02-07-r1140,1150,1170.csv",,"02-07-r1140,1150,1170",1140,,"[1140, 1150, 1170]","[1140, 1150, 1170]","['R1140', 'R1150', 'R1170']",2026-07-02,2026-07-02 12:16:17+02:00,-106.0,-2.5,06792e51,24E124FFFEFE11C4,24E124C0002A0001,24E124445E318071,Class C,-,1048750184,UpCnf,false,false,false,1045,86,LORA,125,7,0,4/5,-2.5,-106,-,Q1VTVE9NTUVTU0FHRVRFU1RGT1JHUklEQUNUSVZBVElPTg==,435553544f4d4d45535341474554455354464f524752494441435449564154494f4e,"{""text"":""CUSTOMMESSAGETESTFORGRIDACTIVATION""}",ff5a7c24,86.0,435553544f4d4d45535341474554455354464f524752494441435449564154494f4e,{'text': 'CUSTOMMESSAGETESTFORGRIDACTIVATION'},,CUSTOMMESSAGETESTFORGRIDACTIVATION,"['R1140', 'R1150', 'R1170']",R1140,"['R1140', 'R1150', 'R1170']","['2026-07-02_R1140_01', '2026-07-02_R1150_01', '2026-07-02_R1170_01']","['R1140', 'R1150', 'R1170']",True,2026-07-02,True,True,2026-07-02_R1150_01,2026-07-02,R1150,1,7,assigned_manual_window,True,0.0,False,7,-83.816,39.6,2026-07-02 12:15:25+02:00,2026-07-02 12:15:25+02:00,2026-07-02 12:17:22+02:00,False,False,2026-07-02 12:20:50+02:00,32,49,17,0,1029,1077,0.6530612244897959,0.3469387755102041,0.3469387755102041,group_7
24E124445E318071,24E124FFFEFE11C4,868100000,SF7BW125, -106/-1.0,34,1046,UpCnf,2026-07-02 10:16:18+00:00,"Dev Addr/Multicast Addr: 06792e51
GwEUI: 24E124FFFEFE11C4
AppEUI: 24E124C0002A0001
Device EUI/Group Name: 24E124445E318071
Class Type: Class C
Immediately: -
Timestamp: 1050086185
Type: UpCnf
Adr: false
AdrAcKReq: false
Ack: false
Fcnt: 1046
Port: 86
Modulation: LORA
Bandwidth: 125
SpreadFactor: 7
Bitrate: 0
CodeRate: 4/5
SNR: -1.0
RSSI: -106
Power: -
Payload(b64): Q1VTVE9NTUVTU0FHRVRFU1RGT1JHUklEQUNUSVZBVElPTg==
Payload(hex): 435553544f4d4d45535341474554455354464f524752494441435449564154494f4e
JSON: {""text"":""CUSTOMMESSAGETESTFORGRIDACTIVATION""}
MIC: 5ad82f5a","02-07-r1140,1150,1170.csv",,"02-07-r1140,1150,1170",1140,,"[1140, 1150, 1170]","[1140, 1150, 1170]","['R1140', 'R1150', 'R1170']",2026-07-02,2026-07-02 12:16:18+02:00,-106.0,-1.0,06792e51,24E124FFFEFE11C4,24E124C0002A0001,24E124445E318071,Class C,-,1050086185,UpCnf,false,false,false,1046,86,LORA,125,7,0,4/5,-1.0,-106,-,Q1VTVE9NTUVTU0FHRVRFU1RGT1JHUklEQUNUSVZBVElPTg==,435553544f4d4d45535341474554455354464f524752494441435449564154494f4e,"{""text"":""CUSTOMMESSAGETESTFORGRIDACTIVATION""}",5ad82f5a,86.0,435553544f4d4d45535341474554455354464f524752494441435449564154494f4e,{'text': 'CUSTOMMESSAGETESTFORGRIDACTIVATION'},,CUSTOMMESSAGETESTFORGRIDACTIVATION,"['R1140', 'R1150', 'R1170']",R1140,"['R1140', 'R1150', 'R1170']","['2026-07-02_R1140_01', '2026-07-02_R1150_01', '2026-07-02_R1170_01']","['R1140', 'R1150', 'R1170']",True,2026-07-02,True,True,2026-07-02_R1150_01,2026-07-02,R1150,1,7,assigned_manual_window,True,0.0,False,7,-83.816,39.6,2026-07-02 12:15:25+02:00,2026-07-02 12:15:25+02:00,2026-07-02 12:17:22+02:00,False,False,2026-07-02 12:20:50+02:00,32,49,17,0,1029,1077,0.6530612244897959,0.3469387755102041,0.3469387755102041,group_7
24E124445E318071,24E124FFFEFE11C4,868500000,SF7BW125, -101/-7.5,34,1047,UpCnf,2026-07-02 10:16:20+00:00,"Dev Addr/Multicast Addr: 06792e51
GwEUI: 24E124FFFEFE11C4
AppEUI: 24E124C0002A0001
Device EUI/Group Name: 24E124445E318071
Class Type: Class C
Immediately: -
Timestamp: 1051812059
Type: UpCnf
Adr: false
AdrAcKReq: false
Ack: false
Fcnt: 1047
Port: 86
Modulation: LORA
Bandwidth: 125
SpreadFactor: 7
Bitrate: 0
CodeRate: 4/5
SNR: -7.5
RSSI: -101
Power: -
Payload(b64): Q1VTVE9NTUVTU0FHRVRFU1RGT1JHUklEQUNUSVZBVElPTg==
Payload(hex): 435553544f4d4d45535341474554455354464f524752494441435449564154494f4e
JSON: {""text"":""CUSTOMMESSAGETESTFORGRIDACTIVATION""}
MIC: eb8b4d52","02-07-r1140,1150,1170.csv",,"02-07-r1140,1150,1170",1140,,"[1140, 1150, 1170]","[1140, 1150, 1170]","['R1140', 'R1150', 'R1170']",2026-07-02,2026-07-02 12:16:20+02:00,-101.0,-7.5,06792e51,24E124FFFEFE11C4,24E124C0002A0001,24E124445E318071,Class C,-,1051812059,UpCnf,false,false,false,1047,86,LORA,125,7,0,4/5,-7.5,-101,-,Q1VTVE9NTUVTU0FHRVRFU1RGT1JHUklEQUNUSVZBVElPTg==,435553544f4d4d45535341474554455354464f524752494441435449564154494f4e,"{""text"":""CUSTOMMESSAGETESTFORGRIDACTIVATION""}",eb8b4d52,86.0,435553544f4d4d45535341474554455354464f524752494441435449564154494f4e,{'text': 'CUSTOMMESSAGETESTFORGRIDACTIVATION'},,CUSTOMMESSAGETESTFORGRIDACTIVATION,"['R1140', 'R1150', 'R1170']",R1140,"['R1140', 'R1150', 'R1170']","['2026-07-02_R1140_01', '2026-07-02_R1150_01', '2026-07-02_R1170_01']","['R1140', 'R1150', 'R1170']",True,2026-07-02,True,True,2026-07-02_R1150_01,2026-07-02,R1150,1,7,assigned_manual_window,True,0.0,False,7,-83.816,39.6,2026-07-02 12:15:25+02:00,2026-07-02 12:15:25+02:00,2026-07-02 12:17:22+02:00,False,False,2026-07-02 12:20:50+02:00,32,49,17,0,1029,1077,0.6530612244897959,0.3469387755102041,0.3469387755102041,group_7
24E124445E318071,24E124FFFEFE11C4,868300000,SF7BW125, -106/-1.8,34,1050,UpCnf,2026-07-02 10:16:25+00:00,"Dev Addr/Multicast Addr: 06792e51
GwEUI: 24E124FFFEFE11C4
AppEUI: 24E124C0002A0001
Device EUI/Group Name: 24E124445E318071
Class Type: Class C
Immediately: -
Timestamp: 1057061171
Type: UpCnf
Adr: false
AdrAcKReq: false
Ack: false
Fcnt: 1050
Port: 86
Modulation: LORA
Bandwidth: 125
SpreadFactor: 7
Bitrate: 0
CodeRate: 4/5
SNR: -1.8
RSSI: -106
Power: -
Payload(b64): Q1VTVE9NTUVTU0FHRVRFU1RGT1JHUklEQUNUSVZBVElPTg==
Payload(hex): 435553544f4d4d45535341474554455354464f524752494441435449564154494f4e
JSON: {""text"":""CUSTOMMESSAGETESTFORGRIDACTIVATION""}
MIC: 2d6ddc6d","02-07-r1140,1150,1170.csv",,"02-07-r1140,1150,1170",1140,,"[1140, 1150, 1170]","[1140, 1150, 1170]","['R1140', 'R1150', 'R1170']",2026-07-02,2026-07-02 12:16:25+02:00,-106.0,-1.8,06792e51,24E124FFFEFE11C4,24E124C0002A0001,24E124445E318071,Class C,-,1057061171,UpCnf,false,false,false,1050,86,LORA,125,7,0,4/5,-1.8,-106,-,Q1VTVE9NTUVTU0FHRVRFU1RGT1JHUklEQUNUSVZBVElPTg==,435553544f4d4d45535341474554455354464f524752494441435449564154494f4e,"{""text"":""CUSTOMMESSAGETESTFORGRIDACTIVATION""}",2d6ddc6d,86.0,435553544f4d4d45535341474554455354464f524752494441435449564154494f4e,{'text': 'CUSTOMMESSAGETESTFORGRIDACTIVATION'},,CUSTOMMESSAGETESTFORGRIDACTIVATION,"['R1140', 'R1150', 'R1170']",R1140,"['R1140', 'R1150', 'R1170']","['2026-07-02_R1140_01', '2026-07-02_R1150_01', '2026-07-02_R1170_01']","['R1140', 'R1150', 'R1170']",True,2026-07-02,True,True,2026-07-02_R1150_01,2026-07-02,R1150,1,7,assigned_manual_window,True,0.0,False,7,-83.816,39.6,2026-07-02 12:15:25+02:00,2026-07-02 12:15:25+02:00,2026-07-02 12:17:22+02:00,False,False,2026-07-02 12:20:50+02:00,32,49,17,0,1029,1077,0.6530612244897959,0.3469387755102041,0.3469387755102041,group_7
24E124445E318071,24E124FFFEFE11C4,868500000,SF7BW125, -101/-7.0,34,1051,UpCnf,2026-07-02 10:16:27+00:00,"Dev Addr/Multicast Addr: 06792e51
GwEUI: 24E124FFFEFE11C4
AppEUI: 24E124C0002A0001
Device EUI/Group Name: 24E124445E318071
Class Type: Class C
Immediately: -
Timestamp: 1058770155
Type: UpCnf
Adr: false
AdrAcKReq: false
Ack: false
Fcnt: 1051
Port: 86
Modulation: LORA
Bandwidth: 125
SpreadFactor: 7
Bitrate: 0
CodeRate: 4/5
SNR: -7.0
RSSI: -101
Power: -
Payload(b64): Q1VTVE9NTUVTU0FHRVRFU1RGT1JHUklEQUNUSVZBVElPTg==
Payload(hex): 435553544f4d4d45535341474554455354464f524752494441435449564154494f4e
JSON: {""text"":""CUSTOMMESSAGETESTFORGRIDACTIVATION""}
MIC: 138d63ce","02-07-r1140,1150,1170.csv",,"02-07-r1140,1150,1170",1140,,"[1140, 1150, 1170]","[1140, 1150, 1170]","['R1140', 'R1150', 'R1170']",2026-07-02,2026-07-02 12:16:27+02:00,-101.0,-7.0,06792e51,24E124FFFEFE11C4,24E124C0002A0001,24E124445E318071,Class C,-,1058770155,UpCnf,false,false,false,1051,86,LORA,125,7,0,4/5,-7.0,-101,-,Q1VTVE9NTUVTU0FHRVRFU1RGT1JHUklEQUNUSVZBVElPTg==,435553544f4d4d45535341474554455354464f524752494441435449564154494f4e,"{""text"":""CUSTOMMESSAGETESTFORGRIDACTIVATION""}",138d63ce,86.0,435553544f4d4d45535341474554455354464f524752494441435449564154494f4e,{'text': 'CUSTOMMESSAGETESTFORGRIDACTIVATION'},,CUSTOMMESSAGETESTFORGRIDACTIVATION,"['R1140', 'R1150', 'R1170']",R1140,"['R1140', 'R1150', 'R1170']","['2026-07-02_R1140_01', '2026-07-02_R1150_01', '2026-07-02_R1170_01']","['R1140', 'R1150', 'R1170']",True,2026-07-02,True,True,2026-07-02_R1150_01,2026-07-02,R1150,1,7,assigned_manual_window,True,0.0,False,7,-83.816,39.6,2026-07-02 12:15:25+02:00,2026-07-02 12:15:25+02:00,2026-07-02 12:17:22+02:00,False,False,2026-07-02 12:20:50+02:00,32,49,17,0,1029,1077,0.6530612244897959,0.3469387755102041,0.3469387755102041,group_7
24E124445E318071,24E124FFFEFE11C4,868300000,SF7BW125, -106/-0.8,34,1054,UpCnf,2026-07-02 10:16:32+00:00,"Dev Addr/Multicast Addr: 06792e51
GwEUI: 24E124FFFEFE11C4
AppEUI: 24E124C0002A0001
Device EUI/Group Name: 24E124445E318071
Class Type: Class C
Immediately: -
Timestamp: 1063881125
Type: UpCnf
Adr: false
AdrAcKReq: false
Ack: false
Fcnt: 1054
Port: 86
Modulation: LORA
Bandwidth: 125
SpreadFactor: 7
Bitrate: 0
CodeRate: 4/5
SNR: -0.8
RSSI: -106
Power: -
Payload(b64): Q1VTVE9NTUVTU0FHRVRFU1RGT1JHUklEQUNUSVZBVElPTg==
Payload(hex): 435553544f4d4d45535341474554455354464f524752494441435449564154494f4e
JSON: {""text"":""CUSTOMMESSAGETESTFORGRIDACTIVATION""}
MIC: df03c4ca","02-07-r1140,1150,1170.csv",,"02-07-r1140,1150,1170",1140,,"[1140, 1150, 1170]","[1140, 1150, 1170]","['R1140', 'R1150', 'R1170']",2026-07-02,2026-07-02 12:16:32+02:00,-106.0,-0.8,06792e51,24E124FFFEFE11C4,24E124C0002A0001,24E124445E318071,Class C,-,1063881125,UpCnf,false,false,false,1054,86,LORA,125,7,0,4/5,-0.8,-106,-,Q1VTVE9NTUVTU0FHRVRFU1RGT1JHUklEQUNUSVZBVElPTg==,435553544f4d4d45535341474554455354464f524752494441435449564154494f4e,"{""text"":""CUSTOMMESSAGETESTFORGRIDACTIVATION""}",df03c4ca,86.0,435553544f4d4d45535341474554455354464f524752494441435449564154494f4e,{'text': 'CUSTOMMESSAGETESTFORGRIDACTIVATION'},,CUSTOMMESSAGETESTFORGRIDACTIVATION,"['R1140', 'R1150', 'R1170']",R1140,"['R1140', 'R1150', 'R1170']","['2026-07-02_R1140_01', '2026-07-02_R1150_01', '2026-07-02_R1170_01']","['R1140', 'R1150', 'R1170']",True,2026-07-02,True,True,2026-07-02_R1150_01,2026-07-02,R1150,1,7,assigned_manual_window,True,0.0,False,7,-83.816,39.6,2026-07-02 12:15:25+02:00,2026-07-02 12:15:25+02:00,2026-07-02 12:17:22+02:00,False,False,2026-07-02 12:20:50+02:00,32,49,17,0,1029,1077,0.6530612244897959,0.3469387755102041,0.3469387755102041,group_7
24E124445E318071,24E124FFFEFE11C4,868300000,SF7BW125, -106/-2.0,34,1055,UpCnf,2026-07-02 10:16:33+00:00,"Dev Addr/Multicast Addr: 06792e51
GwEUI: 24E124FFFEFE11C4
AppEUI: 24E124C0002A0001
Device EUI/Group Name: 24E124445E318071
Class Type: Class C
Immediately: -
Timestamp: 1065455149
Type: UpCnf
Adr: false
AdrAcKReq: false
Ack: false
Fcnt: 1055
Port: 86
Modulation: LORA
Bandwidth: 125
SpreadFactor: 7
Bitrate: 0
CodeRate: 4/5
SNR: -2.0
RSSI: -106
Power: -
Payload(b64): Q1VTVE9NTUVTU0FHRVRFU1RGT1JHUklEQUNUSVZBVElPTg==
Payload(hex): 435553544f4d4d45535341474554455354464f524752494441435449564154494f4e
JSON: {""text"":""CUSTOMMESSAGETESTFORGRIDACTIVATION""}
MIC: 7766e3d8","02-07-r1140,1150,1170.csv",,"02-07-r1140,1150,1170",1140,,"[1140, 1150, 1170]","[1140, 1150, 1170]","['R1140', 'R1150', 'R1170']",2026-07-02,2026-07-02 12:16:33+02:00,-106.0,-2.0,06792e51,24E124FFFEFE11C4,24E124C0002A0001,24E124445E318071,Class C,-,1065455149,UpCnf,false,false,false,1055,86,LORA,125,7,0,4/5,-2.0,-106,-,Q1VTVE9NTUVTU0FHRVRFU1RGT1JHUklEQUNUSVZBVElPTg==,435553544f4d4d45535341474554455354464f524752494441435449564154494f4e,"{""text"":""CUSTOMMESSAGETESTFORGRIDACTIVATION""}",7766e3d8,86.0,435553544f4d4d45535341474554455354464f524752494441435449564154494f4e,{'text': 'CUSTOMMESSAGETESTFORGRIDACTIVATION'},,CUSTOMMESSAGETESTFORGRIDACTIVATION,"['R1140', 'R1150', 'R1170']",R1140,"['R1140', 'R1150', 'R1170']","['2026-07-02_R1140_01', '2026-07-02_R1150_01', '2026-07-02_R1170_01']","['R1140', 'R1150', 'R1170']",True,2026-07-02,True,True,2026-07-02_R1150_01,2026-07-02,R1150,1,7,assigned_manual_window,True,0.0,False,7,-83.816,39.6,2026-07-02 12:15:25+02:00,2026-07-02 12:15:25+02:00,2026-07-02 12:17:22+02:00,False,False,2026-07-02 12:20:50+02:00,32,49,17,0,1029,1077,0.6530612244897959,0.3469387755102041,0.3469387755102041,group_7
24E124445E318071,24E124FFFEFE11C4,868100000,SF7BW125, -106/-0.5,34,1057,UpCnf,2026-07-02 10:16:37+00:00,"Dev Addr/Multicast Addr: 06792e51
GwEUI: 24E124FFFEFE11C4
AppEUI: 24E124C0002A0001
Device EUI/Group Name: 24E124445E318071
Class Type: Class C
Immediately: -
Timestamp: 1068760112
Type: UpCnf
Adr: false
AdrAcKReq: false
Ack: false
Fcnt: 1057
Port: 86
Modulation: LORA
Bandwidth: 125
SpreadFactor: 7
Bitrate: 0
CodeRate: 4/5
SNR: -0.5
RSSI: -106
Power: -
Payload(b64): Q1VTVE9NTUVTU0FHRVRFU1RGT1JHUklEQUNUSVZBVElPTg==
Payload(hex): 435553544f4d4d45535341474554455354464f524752494441435449564154494f4e
JSON: {""text"":""CUSTOMMESSAGETESTFORGRIDACTIVATION""}
MIC: bf7f9a0c","02-07-r1140,1150,1170.csv",,"02-07-r1140,1150,1170",1140,,"[1140, 1150, 1170]","[1140, 1150, 1170]","['R1140', 'R1150', 'R1170']",2026-07-02,2026-07-02 12:16:37+02:00,-106.0,-0.5,06792e51,24E124FFFEFE11C4,24E124C0002A0001,24E124445E318071,Class C,-,1068760112,UpCnf,false,false,false,1057,86,LORA,125,7,0,4/5,-0.5,-106,-,Q1VTVE9NTUVTU0FHRVRFU1RGT1JHUklEQUNUSVZBVElPTg==,435553544f4d4d45535341474554455354464f524752494441435449564154494f4e,"{""text"":""CUSTOMMESSAGETESTFORGRIDACTIVATION""}",bf7f9a0c,86.0,435553544f4d4d45535341474554455354464f524752494441435449564154494f4e,{'text': 'CUSTOMMESSAGETESTFORGRIDACTIVATION'},,CUSTOMMESSAGETESTFORGRIDACTIVATION,"['R1140', 'R1150', 'R1170']",R1140,"['R1140', 'R1150', 'R1170']","['2026-07-02_R1140_01', '2026-07-02_R1150_01', '2026-07-02_R1170_01']","['R1140', 'R1150', 'R1170']",True,2026-07-02,True,True,2026-07-02_R1150_01,2026-07-02,R1150,1,7,assigned_manual_window,True,0.0,False,7,-83.816,39.6,2026-07-02 12:15:25+02:00,2026-07-02 12:15:25+02:00,2026-07-02 12:17:22+02:00,False,False,2026-07-02 12:20:50+02:00,32,49,17,0,1029,1077,0.6530612244897959,0.3469387755102041,0.3469387755102041,group_7
24E124445E318071,24E124FFFEFE11C4,868500000,SF7BW125, -100/-7.8,34,1058,UpCnf,2026-07-02 10:16:38+00:00,"Dev Addr/Multicast Addr: 06792e51
GwEUI: 24E124FFFEFE11C4
AppEUI: 24E124C0002A0001
Device EUI/Group Name: 24E124445E318071
Class Type: Class C
Immediately: -
Timestamp: 1070086092
Type: UpCnf
Adr: false
AdrAcKReq: false
Ack: false
Fcnt: 1058
Port: 86
Modulation: LORA
Bandwidth: 125
SpreadFactor: 7
Bitrate: 0
CodeRate: 4/5
SNR: -7.8
RSSI: -100
Power: -
Payload(b64): Q1VTVE9NTUVTU0FHRVRFU1RGT1JHUklEQUNUSVZBVElPTg==
Payload(hex): 435553544f4d4d45535341474554455354464f524752494441435449564154494f4e
JSON: {""text"":""CUSTOMMESSAGETESTFORGRIDACTIVATION""}
MIC: 266aad58","02-07-r1140,1150,1170.csv",,"02-07-r1140,1150,1170",1140,,"[1140, 1150, 1170]","[1140, 1150, 1170]","['R1140', 'R1150', 'R1170']",2026-07-02,2026-07-02 12:16:38+02:00,-100.0,-7.8,06792e51,24E124FFFEFE11C4,24E124C0002A0001,24E124445E318071,Class C,-,1070086092,UpCnf,false,false,false,1058,86,LORA,125,7,0,4/5,-7.8,-100,-,Q1VTVE9NTUVTU0FHRVRFU1RGT1JHUklEQUNUSVZBVElPTg==,435553544f4d4d45535341474554455354464f524752494441435449564154494f4e,"{""text"":""CUSTOMMESSAGETESTFORGRIDACTIVATION""}",266aad58,86.0,435553544f4d4d45535341474554455354464f524752494441435449564154494f4e,{'text': 'CUSTOMMESSAGETESTFORGRIDACTIVATION'},,CUSTOMMESSAGETESTFORGRIDACTIVATION,"['R1140', 'R1150', 'R1170']",R1140,"['R1140', 'R1150', 'R1170']","['2026-07-02_R1140_01', '2026-07-02_R1150_01', '2026-07-02_R1170_01']","['R1140', 'R1150', 'R1170']",True,2026-07-02,True,True,2026-07-02_R1150_01,2026-07-02,R1150,1,7,assigned_manual_window,True,0.0,False,7,-83.816,39.6,2026-07-02 12:15:25+02:00,2026-07-02 12:15:25+02:00,2026-07-02 12:17:22+02:00,False,False,2026-07-02 12:20:50+02:00,32,49,17,0,1029,1077,0.6530612244897959,0.3469387755102041,0.3469387755102041,group_7
24E124445E318071,24E124FFFEFE11C4,868500000,SF7BW125, -101/-8.5,34,1060,UpCnf,2026-07-02 10:16:42+00:00,"Dev Addr/Multicast Addr: 06792e51
GwEUI: 24E124FFFEFE11C4
AppEUI: 24E124C0002A0001
Device EUI/Group Name: 24E124445E318071
Class Type: Class C
Immediately: -
Timestamp: 1073661994
Type: UpCnf
Adr: false
AdrAcKReq: false
Ack: false
Fcnt: 1060
Port: 86
Modulation: LORA
Bandwidth: 125
SpreadFactor: 7
Bitrate: 0
CodeRate: 4/5
SNR: -8.5
RSSI: -101
Power: -
Payload(b64): Q1VTVE9NTUVTU0FHRVRFU1RGT1JHUklEQUNUSVZBVElPTg==
Payload(hex): 435553544f4d4d45535341474554455354464f524752494441435449564154494f4e
JSON: {""text"":""CUSTOMMESSAGETESTFORGRIDACTIVATION""}
MIC: 76b9f2b3","02-07-r1140,1150,1170.csv",,"02-07-r1140,1150,1170",1140,,"[1140, 1150, 1170]","[1140, 1150, 1170]","['R1140', 'R1150', 'R1170']",2026-07-02,2026-07-02 12:16:42+02:00,-101.0,-8.5,06792e51,24E124FFFEFE11C4,24E124C0002A0001,24E124445E318071,Class C,-,1073661994,UpCnf,false,false,false,1060,86,LORA,125,7,0,4/5,-8.5,-101,-,Q1VTVE9NTUVTU0FHRVRFU1RGT1JHUklEQUNUSVZBVElPTg==,435553544f4d4d45535341474554455354464f524752494441435449564154494f4e,"{""text"":""CUSTOMMESSAGETESTFORGRIDACTIVATION""}",76b9f2b3,86.0,435553544f4d4d45535341474554455354464f524752494441435449564154494f4e,{'text': 'CUSTOMMESSAGETESTFORGRIDACTIVATION'},,CUSTOMMESSAGETESTFORGRIDACTIVATION,"['R1140', 'R1150', 'R1170']",R1140,"['R1140', 'R1150', 'R1170']","['2026-07-02_R1140_01', '2026-07-02_R1150_01', '2026-07-02_R1170_01']","['R1140', 'R1150', 'R1170']",True,2026-07-02,True,True,2026-07-02_R1150_01,2026-07-02,R1150,1,7,assigned_manual_window,True,0.0,False,7,-83.816,39.6,2026-07-02 12:15:25+02:00,2026-07-02 12:15:25+02:00,2026-07-02 12:17:22+02:00,False,False,2026-07-02 12:20:50+02:00,32,49,17,0,1029,1077,0.6530612244897959,0.3469387755102041,0.3469387755102041,group_7
24E124445E318071,24E124FFFEFE11C4,868100000,SF7BW125, -106/-1.5,34,1064,UpCnf,2026-07-02 10:16:55+00:00,"Dev Addr/Multicast Addr: 06792e51
GwEUI: 24E124FFFEFE11C4
AppEUI: 24E124C0002A0001
Device EUI/Group Name: 24E124445E318071
Class Type: Class C
Immediately: -
Timestamp: 1087412103
Type: UpCnf
Adr: false
AdrAcKReq: false
Ack: false
Fcnt: 1064
Port: 86
Modulation: LORA
Bandwidth: 125
SpreadFactor: 7
Bitrate: 0
CodeRate: 4/5
SNR: -1.5
RSSI: -106
Power: -
Payload(b64): Q1VTVE9NTUVTU0FHRVRFU1RGT1JHUklEQUNUSVZBVElPTg==
Payload(hex): 435553544f4d4d45535341474554455354464f524752494441435449564154494f4e
JSON: {""text"":""CUSTOMMESSAGETESTFORGRIDACTIVATION""}
MIC: da495459","02-07-r1140,1150,1170.csv",,"02-07-r1140,1150,1170",1140,,"[1140, 1150, 1170]","[1140, 1150, 1170]","['R1140', 'R1150', 'R1170']",2026-07-02,2026-07-02 12:16:55+02:00,-106.0,-1.5,06792e51,24E124FFFEFE11C4,24E124C0002A0001,24E124445E318071,Class C,-,1087412103,UpCnf,false,false,false,1064,86,LORA,125,7,0,4/5,-1.5,-106,-,Q1VTVE9NTUVTU0FHRVRFU1RGT1JHUklEQUNUSVZBVElPTg==,435553544f4d4d45535341474554455354464f524752494441435449564154494f4e,"{""text"":""CUSTOMMESSAGETESTFORGRIDACTIVATION""}",da495459,86.0,435553544f4d4d45535341474554455354464f524752494441435449564154494f4e,{'text': 'CUSTOMMESSAGETESTFORGRIDACTIVATION'},,CUSTOMMESSAGETESTFORGRIDACTIVATION,"['R1140', 'R1150', 'R1170']",R1140,"['R1140', 'R1150', 'R1170']","['2026-07-02_R1140_01', '2026-07-02_R1150_01', '2026-07-02_R1170_01']","['R1140', 'R1150', 'R1170']",True,2026-07-02,True,True,2026-07-02_R1150_01,2026-07-02,R1150,1,7,assigned_manual_window,True,0.0,False,7,-83.816,39.6,2026-07-02 12:15:25+02:00,2026-07-02 12:15:25+02:00,2026-07-02 12:17:22+02:00,False,False,2026-07-02 12:20:50+02:00,32,49,17,0,1029,1077,0.6530612244897959,0.3469387755102041,0.3469387755102041,group_7
24E124445E318071,24E124FFFEFE11C4,868300000,SF7BW125, -104/-5.8,34,1065,UpCnf,2026-07-02 10:16:57+00:00,"Dev Addr/Multicast Addr: 06792e51
GwEUI: 24E124FFFEFE11C4
AppEUI: 24E124C0002A0001
Device EUI/Group Name: 24E124445E318071
Class Type: Class C
Immediately: -
Timestamp: 1089239057
Type: UpCnf
Adr: false
AdrAcKReq: false
Ack: false
Fcnt: 1065
Port: 86
Modulation: LORA
Bandwidth: 125
SpreadFactor: 7
Bitrate: 0
CodeRate: 4/5
SNR: -5.8
RSSI: -104
Power: -
Payload(b64): Q1VTVE9NTUVTU0FHRVRFU1RGT1JHUklEQUNUSVZBVElPTg==
Payload(hex): 435553544f4d4d45535341474554455354464f524752494441435449564154494f4e
JSON: {""text"":""CUSTOMMESSAGETESTFORGRIDACTIVATION""}
MIC: 33b4bf7e","02-07-r1140,1150,1170.csv",,"02-07-r1140,1150,1170",1140,,"[1140, 1150, 1170]","[1140, 1150, 1170]","['R1140', 'R1150', 'R1170']",2026-07-02,2026-07-02 12:16:57+02:00,-104.0,-5.8,06792e51,24E124FFFEFE11C4,24E124C0002A0001,24E124445E318071,Class C,-,1089239057,UpCnf,false,false,false,1065,86,LORA,125,7,0,4/5,-5.8,-104,-,Q1VTVE9NTUVTU0FHRVRFU1RGT1JHUklEQUNUSVZBVElPTg==,435553544f4d4d45535341474554455354464f524752494441435449564154494f4e,"{""text"":""CUSTOMMESSAGETESTFORGRIDACTIVATION""}",33b4bf7e,86.0,435553544f4d4d45535341474554455354464f524752494441435449564154494f4e,{'text': 'CUSTOMMESSAGETESTFORGRIDACTIVATION'},,CUSTOMMESSAGETESTFORGRIDACTIVATION,"['R1140', 'R1150', 'R1170']",R1140,"['R1140', 'R1150', 'R1170']","['2026-07-02_R1140_01', '2026-07-02_R1150_01', '2026-07-02_R1170_01']","['R1140', 'R1150', 'R1170']",True,2026-07-02,True,True,2026-07-02_R1150_01,2026-07-02,R1150,1,7,assigned_manual_window,True,0.0,False,7,-83.816,39.6,2026-07-02 12:15:25+02:00,2026-07-02 12:15:25+02:00,2026-07-02 12:17:22+02:00,False,False,2026-07-02 12:20:50+02:00,32,49,17,0,1029,1077,0.6530612244897959,0.3469387755102041,0.3469387755102041,group_7
24E124445E318071,24E124FFFEFE11C4,868300000,SF7BW125, -106/-1.5,34,1066,UpCnf,2026-07-02 10:16:58+00:00,"Dev Addr/Multicast Addr: 06792e51
GwEUI: 24E124FFFEFE11C4
AppEUI: 24E124C0002A0001
Device EUI/Group Name: 24E124445E318071
Class Type: Class C
Immediately: -
Timestamp: 1090573540
Type: UpCnf
Adr: false
AdrAcKReq: false
Ack: false
Fcnt: 1066
Port: 86
Modulation: LORA
Bandwidth: 125
SpreadFactor: 7
Bitrate: 0
CodeRate: 4/5
SNR: -1.5
RSSI: -106
Power: -
Payload(b64): Q1VTVE9NTUVTU0FHRVRFU1RGT1JHUklEQUNUSVZBVElPTg==
Payload(hex): 435553544f4d4d45535341474554455354464f524752494441435449564154494f4e
JSON: {""text"":""CUSTOMMESSAGETESTFORGRIDACTIVATION""}
MIC: c139cb89","02-07-r1140,1150,1170.csv",,"02-07-r1140,1150,1170",1140,,"[1140, 1150, 1170]","[1140, 1150, 1170]","['R1140', 'R1150', 'R1170']",2026-07-02,2026-07-02 12:16:58+02:00,-106.0,-1.5,06792e51,24E124FFFEFE11C4,24E124C0002A0001,24E124445E318071,Class C,-,1090573540,UpCnf,false,false,false,1066,86,LORA,125,7,0,4/5,-1.5,-106,-,Q1VTVE9NTUVTU0FHRVRFU1RGT1JHUklEQUNUSVZBVElPTg==,435553544f4d4d45535341474554455354464f524752494441435449564154494f4e,"{""text"":""CUSTOMMESSAGETESTFORGRIDACTIVATION""}",c139cb89,86.0,435553544f4d4d45535341474554455354464f524752494441435449564154494f4e,{'text': 'CUSTOMMESSAGETESTFORGRIDACTIVATION'},,CUSTOMMESSAGETESTFORGRIDACTIVATION,"['R1140', 'R1150', 'R1170']",R1140,"['R1140', 'R1150', 'R1170']","['2026-07-02_R1140_01', '2026-07-02_R1150_01', '2026-07-02_R1170_01']","['R1140', 'R1150', 'R1170']",True,2026-07-02,True,True,2026-07-02_R1150_01,2026-07-02,R1150,1,7,assigned_manual_window,True,0.0,False,7,-83.816,39.6,2026-07-02 12:15:25+02:00,2026-07-02 12:15:25+02:00,2026-07-02 12:17:22+02:00,False,False,2026-07-02 12:20:50+02:00,32,49,17,0,1029,1077,0.6530612244897959,0.3469387755102041,0.3469387755102041,group_7
24E124445E318071,24E124FFFEFE11C4,868100000,SF7BW125, -102/4.5,34,1067,UpCnf,2026-07-02 10:17:00+00:00,"Dev Addr/Multicast Addr: 06792e51
GwEUI: 24E124FFFEFE11C4
AppEUI: 24E124C0002A0001
Device EUI/Group Name: 24E124445E318071
Class Type: Class C
Immediately: -
Timestamp: 1092158024
Type: UpCnf
Adr: false
AdrAcKReq: false
Ack: false
Fcnt: 1067
Port: 86
Modulation: LORA
Bandwidth: 125
SpreadFactor: 7
Bitrate: 0
CodeRate: 4/5
SNR: 4.5
RSSI: -102
Power: -
Payload(b64): Q1VTVE9NTUVTU0FHRVRFU1RGT1JHUklEQUNUSVZBVElPTg==
Payload(hex): 435553544f4d4d45535341474554455354464f524752494441435449564154494f4e
JSON: {""text"":""CUSTOMMESSAGETESTFORGRIDACTIVATION""}
MIC: 45c5d98e","02-07-r1140,1150,1170.csv",,"02-07-r1140,1150,1170",1140,,"[1140, 1150, 1170]","[1140, 1150, 1170]","['R1140', 'R1150', 'R1170']",2026-07-02,2026-07-02 12:17:00+02:00,-102.0,4.5,06792e51,24E124FFFEFE11C4,24E124C0002A0001,24E124445E318071,Class C,-,1092158024,UpCnf,false,false,false,1067,86,LORA,125,7,0,4/5,4.5,-102,-,Q1VTVE9NTUVTU0FHRVRFU1RGT1JHUklEQUNUSVZBVElPTg==,435553544f4d4d45535341474554455354464f524752494441435449564154494f4e,"{""text"":""CUSTOMMESSAGETESTFORGRIDACTIVATION""}",45c5d98e,86.0,435553544f4d4d45535341474554455354464f524752494441435449564154494f4e,{'text': 'CUSTOMMESSAGETESTFORGRIDACTIVATION'},,CUSTOMMESSAGETESTFORGRIDACTIVATION,"['R1140', 'R1150', 'R1170']",R1140,"['R1140', 'R1150', 'R1170']","['2026-07-02_R1140_01', '2026-07-02_R1150_01', '2026-07-02_R1170_01']","['R1140', 'R1150', 'R1170']",True,2026-07-02,True,True,2026-07-02_R1150_01,2026-07-02,R1150,1,7,assigned_manual_window,True,0.0,False,7,-83.816,39.6,2026-07-02 12:15:25+02:00,2026-07-02 12:15:25+02:00,2026-07-02 12:17:22+02:00,False,False,2026-07-02 12:20:50+02:00,32,49,17,0,1029,1077,0.6530612244897959,0.3469387755102041,0.3469387755102041,group_7
24E124445E318071,24E124FFFEFE11C4,868100000,SF7BW125, -104/-1.0,34,1068,UpCnf,2026-07-02 10:17:02+00:00,"Dev Addr/Multicast Addr: 06792e51
GwEUI: 24E124FFFEFE11C4
AppEUI: 24E124C0002A0001
Device EUI/Group Name: 24E124445E318071
Class Type: Class C
Immediately: -
Timestamp: 1094200060
Type: UpCnf
Adr: false
AdrAcKReq: false
Ack: false
Fcnt: 1068
Port: 86
Modulation: LORA
Bandwidth: 125
SpreadFactor: 7
Bitrate: 0
CodeRate: 4/5
SNR: -1.0
RSSI: -104
Power: -
Payload(b64): Q1VTVE9NTUVTU0FHRVRFU1RGT1JHUklEQUNUSVZBVElPTg==
Payload(hex): 435553544f4d4d45535341474554455354464f524752494441435449564154494f4e
JSON: {""text"":""CUSTOMMESSAGETESTFORGRIDACTIVATION""}
MIC: f1f45ff6","02-07-r1140,1150,1170.csv",,"02-07-r1140,1150,1170",1140,,"[1140, 1150, 1170]","[1140, 1150, 1170]","['R1140', 'R1150', 'R1170']",2026-07-02,2026-07-02 12:17:02+02:00,-104.0,-1.0,06792e51,24E124FFFEFE11C4,24E124C0002A0001,24E124445E318071,Class C,-,1094200060,UpCnf,false,false,false,1068,86,LORA,125,7,0,4/5,-1.0,-104,-,Q1VTVE9NTUVTU0FHRVRFU1RGT1JHUklEQUNUSVZBVElPTg==,435553544f4d4d45535341474554455354464f524752494441435449564154494f4e,"{""text"":""CUSTOMMESSAGETESTFORGRIDACTIVATION""}",f1f45ff6,86.0,435553544f4d4d45535341474554455354464f524752494441435449564154494f4e,{'text': 'CUSTOMMESSAGETESTFORGRIDACTIVATION'},,CUSTOMMESSAGETESTFORGRIDACTIVATION,"['R1140', 'R1150', 'R1170']",R1140,"['R1140', 'R1150', 'R1170']","['2026-07-02_R1140_01', '2026-07-02_R1150_01', '2026-07-02_R1170_01']","['R1140', 'R1150', 'R1170']",True,2026-07-02,True,True,2026-07-02_R1150_01,2026-07-02,R1150,1,7,assigned_manual_window,True,0.0,False,7,-83.816,39.6,2026-07-02 12:15:25+02:00,2026-07-02 12:15:25+02:00,2026-07-02 12:17:22+02:00,False,False,2026-07-02 12:20:50+02:00,32,49,17,0,1029,1077,0.6530612244897959,0.3469387755102041,0.3469387755102041,group_7
24E124445E318071,24E124FFFEFE11C4,868300000,SF7BW125, -103/3.0,34,1069,UpCnf,2026-07-02 10:17:03+00:00,"Dev Addr/Multicast Addr: 06792e51
GwEUI: 24E124FFFEFE11C4
AppEUI: 24E124C0002A0001
Device EUI/Group Name: 24E124445E318071
Class Type: Class C
Immediately: -
Timestamp: 1095478029
Type: UpCnf
Adr: false
AdrAcKReq: false
Ack: false
Fcnt: 1069
Port: 86
Modulation: LORA
Bandwidth: 125
SpreadFactor: 7
Bitrate: 0
CodeRate: 4/5
SNR: 3.0
RSSI: -103
Power: -
Payload(b64): Q1VTVE9NTUVTU0FHRVRFU1RGT1JHUklEQUNUSVZBVElPTg==
Payload(hex): 435553544f4d4d45535341474554455354464f524752494441435449564154494f4e
JSON: {""text"":""CUSTOMMESSAGETESTFORGRIDACTIVATION""}
MIC: a55d504c","02-07-r1140,1150,1170.csv",,"02-07-r1140,1150,1170",1140,,"[1140, 1150, 1170]","[1140, 1150, 1170]","['R1140', 'R1150', 'R1170']",2026-07-02,2026-07-02 12:17:03+02:00,-103.0,3.0,06792e51,24E124FFFEFE11C4,24E124C0002A0001,24E124445E318071,Class C,-,1095478029,UpCnf,false,false,false,1069,86,LORA,125,7,0,4/5,3.0,-103,-,Q1VTVE9NTUVTU0FHRVRFU1RGT1JHUklEQUNUSVZBVElPTg==,435553544f4d4d45535341474554455354464f524752494441435449564154494f4e,"{""text"":""CUSTOMMESSAGETESTFORGRIDACTIVATION""}",a55d504c,86.0,435553544f4d4d45535341474554455354464f524752494441435449564154494f4e,{'text': 'CUSTOMMESSAGETESTFORGRIDACTIVATION'},,CUSTOMMESSAGETESTFORGRIDACTIVATION,"['R1140', 'R1150', 'R1170']",R1140,"['R1140', 'R1150', 'R1170']","['2026-07-02_R1140_01', '2026-07-02_R1150_01', '2026-07-02_R1170_01']","['R1140', 'R1150', 'R1170']",True,2026-07-02,True,True,2026-07-02_R1150_01,2026-07-02,R1150,1,7,assigned_manual_window,True,0.0,False,7,-83.816,39.6,2026-07-02 12:15:25+02:00,2026-07-02 12:15:25+02:00,2026-07-02 12:17:22+02:00,False,False,2026-07-02 12:20:50+02:00,32,49,17,0,1029,1077,0.6530612244897959,0.3469387755102041,0.3469387755102041,group_7
24E124445E318071,24E124FFFEFE11C4,868500000,SF7BW125, -100/-4.8,34,1070,UpCnf,2026-07-02 10:17:05+00:00,"Dev Addr/Multicast Addr: 06792e51
GwEUI: 24E124FFFEFE11C4
AppEUI: 24E124C0002A0001
Device EUI/Group Name: 24E124445E318071
Class Type: Class C
Immediately: -
Timestamp: 1096914532
Type: UpCnf
Adr: false
AdrAcKReq: false
Ack: false
Fcnt: 1070
Port: 86
Modulation: LORA
Bandwidth: 125
SpreadFactor: 7
Bitrate: 0
CodeRate: 4/5
SNR: -4.8
RSSI: -100
Power: -
Payload(b64): Q1VTVE9NTUVTU0FHRVRFU1RGT1JHUklEQUNUSVZBVElPTg==
Payload(hex): 435553544f4d4d45535341474554455354464f524752494441435449564154494f4e
JSON: {""text"":""CUSTOMMESSAGETESTFORGRIDACTIVATION""}
MIC: 21f8e997","02-07-r1140,1150,1170.csv",,"02-07-r1140,1150,1170",1140,,"[1140, 1150, 1170]","[1140, 1150, 1170]","['R1140', 'R1150', 'R1170']",2026-07-02,2026-07-02 12:17:05+02:00,-100.0,-4.8,06792e51,24E124FFFEFE11C4,24E124C0002A0001,24E124445E318071,Class C,-,1096914532,UpCnf,false,false,false,1070,86,LORA,125,7,0,4/5,-4.8,-100,-,Q1VTVE9NTUVTU0FHRVRFU1RGT1JHUklEQUNUSVZBVElPTg==,435553544f4d4d45535341474554455354464f524752494441435449564154494f4e,"{""text"":""CUSTOMMESSAGETESTFORGRIDACTIVATION""}",21f8e997,86.0,435553544f4d4d45535341474554455354464f524752494441435449564154494f4e,{'text': 'CUSTOMMESSAGETESTFORGRIDACTIVATION'},,CUSTOMMESSAGETESTFORGRIDACTIVATION,"['R1140', 'R1150', 'R1170']",R1140,"['R1140', 'R1150', 'R1170']","['2026-07-02_R1140_01', '2026-07-02_R1150_01', '2026-07-02_R1170_01']","['R1140', 'R1150', 'R1170']",True,2026-07-02,True,True,2026-07-02_R1150_01,2026-07-02,R1150,1,7,assigned_manual_window,True,0.0,False,7,-83.816,39.6,2026-07-02 12:15:25+02:00,2026-07-02 12:15:25+02:00,2026-07-02 12:17:22+02:00,False,False,2026-07-02 12:20:50+02:00,32,49,17,0,1029,1077,0.6530612244897959,0.3469387755102041,0.3469387755102041,group_7
24E124445E318071,24E124FFFEFE11C4,868300000,SF7BW125, -104/1.5,34,1071,UpCnf,2026-07-02 10:17:06+00:00,"Dev Addr/Multicast Addr: 06792e51
GwEUI: 24E124FFFEFE11C4
AppEUI: 24E124C0002A0001
Device EUI/Group Name: 24E124445E318071
Class Type: Class C
Immediately: -
Timestamp: 1098219964
Type: UpCnf
Adr: false
AdrAcKReq: false
Ack: false
Fcnt: 1071
Port: 86
Modulation: LORA
Bandwidth: 125
SpreadFactor: 7
Bitrate: 0
CodeRate: 4/5
SNR: 1.5
RSSI: -104
Power: -
Payload(b64): Q1VTVE9NTUVTU0FHRVRFU1RGT1JHUklEQUNUSVZBVElPTg==
Payload(hex): 435553544f4d4d45535341474554455354464f524752494441435449564154494f4e
JSON: {""text"":""CUSTOMMESSAGETESTFORGRIDACTIVATION""}
MIC: 11670f23","02-07-r1140,1150,1170.csv",,"02-07-r1140,1150,1170",1140,,"[1140, 1150, 1170]","[1140, 1150, 1170]","['R1140', 'R1150', 'R1170']",2026-07-02,2026-07-02 12:17:06+02:00,-104.0,1.5,06792e51,24E124FFFEFE11C4,24E124C0002A0001,24E124445E318071,Class C,-,1098219964,UpCnf,false,false,false,1071,86,LORA,125,7,0,4/5,1.5,-104,-,Q1VTVE9NTUVTU0FHRVRFU1RGT1JHUklEQUNUSVZBVElPTg==,435553544f4d4d45535341474554455354464f524752494441435449564154494f4e,"{""text"":""CUSTOMMESSAGETESTFORGRIDACTIVATION""}",11670f23,86.0,435553544f4d4d45535341474554455354464f524752494441435449564154494f4e,{'text': 'CUSTOMMESSAGETESTFORGRIDACTIVATION'},,CUSTOMMESSAGETESTFORGRIDACTIVATION,"['R1140', 'R1150', 'R1170']",R1140,"['R1140', 'R1150', 'R1170']","['2026-07-02_R1140_01', '2026-07-02_R1150_01', '2026-07-02_R1170_01']","['R1140', 'R1150', 'R1170']",True,2026-07-02,True,True,2026-07-02_R1150_01,2026-07-02,R1150,1,7,assigned_manual_window,True,0.0,False,7,-83.816,39.6,2026-07-02 12:15:25+02:00,2026-07-02 12:15:25+02:00,2026-07-02 12:17:22+02:00,False,False,2026-07-02 12:20:50+02:00,32,49,17,0,1029,1077,0.6530612244897959,0.3469387755102041,0.3469387755102041,group_7
24E124445E318071,24E124FFFEFE11C4,868100000,SF7BW125, -104/1.8,34,1073,UpCnf,2026-07-02 10:17:09+00:00,"Dev Addr/Multicast Addr: 06792e51
GwEUI: 24E124FFFEFE11C4
AppEUI: 24E124C0002A0001
Device EUI/Group Name: 24E124445E318071
Class Type: Class C
Immediately: -
Timestamp: 1101386006
Type: UpCnf
Adr: false
AdrAcKReq: false
Ack: false
Fcnt: 1073
Port: 86
Modulation: LORA
Bandwidth: 125
SpreadFactor: 7
Bitrate: 0
CodeRate: 4/5
SNR: 1.8
RSSI: -104
Power: -
Payload(b64): Q1VTVE9NTUVTU0FHRVRFU1RGT1JHUklEQUNUSVZBVElPTg==
Payload(hex): 435553544f4d4d45535341474554455354464f524752494441435449564154494f4e
JSON: {""text"":""CUSTOMMESSAGETESTFORGRIDACTIVATION""}
MIC: cdb7587f","02-07-r1140,1150,1170.csv",,"02-07-r1140,1150,1170",1140,,"[1140, 1150, 1170]","[1140, 1150, 1170]","['R1140', 'R1150', 'R1170']",2026-07-02,2026-07-02 12:17:09+02:00,-104.0,1.8,06792e51,24E124FFFEFE11C4,24E124C0002A0001,24E124445E318071,Class C,-,1101386006,UpCnf,false,false,false,1073,86,LORA,125,7,0,4/5,1.8,-104,-,Q1VTVE9NTUVTU0FHRVRFU1RGT1JHUklEQUNUSVZBVElPTg==,435553544f4d4d45535341474554455354464f524752494441435449564154494f4e,"{""text"":""CUSTOMMESSAGETESTFORGRIDACTIVATION""}",cdb7587f,86.0,435553544f4d4d45535341474554455354464f524752494441435449564154494f4e,{'text': 'CUSTOMMESSAGETESTFORGRIDACTIVATION'},,CUSTOMMESSAGETESTFORGRIDACTIVATION,"['R1140', 'R1150', 'R1170']",R1140,"['R1140', 'R1150', 'R1170']","['2026-07-02_R1140_01', '2026-07-02_R1150_01', '2026-07-02_R1170_01']","['R1140', 'R1150', 'R1170']",True,2026-07-02,True,True,2026-07-02_R1150_01,2026-07-02,R1150,1,7,assigned_manual_window,True,0.0,False,7,-83.816,39.6,2026-07-02 12:15:25+02:00,2026-07-02 12:15:25+02:00,2026-07-02 12:17:22+02:00,False,False,2026-07-02 12:20:50+02:00,32,49,17,0,1029,1077,0.6530612244897959,0.3469387755102041,0.3469387755102041,group_7
24E124445E318071,24E124FFFEFE11C4,868300000,SF7BW125, -101/5.0,34,1074,UpCnf,2026-07-02 10:17:11+00:00,"Dev Addr/Multicast Addr: 06792e51
GwEUI: 24E124FFFEFE11C4
AppEUI: 24E124C0002A0001
Device EUI/Group Name: 24E124445E318071
Class Type: Class C
Immediately: -
Timestamp: 1102757008
Type: UpCnf
Adr: false
AdrAcKReq: false
Ack: false
Fcnt: 1074
Port: 86
Modulation: LORA
Bandwidth: 125
SpreadFactor: 7
Bitrate: 0
CodeRate: 4/5
SNR: 5.0
RSSI: -101
Power: -
Payload(b64): Q1VTVE9NTUVTU0FHRVRFU1RGT1JHUklEQUNUSVZBVElPTg==
Payload(hex): 435553544f4d4d45535341474554455354464f524752494441435449564154494f4e
JSON: {""text"":""CUSTOMMESSAGETESTFORGRIDACTIVATION""}
MIC: 6e3cf377","02-07-r1140,1150,1170.csv",,"02-07-r1140,1150,1170",1140,,"[1140, 1150, 1170]","[1140, 1150, 1170]","['R1140', 'R1150', 'R1170']",2026-07-02,2026-07-02 12:17:11+02:00,-101.0,5.0,06792e51,24E124FFFEFE11C4,24E124C0002A0001,24E124445E318071,Class C,-,1102757008,UpCnf,false,false,false,1074,86,LORA,125,7,0,4/5,5.0,-101,-,Q1VTVE9NTUVTU0FHRVRFU1RGT1JHUklEQUNUSVZBVElPTg==,435553544f4d4d45535341474554455354464f524752494441435449564154494f4e,"{""text"":""CUSTOMMESSAGETESTFORGRIDACTIVATION""}",6e3cf377,86.0,435553544f4d4d45535341474554455354464f524752494441435449564154494f4e,{'text': 'CUSTOMMESSAGETESTFORGRIDACTIVATION'},,CUSTOMMESSAGETESTFORGRIDACTIVATION,"['R1140', 'R1150', 'R1170']",R1140,"['R1140', 'R1150', 'R1170']","['2026-07-02_R1140_01', '2026-07-02_R1150_01', '2026-07-02_R1170_01']","['R1140', 'R1150', 'R1170']",True,2026-07-02,True,True,2026-07-02_R1150_01,2026-07-02,R1150,1,7,assigned_manual_window,True,0.0,False,7,-83.816,39.6,2026-07-02 12:15:25+02:00,2026-07-02 12:15:25+02:00,2026-07-02 12:17:22+02:00,False,False,2026-07-02 12:20:50+02:00,32,49,17,0,1029,1077,0.6530612244897959,0.3469387755102041,0.3469387755102041,group_7
24E124445E318071,24E124FFFEFE11C4,868300000,SF7BW125, -105/-1.2,34,1076,UpCnf,2026-07-02 10:17:14+00:00,"Dev Addr/Multicast Addr: 06792e51
GwEUI: 24E124FFFEFE11C4
AppEUI: 24E124C0002A0001
Device EUI/Group Name: 24E124445E318071
Class Type: Class C
Immediately: -
Timestamp: 1106341990
Type: UpCnf
Adr: false
AdrAcKReq: false
Ack: false
Fcnt: 1076
Port: 86
Modulation: LORA
Bandwidth: 125
SpreadFactor: 7
Bitrate: 0
CodeRate: 4/5
SNR: -1.2
RSSI: -105
Power: -
Payload(b64): Q1VTVE9NTUVTU0FHRVRFU1RGT1JHUklEQUNUSVZBVElPTg==
Payload(hex): 435553544f4d4d45535341474554455354464f524752494441435449564154494f4e
JSON: {""text"":""CUSTOMMESSAGETESTFORGRIDACTIVATION""}
MIC: 37fb008b","02-07-r1140,1150,1170.csv",,"02-07-r1140,1150,1170",1140,,"[1140, 1150, 1170]","[1140, 1150, 1170]","['R1140', 'R1150', 'R1170']",2026-07-02,2026-07-02 12:17:14+02:00,-105.0,-1.2,06792e51,24E124FFFEFE11C4,24E124C0002A0001,24E124445E318071,Class C,-,1106341990,UpCnf,false,false,false,1076,86,LORA,125,7,0,4/5,-1.2,-105,-,Q1VTVE9NTUVTU0FHRVRFU1RGT1JHUklEQUNUSVZBVElPTg==,435553544f4d4d45535341474554455354464f524752494441435449564154494f4e,"{""text"":""CUSTOMMESSAGETESTFORGRIDACTIVATION""}",37fb008b,86.0,435553544f4d4d45535341474554455354464f524752494441435449564154494f4e,{'text': 'CUSTOMMESSAGETESTFORGRIDACTIVATION'},,CUSTOMMESSAGETESTFORGRIDACTIVATION,"['R1140', 'R1150', 'R1170']",R1140,"['R1140', 'R1150', 'R1170']","['2026-07-02_R1140_01', '2026-07-02_R1150_01', '2026-07-02_R1170_01']","['R1140', 'R1150', 'R1170']",True,2026-07-02,True,True,2026-07-02_R1150_01,2026-07-02,R1150,1,7,assigned_manual_window,True,0.0,False,7,-83.816,39.6,2026-07-02 12:15:25+02:00,2026-07-02 12:15:25+02:00,2026-07-02 12:17:22+02:00,False,False,2026-07-02 12:20:50+02:00,32,49,17,0,1029,1077,0.6530612244897959,0.3469387755102041,0.3469387755102041,group_7
24E124445E318071,24E124FFFEFE11C4,868300000,SF7BW125, -102/1.2,34,1077,UpCnf,2026-07-02 10:17:16+00:00,"Dev Addr/Multicast Addr: 06792e51
GwEUI: 24E124FFFEFE11C4
AppEUI: 24E124C0002A0001
Device EUI/Group Name: 24E124445E318071
Class Type: Class C
Immediately: -
Timestamp: 1107980952
Type: UpCnf
Adr: false
AdrAcKReq: false
Ack: false
Fcnt: 1077
Port: 86
Modulation: LORA
Bandwidth: 125
SpreadFactor: 7
Bitrate: 0
CodeRate: 4/5
SNR: 1.2
RSSI: -102
Power: -
Payload(b64): Q1VTVE9NTUVTU0FHRVRFU1RGT1JHUklEQUNUSVZBVElPTg==
Payload(hex): 435553544f4d4d45535341474554455354464f524752494441435449564154494f4e
JSON: {""text"":""CUSTOMMESSAGETESTFORGRIDACTIVATION""}
MIC: 03673846","02-07-r1140,1150,1170.csv",,"02-07-r1140,1150,1170",1140,,"[1140, 1150, 1170]","[1140, 1150, 1170]","['R1140', 'R1150', 'R1170']",2026-07-02,2026-07-02 12:17:16+02:00,-102.0,1.2,06792e51,24E124FFFEFE11C4,24E124C0002A0001,24E124445E318071,Class C,-,1107980952,UpCnf,false,false,false,1077,86,LORA,125,7,0,4/5,1.2,-102,-,Q1VTVE9NTUVTU0FHRVRFU1RGT1JHUklEQUNUSVZBVElPTg==,435553544f4d4d45535341474554455354464f524752494441435449564154494f4e,"{""text"":""CUSTOMMESSAGETESTFORGRIDACTIVATION""}",03673846,86.0,435553544f4d4d45535341474554455354464f524752494441435449564154494f4e,{'text': 'CUSTOMMESSAGETESTFORGRIDACTIVATION'},,CUSTOMMESSAGETESTFORGRIDACTIVATION,"['R1140', 'R1150', 'R1170']",R1140,"['R1140', 'R1150', 'R1170']","['2026-07-02_R1140_01', '2026-07-02_R1150_01', '2026-07-02_R1170_01']","['R1140', 'R1150', 'R1170']",True,2026-07-02,True,True,2026-07-02_R1150_01,2026-07-02,R1150,1,7,assigned_manual_window,True,0.0,False,7,-83.816,39.6,2026-07-02 12:15:25+02:00,2026-07-02 12:15:25+02:00,2026-07-02 12:17:22+02:00,False,False,2026-07-02 12:20:50+02:00,32,49,17,0,1029,1077,0.6530612244897959,0.3469387755102041,0.3469387755102041,group_7
24E124445E318071,24E124FFFEFE11C4,868100000,SF7BW125, -98/7.0,34,1219,UpCnf,2026-07-02 10:28:08+00:00,"Dev Addr/Multicast Addr: 06792e51
GwEUI: 24E124FFFEFE11C4
AppEUI: 24E124C0002A0001
Device EUI/Group Name: 24E124445E318071
Class Type: Class C
Immediately: -
Timestamp: 1760488758
Type: UpCnf
Adr: false
AdrAcKReq: false
Ack: false
Fcnt: 1219
Port: 86
Modulation: LORA
Bandwidth: 125
SpreadFactor: 7
Bitrate: 0
CodeRate: 4/5
SNR: 7.0
RSSI: -98
Power: -
Payload(b64): Q1VTVE9NTUVTU0FHRVRFU1RGT1JHUklEQUNUSVZBVElPTg==
Payload(hex): 435553544f4d4d45535341474554455354464f524752494441435449564154494f4e
JSON: {""text"":""CUSTOMMESSAGETESTFORGRIDACTIVATION""}
MIC: d192d3e7","02-07-r1140,1150,1170.csv",,"02-07-r1140,1150,1170",1140,,"[1140, 1150, 1170]","[1140, 1150, 1170]","['R1140', 'R1150', 'R1170']",2026-07-02,2026-07-02 12:28:08+02:00,-98.0,7.0,06792e51,24E124FFFEFE11C4,24E124C0002A0001,24E124445E318071,Class C,-,1760488758,UpCnf,false,false,false,1219,86,LORA,125,7,0,4/5,7.0,-98,-,Q1VTVE9NTUVTU0FHRVRFU1RGT1JHUklEQUNUSVZBVElPTg==,435553544f4d4d45535341474554455354464f524752494441435449564154494f4e,"{""text"":""CUSTOMMESSAGETESTFORGRIDACTIVATION""}",d192d3e7,86.0,435553544f4d4d45535341474554455354464f524752494441435449564154494f4e,{'text': 'CUSTOMMESSAGETESTFORGRIDACTIVATION'},,CUSTOMMESSAGETESTFORGRIDACTIVATION,"['R1140', 'R1150', 'R1170']",R1140,"['R1140', 'R1150', 'R1170']","['2026-07-02_R1140_01', '2026-07-02_R1150_01', '2026-07-02_R1170_01']","['R1140', 'R1150', 'R1170']",True,2026-07-02,True,True,2026-07-02_R1170_01,2026-07-02,R1170,1,7,assigned_manual_window,True,0.0,False,7,-83.816,17.6,2026-07-02 12:28:00+02:00,2026-07-02 12:28:00+02:00,2026-07-02 12:30:10+02:00,False,False,2026-07-02 12:34:00+02:00,35,61,26,0,1219,1279,0.5737704918032787,0.4262295081967213,0.4262295081967213,group_7
24E124445E318071,24E124FFFEFE11C4,868100000,SF7BW125, -99/5.0,34,1222,UpCnf,2026-07-02 10:28:14+00:00,"Dev Addr/Multicast Addr: 06792e51
GwEUI: 24E124FFFEFE11C4
AppEUI: 24E124C0002A0001
Device EUI/Group Name: 24E124445E318071
Class Type: Class C
Immediately: -
Timestamp: 1766603672
Type: UpCnf
Adr: false
AdrAcKReq: false
Ack: false
Fcnt: 1222
Port: 86
Modulation: LORA
Bandwidth: 125
SpreadFactor: 7
Bitrate: 0
CodeRate: 4/5
SNR: 5.0
RSSI: -99
Power: -
Payload(b64): Q1VTVE9NTUVTU0FHRVRFU1RGT1JHUklEQUNUSVZBVElPTg==
Payload(hex): 435553544f4d4d45535341474554455354464f524752494441435449564154494f4e
JSON: {""text"":""CUSTOMMESSAGETESTFORGRIDACTIVATION""}
MIC: e8596812","02-07-r1140,1150,1170.csv",,"02-07-r1140,1150,1170",1140,,"[1140, 1150, 1170]","[1140, 1150, 1170]","['R1140', 'R1150', 'R1170']",2026-07-02,2026-07-02 12:28:14+02:00,-99.0,5.0,06792e51,24E124FFFEFE11C4,24E124C0002A0001,24E124445E318071,Class C,-,1766603672,UpCnf,false,false,false,1222,86,LORA,125,7,0,4/5,5.0,-99,-,Q1VTVE9NTUVTU0FHRVRFU1RGT1JHUklEQUNUSVZBVElPTg==,435553544f4d4d45535341474554455354464f524752494441435449564154494f4e,"{""text"":""CUSTOMMESSAGETESTFORGRIDACTIVATION""}",e8596812,86.0,435553544f4d4d45535341474554455354464f524752494441435449564154494f4e,{'text': 'CUSTOMMESSAGETESTFORGRIDACTIVATION'},,CUSTOMMESSAGETESTFORGRIDACTIVATION,"['R1140', 'R1150', 'R1170']",R1140,"['R1140', 'R1150', 'R1170']","['2026-07-02_R1140_01', '2026-07-02_R1150_01', '2026-07-02_R1170_01']","['R1140', 'R1150', 'R1170']",True,2026-07-02,True,True,2026-07-02_R1170_01,2026-07-02,R1170,1,7,assigned_manual_window,True,0.0,False,7,-83.816,17.6,2026-07-02 12:28:00+02:00,2026-07-02 12:28:00+02:00,2026-07-02 12:30:10+02:00,False,False,2026-07-02 12:34:00+02:00,35,61,26,0,1219,1279,0.5737704918032787,0.4262295081967213,0.4262295081967213,group_7
24E124445E318071,24E124FFFEFE11C4,868300000,SF7BW125, -98/6.2,34,1223,UpCnf,2026-07-02 10:28:16+00:00,"Dev Addr/Multicast Addr: 06792e51
GwEUI: 24E124FFFEFE11C4
AppEUI: 24E124C0002A0001
Device EUI/Group Name: 24E124445E318071
Class Type: Class C
Immediately: -
Timestamp: 1768275712
Type: UpCnf
Adr: false
AdrAcKReq: false
Ack: false
Fcnt: 1223
Port: 86
Modulation: LORA
Bandwidth: 125
SpreadFactor: 7
Bitrate: 0
CodeRate: 4/5
SNR: 6.2
RSSI: -98
Power: -
Payload(b64): Q1VTVE9NTUVTU0FHRVRFU1RGT1JHUklEQUNUSVZBVElPTg==
Payload(hex): 435553544f4d4d45535341474554455354464f524752494441435449564154494f4e
JSON: {""text"":""CUSTOMMESSAGETESTFORGRIDACTIVATION""}
MIC: ef24e3d3","02-07-r1140,1150,1170.csv",,"02-07-r1140,1150,1170",1140,,"[1140, 1150, 1170]","[1140, 1150, 1170]","['R1140', 'R1150', 'R1170']",2026-07-02,2026-07-02 12:28:16+02:00,-98.0,6.2,06792e51,24E124FFFEFE11C4,24E124C0002A0001,24E124445E318071,Class C,-,1768275712,UpCnf,false,false,false,1223,86,LORA,125,7,0,4/5,6.2,-98,-,Q1VTVE9NTUVTU0FHRVRFU1RGT1JHUklEQUNUSVZBVElPTg==,435553544f4d4d45535341474554455354464f524752494441435449564154494f4e,"{""text"":""CUSTOMMESSAGETESTFORGRIDACTIVATION""}",ef24e3d3,86.0,435553544f4d4d45535341474554455354464f524752494441435449564154494f4e,{'text': 'CUSTOMMESSAGETESTFORGRIDACTIVATION'},,CUSTOMMESSAGETESTFORGRIDACTIVATION,"['R1140', 'R1150', 'R1170']",R1140,"['R1140', 'R1150', 'R1170']","['2026-07-02_R1140_01', '2026-07-02_R1150_01', '2026-07-02_R1170_01']","['R1140', 'R1150', 'R1170']",True,2026-07-02,True,True,2026-07-02_R1170_01,2026-07-02,R1170,1,7,assigned_manual_window,True,0.0,False,7,-83.816,17.6,2026-07-02 12:28:00+02:00,2026-07-02 12:28:00+02:00,2026-07-02 12:30:10+02:00,False,False,2026-07-02 12:34:00+02:00,35,61,26,0,1219,1279,0.5737704918032787,0.4262295081967213,0.4262295081967213,group_7
24E124445E318071,24E124FFFEFE11C4,868300000,SF7BW125, -99/5.8,34,1225,UpCnf,2026-07-02 10:28:19+00:00,"Dev Addr/Multicast Addr: 06792e51
GwEUI: 24E124FFFEFE11C4
AppEUI: 24E124C0002A0001
Device EUI/Group Name: 24E124445E318071
Class Type: Class C
Immediately: -
Timestamp: 1771373697
Type: UpCnf
Adr: false
AdrAcKReq: false
Ack: false
Fcnt: 1225
Port: 86
Modulation: LORA
Bandwidth: 125
SpreadFactor: 7
Bitrate: 0
CodeRate: 4/5
SNR: 5.8
RSSI: -99
Power: -
Payload(b64): Q1VTVE9NTUVTU0FHRVRFU1RGT1JHUklEQUNUSVZBVElPTg==
Payload(hex): 435553544f4d4d45535341474554455354464f524752494441435449564154494f4e
JSON: {""text"":""CUSTOMMESSAGETESTFORGRIDACTIVATION""}
MIC: 9f5ed91e","02-07-r1140,1150,1170.csv",,"02-07-r1140,1150,1170",1140,,"[1140, 1150, 1170]","[1140, 1150, 1170]","['R1140', 'R1150', 'R1170']",2026-07-02,2026-07-02 12:28:19+02:00,-99.0,5.8,06792e51,24E124FFFEFE11C4,24E124C0002A0001,24E124445E318071,Class C,-,1771373697,UpCnf,false,false,false,1225,86,LORA,125,7,0,4/5,5.8,-99,-,Q1VTVE9NTUVTU0FHRVRFU1RGT1JHUklEQUNUSVZBVElPTg==,435553544f4d4d45535341474554455354464f524752494441435449564154494f4e,"{""text"":""CUSTOMMESSAGETESTFORGRIDACTIVATION""}",9f5ed91e,86.0,435553544f4d4d45535341474554455354464f524752494441435449564154494f4e,{'text': 'CUSTOMMESSAGETESTFORGRIDACTIVATION'},,CUSTOMMESSAGETESTFORGRIDACTIVATION,"['R1140', 'R1150', 'R1170']",R1140,"['R1140', 'R1150', 'R1170']","['2026-07-02_R1140_01', '2026-07-02_R1150_01', '2026-07-02_R1170_01']","['R1140', 'R1150', 'R1170']",True,2026-07-02,True,True,2026-07-02_R1170_01,2026-07-02,R1170,1,7,assigned_manual_window,True,0.0,False,7,-83.816,17.6,2026-07-02 12:28:00+02:00,2026-07-02 12:28:00+02:00,2026-07-02 12:30:10+02:00,False,False,2026-07-02 12:34:00+02:00,35,61,26,0,1219,1279,0.5737704918032787,0.4262295081967213,0.4262295081967213,group_7
24E124445E318071,24E124FFFEFE11C4,868300000,SF7BW125, -99/5.8,34,1226,UpCnf,2026-07-02 10:28:21+00:00,"Dev Addr/Multicast Addr: 06792e51
GwEUI: 24E124FFFEFE11C4
AppEUI: 24E124C0002A0001
Device EUI/Group Name: 24E124445E318071
Class Type: Class C
Immediately: -
Timestamp: 1772983689
Type: UpCnf
Adr: false
AdrAcKReq: false
Ack: false
Fcnt: 1226
Port: 86
Modulation: LORA
Bandwidth: 125
SpreadFactor: 7
Bitrate: 0
CodeRate: 4/5
SNR: 5.8
RSSI: -99
Power: -
Payload(b64): Q1VTVE9NTUVTU0FHRVRFU1RGT1JHUklEQUNUSVZBVElPTg==
Payload(hex): 435553544f4d4d45535341474554455354464f524752494441435449564154494f4e
JSON: {""text"":""CUSTOMMESSAGETESTFORGRIDACTIVATION""}
MIC: f9a4e78d","02-07-r1140,1150,1170.csv",,"02-07-r1140,1150,1170",1140,,"[1140, 1150, 1170]","[1140, 1150, 1170]","['R1140', 'R1150', 'R1170']",2026-07-02,2026-07-02 12:28:21+02:00,-99.0,5.8,06792e51,24E124FFFEFE11C4,24E124C0002A0001,24E124445E318071,Class C,-,1772983689,UpCnf,false,false,false,1226,86,LORA,125,7,0,4/5,5.8,-99,-,Q1VTVE9NTUVTU0FHRVRFU1RGT1JHUklEQUNUSVZBVElPTg==,435553544f4d4d45535341474554455354464f524752494441435449564154494f4e,"{""text"":""CUSTOMMESSAGETESTFORGRIDACTIVATION""}",f9a4e78d,86.0,435553544f4d4d45535341474554455354464f524752494441435449564154494f4e,{'text': 'CUSTOMMESSAGETESTFORGRIDACTIVATION'},,CUSTOMMESSAGETESTFORGRIDACTIVATION,"['R1140', 'R1150', 'R1170']",R1140,"['R1140', 'R1150', 'R1170']","['2026-07-02_R1140_01', '2026-07-02_R1150_01', '2026-07-02_R1170_01']","['R1140', 'R1150', 'R1170']",True,2026-07-02,True,True,2026-07-02_R1170_01,2026-07-02,R1170,1,7,assigned_manual_window,True,0.0,False,7,-83.816,17.6,2026-07-02 12:28:00+02:00,2026-07-02 12:28:00+02:00,2026-07-02 12:30:10+02:00,False,False,2026-07-02 12:34:00+02:00,35,61,26,0,1219,1279,0.5737704918032787,0.4262295081967213,0.4262295081967213,group_7
24E124445E318071,24E124FFFEFE11C4,868500000,SF7BW125, -97/1.8,34,1228,UpCnf,2026-07-02 10:28:24+00:00,"Dev Addr/Multicast Addr: 06792e51
GwEUI: 24E124FFFEFE11C4
AppEUI: 24E124C0002A0001
Device EUI/Group Name: 24E124445E318071
Class Type: Class C
Immediately: -
Timestamp: 1775945623
Type: UpCnf
Adr: false
AdrAcKReq: false
Ack: false
Fcnt: 1228
Port: 86
Modulation: LORA
Bandwidth: 125
SpreadFactor: 7
Bitrate: 0
CodeRate: 4/5
SNR: 1.8
RSSI: -97
Power: -
Payload(b64): Q1VTVE9NTUVTU0FHRVRFU1RGT1JHUklEQUNUSVZBVElPTg==
Payload(hex): 435553544f4d4d45535341474554455354464f524752494441435449564154494f4e
JSON: {""text"":""CUSTOMMESSAGETESTFORGRIDACTIVATION""}
MIC: 147dd413","02-07-r1140,1150,1170.csv",,"02-07-r1140,1150,1170",1140,,"[1140, 1150, 1170]","[1140, 1150, 1170]","['R1140', 'R1150', 'R1170']",2026-07-02,2026-07-02 12:28:24+02:00,-97.0,1.8,06792e51,24E124FFFEFE11C4,24E124C0002A0001,24E124445E318071,Class C,-,1775945623,UpCnf,false,false,false,1228,86,LORA,125,7,0,4/5,1.8,-97,-,Q1VTVE9NTUVTU0FHRVRFU1RGT1JHUklEQUNUSVZBVElPTg==,435553544f4d4d45535341474554455354464f524752494441435449564154494f4e,"{""text"":""CUSTOMMESSAGETESTFORGRIDACTIVATION""}",147dd413,86.0,435553544f4d4d45535341474554455354464f524752494441435449564154494f4e,{'text': 'CUSTOMMESSAGETESTFORGRIDACTIVATION'},,CUSTOMMESSAGETESTFORGRIDACTIVATION,"['R1140', 'R1150', 'R1170']",R1140,"['R1140', 'R1150', 'R1170']","['2026-07-02_R1140_01', '2026-07-02_R1150_01', '2026-07-02_R1170_01']","['R1140', 'R1150', 'R1170']",True,2026-07-02,True,True,2026-07-02_R1170_01,2026-07-02,R1170,1,7,assigned_manual_window,True,0.0,False,7,-83.816,17.6,2026-07-02 12:28:00+02:00,2026-07-02 12:28:00+02:00,2026-07-02 12:30:10+02:00,False,False,2026-07-02 12:34:00+02:00,35,61,26,0,1219,1279,0.5737704918032787,0.4262295081967213,0.4262295081967213,group_7
24E124445E318071,24E124FFFEFE11C4,868500000,SF7BW125, -97/1.0,34,1229,UpCnf,2026-07-02 10:28:26+00:00,"Dev Addr/Multicast Addr: 06792e51
GwEUI: 24E124FFFEFE11C4
AppEUI: 24E124C0002A0001
Device EUI/Group Name: 24E124445E318071
Class Type: Class C
Immediately: -
Timestamp: 1777935627
Type: UpCnf
Adr: false
AdrAcKReq: false
Ack: false
Fcnt: 1229
Port: 86
Modulation: LORA
Bandwidth: 125
SpreadFactor: 7
Bitrate: 0
CodeRate: 4/5
SNR: 1.0
RSSI: -97
Power: -
Payload(b64): Q1VTVE9NTUVTU0FHRVRFU1RGT1JHUklEQUNUSVZBVElPTg==
Payload(hex): 435553544f4d4d45535341474554455354464f524752494441435449564154494f4e
JSON: {""text"":""CUSTOMMESSAGETESTFORGRIDACTIVATION""}
MIC: f5aafe59","02-07-r1140,1150,1170.csv",,"02-07-r1140,1150,1170",1140,,"[1140, 1150, 1170]","[1140, 1150, 1170]","['R1140', 'R1150', 'R1170']",2026-07-02,2026-07-02 12:28:26+02:00,-97.0,1.0,06792e51,24E124FFFEFE11C4,24E124C0002A0001,24E124445E318071,Class C,-,1777935627,UpCnf,false,false,false,1229,86,LORA,125,7,0,4/5,1.0,-97,-,Q1VTVE9NTUVTU0FHRVRFU1RGT1JHUklEQUNUSVZBVElPTg==,435553544f4d4d45535341474554455354464f524752494441435449564154494f4e,"{""text"":""CUSTOMMESSAGETESTFORGRIDACTIVATION""}",f5aafe59,86.0,435553544f4d4d45535341474554455354464f524752494441435449564154494f4e,{'text': 'CUSTOMMESSAGETESTFORGRIDACTIVATION'},,CUSTOMMESSAGETESTFORGRIDACTIVATION,"['R1140', 'R1150', 'R1170']",R1140,"['R1140', 'R1150', 'R1170']","['2026-07-02_R1140_01', '2026-07-02_R1150_01', '2026-07-02_R1170_01']","['R1140', 'R1150', 'R1170']",True,2026-07-02,True,True,2026-07-02_R1170_01,2026-07-02,R1170,1,7,assigned_manual_window,True,0.0,False,7,-83.816,17.6,2026-07-02 12:28:00+02:00,2026-07-02 12:28:00+02:00,2026-07-02 12:30:10+02:00,False,False,2026-07-02 12:34:00+02:00,35,61,26,0,1219,1279,0.5737704918032787,0.4262295081967213,0.4262295081967213,group_7
24E124445E318071,24E124FFFEFE11C4,868500000,SF7BW125, -97/1.5,34,1232,UpCnf,2026-07-02 10:28:32+00:00,"Dev Addr/Multicast Addr: 06792e51
GwEUI: 24E124FFFEFE11C4
AppEUI: 24E124C0002A0001
Device EUI/Group Name: 24E124445E318071
Class Type: Class C
Immediately: -
Timestamp: 1783794223
Type: UpCnf
Adr: false
AdrAcKReq: false
Ack: false
Fcnt: 1232
Port: 86
Modulation: LORA
Bandwidth: 125
SpreadFactor: 7
Bitrate: 0
CodeRate: 4/5
SNR: 1.5
RSSI: -97
Power: -
Payload(b64): Q1VTVE9NTUVTU0FHRVRFU1RGT1JHUklEQUNUSVZBVElPTg==
Payload(hex): 435553544f4d4d45535341474554455354464f524752494441435449564154494f4e
JSON: {""text"":""CUSTOMMESSAGETESTFORGRIDACTIVATION""}
MIC: 0008efff","02-07-r1140,1150,1170.csv",,"02-07-r1140,1150,1170",1140,,"[1140, 1150, 1170]","[1140, 1150, 1170]","['R1140', 'R1150', 'R1170']",2026-07-02,2026-07-02 12:28:32+02:00,-97.0,1.5,06792e51,24E124FFFEFE11C4,24E124C0002A0001,24E124445E318071,Class C,-,1783794223,UpCnf,false,false,false,1232,86,LORA,125,7,0,4/5,1.5,-97,-,Q1VTVE9NTUVTU0FHRVRFU1RGT1JHUklEQUNUSVZBVElPTg==,435553544f4d4d45535341474554455354464f524752494441435449564154494f4e,"{""text"":""CUSTOMMESSAGETESTFORGRIDACTIVATION""}",0008efff,86.0,435553544f4d4d45535341474554455354464f524752494441435449564154494f4e,{'text': 'CUSTOMMESSAGETESTFORGRIDACTIVATION'},,CUSTOMMESSAGETESTFORGRIDACTIVATION,"['R1140', 'R1150', 'R1170']",R1140,"['R1140', 'R1150', 'R1170']","['2026-07-02_R1140_01', '2026-07-02_R1150_01', '2026-07-02_R1170_01']","['R1140', 'R1150', 'R1170']",True,2026-07-02,True,True,2026-07-02_R1170_01,2026-07-02,R1170,1,7,assigned_manual_window,True,0.0,False,7,-83.816,17.6,2026-07-02 12:28:00+02:00,2026-07-02 12:28:00+02:00,2026-07-02 12:30:10+02:00,False,False,2026-07-02 12:34:00+02:00,35,61,26,0,1219,1279,0.5737704918032787,0.4262295081967213,0.4262295081967213,group_7
24E124445E318071,24E124FFFEFE11C4,868100000,SF7BW125, -99/6.0,34,1233,UpCnf,2026-07-02 10:28:33+00:00,"Dev Addr/Multicast Addr: 06792e51
GwEUI: 24E124FFFEFE11C4
AppEUI: 24E124C0002A0001
Device EUI/Group Name: 24E124445E318071
Class Type: Class C
Immediately: -
Timestamp: 1785475173
Type: UpCnf
Adr: false
AdrAcKReq: false
Ack: false
Fcnt: 1233
Port: 86
Modulation: LORA
Bandwidth: 125
SpreadFactor: 7
Bitrate: 0
CodeRate: 4/5
SNR: 6.0
RSSI: -99
Power: -
Payload(b64): Q1VTVE9NTUVTU0FHRVRFU1RGT1JHUklEQUNUSVZBVElPTg==
Payload(hex): 435553544f4d4d45535341474554455354464f524752494441435449564154494f4e
JSON: {""text"":""CUSTOMMESSAGETESTFORGRIDACTIVATION""}
MIC: 8575dae4","02-07-r1140,1150,1170.csv",,"02-07-r1140,1150,1170",1140,,"[1140, 1150, 1170]","[1140, 1150, 1170]","['R1140', 'R1150', 'R1170']",2026-07-02,2026-07-02 12:28:33+02:00,-99.0,6.0,06792e51,24E124FFFEFE11C4,24E124C0002A0001,24E124445E318071,Class C,-,1785475173,UpCnf,false,false,false,1233,86,LORA,125,7,0,4/5,6.0,-99,-,Q1VTVE9NTUVTU0FHRVRFU1RGT1JHUklEQUNUSVZBVElPTg==,435553544f4d4d45535341474554455354464f524752494441435449564154494f4e,"{""text"":""CUSTOMMESSAGETESTFORGRIDACTIVATION""}",8575dae4,86.0,435553544f4d4d45535341474554455354464f524752494441435449564154494f4e,{'text': 'CUSTOMMESSAGETESTFORGRIDACTIVATION'},,CUSTOMMESSAGETESTFORGRIDACTIVATION,"['R1140', 'R1150', 'R1170']",R1140,"['R1140', 'R1150', 'R1170']","['2026-07-02_R1140_01', '2026-07-02_R1150_01', '2026-07-02_R1170_01']","['R1140', 'R1150', 'R1170']",True,2026-07-02,True,True,2026-07-02_R1170_01,2026-07-02,R1170,1,7,assigned_manual_window,True,0.0,False,7,-83.816,17.6,2026-07-02 12:28:00+02:00,2026-07-02 12:28:00+02:00,2026-07-02 12:30:10+02:00,False,False,2026-07-02 12:34:00+02:00,35,61,26,0,1219,1279,0.5737704918032787,0.4262295081967213,0.4262295081967213,group_7
24E124445E318071,24E124FFFEFE11C4,868500000,SF7BW125, -98/1.0,34,1235,UpCnf,2026-07-02 10:28:37+00:00,"Dev Addr/Multicast Addr: 06792e51
GwEUI: 24E124FFFEFE11C4
AppEUI: 24E124C0002A0001
Device EUI/Group Name: 24E124445E318071
Class Type: Class C
Immediately: -
Timestamp: 1789472626
Type: UpCnf
Adr: false
AdrAcKReq: false
Ack: false
Fcnt: 1235
Port: 86
Modulation: LORA
Bandwidth: 125
SpreadFactor: 7
Bitrate: 0
CodeRate: 4/5
SNR: 1.0
RSSI: -98
Power: -
Payload(b64): Q1VTVE9NTUVTU0FHRVRFU1RGT1JHUklEQUNUSVZBVElPTg==
Payload(hex): 435553544f4d4d45535341474554455354464f524752494441435449564154494f4e
JSON: {""text"":""CUSTOMMESSAGETESTFORGRIDACTIVATION""}
MIC: 15c924a9","02-07-r1140,1150,1170.csv",,"02-07-r1140,1150,1170",1140,,"[1140, 1150, 1170]","[1140, 1150, 1170]","['R1140', 'R1150', 'R1170']",2026-07-02,2026-07-02 12:28:37+02:00,-98.0,1.0,06792e51,24E124FFFEFE11C4,24E124C0002A0001,24E124445E318071,Class C,-,1789472626,UpCnf,false,false,false,1235,86,LORA,125,7,0,4/5,1.0,-98,-,Q1VTVE9NTUVTU0FHRVRFU1RGT1JHUklEQUNUSVZBVElPTg==,435553544f4d4d45535341474554455354464f524752494441435449564154494f4e,"{""text"":""CUSTOMMESSAGETESTFORGRIDACTIVATION""}",15c924a9,86.0,435553544f4d4d45535341474554455354464f524752494441435449564154494f4e,{'text': 'CUSTOMMESSAGETESTFORGRIDACTIVATION'},,CUSTOMMESSAGETESTFORGRIDACTIVATION,"['R1140', 'R1150', 'R1170']",R1140,"['R1140', 'R1150', 'R1170']","['2026-07-02_R1140_01', '2026-07-02_R1150_01', '2026-07-02_R1170_01']","['R1140', 'R1150', 'R1170']",True,2026-07-02,True,True,2026-07-02_R1170_01,2026-07-02,R1170,1,7,assigned_manual_window,True,0.0,False,7,-83.816,17.6,2026-07-02 12:28:00+02:00,2026-07-02 12:28:00+02:00,2026-07-02 12:30:10+02:00,False,False,2026-07-02 12:34:00+02:00,35,61,26,0,1219,1279,0.5737704918032787,0.4262295081967213,0.4262295081967213,group_7
24E124445E318071,24E124FFFEFE11C4,868300000,SF7BW125, -99/5.8,34,1236,UpCnf,2026-07-02 10:28:39+00:00,"Dev Addr/Multicast Addr: 06792e51
GwEUI: 24E124FFFEFE11C4
AppEUI: 24E124C0002A0001
Device EUI/Group Name: 24E124445E318071
Class Type: Class C
Immediately: -
Timestamp: 1791175636
Type: UpCnf
Adr: false
AdrAcKReq: false
Ack: false
Fcnt: 1236
Port: 86
Modulation: LORA
Bandwidth: 125
SpreadFactor: 7
Bitrate: 0
CodeRate: 4/5
SNR: 5.8
RSSI: -99
Power: -
Payload(b64): Q1VTVE9NTUVTU0FHRVRFU1RGT1JHUklEQUNUSVZBVElPTg==
Payload(hex): 435553544f4d4d45535341474554455354464f524752494441435449564154494f4e
JSON: {""text"":""CUSTOMMESSAGETESTFORGRIDACTIVATION""}
MIC: ffc034e3","02-07-r1140,1150,1170.csv",,"02-07-r1140,1150,1170",1140,,"[1140, 1150, 1170]","[1140, 1150, 1170]","['R1140', 'R1150', 'R1170']",2026-07-02,2026-07-02 12:28:39+02:00,-99.0,5.8,06792e51,24E124FFFEFE11C4,24E124C0002A0001,24E124445E318071,Class C,-,1791175636,UpCnf,false,false,false,1236,86,LORA,125,7,0,4/5,5.8,-99,-,Q1VTVE9NTUVTU0FHRVRFU1RGT1JHUklEQUNUSVZBVElPTg==,435553544f4d4d45535341474554455354464f524752494441435449564154494f4e,"{""text"":""CUSTOMMESSAGETESTFORGRIDACTIVATION""}",ffc034e3,86.0,435553544f4d4d45535341474554455354464f524752494441435449564154494f4e,{'text': 'CUSTOMMESSAGETESTFORGRIDACTIVATION'},,CUSTOMMESSAGETESTFORGRIDACTIVATION,"['R1140', 'R1150', 'R1170']",R1140,"['R1140', 'R1150', 'R1170']","['2026-07-02_R1140_01', '2026-07-02_R1150_01', '2026-07-02_R1170_01']","['R1140', 'R1150', 'R1170']",True,2026-07-02,True,True,2026-07-02_R1170_01,2026-07-02,R1170,1,7,assigned_manual_window,True,0.0,False,7,-83.816,17.6,2026-07-02 12:28:00+02:00,2026-07-02 12:28:00+02:00,2026-07-02 12:30:10+02:00,False,False,2026-07-02 12:34:00+02:00,35,61,26,0,1219,1279,0.5737704918032787,0.4262295081967213,0.4262295081967213,group_7
24E124445E318071,24E124FFFEFE11C4,868500000,SF7BW125, -97/1.5,34,1238,UpCnf,2026-07-02 10:28:43+00:00,"Dev Addr/Multicast Addr: 06792e51
GwEUI: 24E124FFFEFE11C4
AppEUI: 24E124C0002A0001
Device EUI/Group Name: 24E124445E318071
Class Type: Class C
Immediately: -
Timestamp: 1795148565
Type: UpCnf
Adr: false
AdrAcKReq: false
Ack: false
Fcnt: 1238
Port: 86
Modulation: LORA
Bandwidth: 125
SpreadFactor: 7
Bitrate: 0
CodeRate: 4/5
SNR: 1.5
RSSI: -97
Power: -
Payload(b64): Q1VTVE9NTUVTU0FHRVRFU1RGT1JHUklEQUNUSVZBVElPTg==
Payload(hex): 435553544f4d4d45535341474554455354464f524752494441435449564154494f4e
JSON: {""text"":""CUSTOMMESSAGETESTFORGRIDACTIVATION""}
MIC: 6a79d4cd","02-07-r1140,1150,1170.csv",,"02-07-r1140,1150,1170",1140,,"[1140, 1150, 1170]","[1140, 1150, 1170]","['R1140', 'R1150', 'R1170']",2026-07-02,2026-07-02 12:28:43+02:00,-97.0,1.5,06792e51,24E124FFFEFE11C4,24E124C0002A0001,24E124445E318071,Class C,-,1795148565,UpCnf,false,false,false,1238,86,LORA,125,7,0,4/5,1.5,-97,-,Q1VTVE9NTUVTU0FHRVRFU1RGT1JHUklEQUNUSVZBVElPTg==,435553544f4d4d45535341474554455354464f524752494441435449564154494f4e,"{""text"":""CUSTOMMESSAGETESTFORGRIDACTIVATION""}",6a79d4cd,86.0,435553544f4d4d45535341474554455354464f524752494441435449564154494f4e,{'text': 'CUSTOMMESSAGETESTFORGRIDACTIVATION'},,CUSTOMMESSAGETESTFORGRIDACTIVATION,"['R1140', 'R1150', 'R1170']",R1140,"['R1140', 'R1150', 'R1170']","['2026-07-02_R1140_01', '2026-07-02_R1150_01', '2026-07-02_R1170_01']","['R1140', 'R1150', 'R1170']",True,2026-07-02,True,True,2026-07-02_R1170_01,2026-07-02,R1170,1,7,assigned_manual_window,True,0.0,False,7,-83.816,17.6,2026-07-02 12:28:00+02:00,2026-07-02 12:28:00+02:00,2026-07-02 12:30:10+02:00,False,False,2026-07-02 12:34:00+02:00,35,61,26,0,1219,1279,0.5737704918032787,0.4262295081967213,0.4262295081967213,group_7
24E124445E318071,24E124FFFEFE11C4,868100000,SF7BW125, -99/6.0,34,1239,UpCnf,2026-07-02 10:28:45+00:00,"Dev Addr/Multicast Addr: 06792e51
GwEUI: 24E124FFFEFE11C4
AppEUI: 24E124C0002A0001
Device EUI/Group Name: 24E124445E318071
Class Type: Class C
Immediately: -
Timestamp: 1797106617
Type: UpCnf
Adr: false
AdrAcKReq: false
Ack: false
Fcnt: 1239
Port: 86
Modulation: LORA
Bandwidth: 125
SpreadFactor: 7
Bitrate: 0
CodeRate: 4/5
SNR: 6.0
RSSI: -99
Power: -
Payload(b64): Q1VTVE9NTUVTU0FHRVRFU1RGT1JHUklEQUNUSVZBVElPTg==
Payload(hex): 435553544f4d4d45535341474554455354464f524752494441435449564154494f4e
JSON: {""text"":""CUSTOMMESSAGETESTFORGRIDACTIVATION""}
MIC: 6601c0ce","02-07-r1140,1150,1170.csv",,"02-07-r1140,1150,1170",1140,,"[1140, 1150, 1170]","[1140, 1150, 1170]","['R1140', 'R1150', 'R1170']",2026-07-02,2026-07-02 12:28:45+02:00,-99.0,6.0,06792e51,24E124FFFEFE11C4,24E124C0002A0001,24E124445E318071,Class C,-,1797106617,UpCnf,false,false,false,1239,86,LORA,125,7,0,4/5,6.0,-99,-,Q1VTVE9NTUVTU0FHRVRFU1RGT1JHUklEQUNUSVZBVElPTg==,435553544f4d4d45535341474554455354464f524752494441435449564154494f4e,"{""text"":""CUSTOMMESSAGETESTFORGRIDACTIVATION""}",6601c0ce,86.0,435553544f4d4d45535341474554455354464f524752494441435449564154494f4e,{'text': 'CUSTOMMESSAGETESTFORGRIDACTIVATION'},,CUSTOMMESSAGETESTFORGRIDACTIVATION,"['R1140', 'R1150', 'R1170']",R1140,"['R1140', 'R1150', 'R1170']","['2026-07-02_R1140_01', '2026-07-02_R1150_01', '2026-07-02_R1170_01']","['R1140', 'R1150', 'R1170']",True,2026-07-02,True,True,2026-07-02_R1170_01,2026-07-02,R1170,1,7,assigned_manual_window,True,0.0,False,7,-83.816,17.6,2026-07-02 12:28:00+02:00,2026-07-02 12:28:00+02:00,2026-07-02 12:30:10+02:00,False,False,2026-07-02 12:34:00+02:00,35,61,26,0,1219,1279,0.5737704918032787,0.4262295081967213,0.4262295081967213,group_7
24E124445E318071,24E124FFFEFE11C4,868300000,SF7BW125, -95/8.5,34,1242,UpCnf,2026-07-02 10:28:51+00:00,"Dev Addr/Multicast Addr: 06792e51
GwEUI: 24E124FFFEFE11C4
AppEUI: 24E124C0002A0001
Device EUI/Group Name: 24E124445E318071
Class Type: Class C
Immediately: -
Timestamp: 1802811598
Type: UpCnf
Adr: false
AdrAcKReq: false
Ack: false
Fcnt: 1242
Port: 86
Modulation: LORA
Bandwidth: 125
SpreadFactor: 7
Bitrate: 0
CodeRate: 4/5
SNR: 8.5
RSSI: -95
Power: -
Payload(b64): Q1VTVE9NTUVTU0FHRVRFU1RGT1JHUklEQUNUSVZBVElPTg==
Payload(hex): 435553544f4d4d45535341474554455354464f524752494441435449564154494f4e
JSON: {""text"":""CUSTOMMESSAGETESTFORGRIDACTIVATION""}
MIC: a94454f6","02-07-r1140,1150,1170.csv",,"02-07-r1140,1150,1170",1140,,"[1140, 1150, 1170]","[1140, 1150, 1170]","['R1140', 'R1150', 'R1170']",2026-07-02,2026-07-02 12:28:51+02:00,-95.0,8.5,06792e51,24E124FFFEFE11C4,24E124C0002A0001,24E124445E318071,Class C,-,1802811598,UpCnf,false,false,false,1242,86,LORA,125,7,0,4/5,8.5,-95,-,Q1VTVE9NTUVTU0FHRVRFU1RGT1JHUklEQUNUSVZBVElPTg==,435553544f4d4d45535341474554455354464f524752494441435449564154494f4e,"{""text"":""CUSTOMMESSAGETESTFORGRIDACTIVATION""}",a94454f6,86.0,435553544f4d4d45535341474554455354464f524752494441435449564154494f4e,{'text': 'CUSTOMMESSAGETESTFORGRIDACTIVATION'},,CUSTOMMESSAGETESTFORGRIDACTIVATION,"['R1140', 'R1150', 'R1170']",R1140,"['R1140', 'R1150', 'R1170']","['2026-07-02_R1140_01', '2026-07-02_R1150_01', '2026-07-02_R1170_01']","['R1140', 'R1150', 'R1170']",True,2026-07-02,True,True,2026-07-02_R1170_01,2026-07-02,R1170,1,7,assigned_manual_window,True,0.0,False,7,-83.816,17.6,2026-07-02 12:28:00+02:00,2026-07-02 12:28:00+02:00,2026-07-02 12:30:10+02:00,False,False,2026-07-02 12:34:00+02:00,35,61,26,0,1219,1279,0.5737704918032787,0.4262295081967213,0.4262295081967213,group_7
24E124445E318071,24E124FFFEFE11C4,868300000,SF7BW125, -96/8.5,34,1244,UpCnf,2026-07-02 10:28:54+00:00,"Dev Addr/Multicast Addr: 06792e51
GwEUI: 24E124FFFEFE11C4
AppEUI: 24E124C0002A0001
Device EUI/Group Name: 24E124445E318071
Class Type: Class C
Immediately: -
Timestamp: 1806039581
Type: UpCnf
Adr: false
AdrAcKReq: false
Ack: false
Fcnt: 1244
Port: 86
Modulation: LORA
Bandwidth: 125
SpreadFactor: 7
Bitrate: 0
CodeRate: 4/5
SNR: 8.5
RSSI: -96
Power: -
Payload(b64): Q1VTVE9NTUVTU0FHRVRFU1RGT1JHUklEQUNUSVZBVElPTg==
Payload(hex): 435553544f4d4d45535341474554455354464f524752494441435449564154494f4e
JSON: {""text"":""CUSTOMMESSAGETESTFORGRIDACTIVATION""}
MIC: 65f7eaef","02-07-r1140,1150,1170.csv",,"02-07-r1140,1150,1170",1140,,"[1140, 1150, 1170]","[1140, 1150, 1170]","['R1140', 'R1150', 'R1170']",2026-07-02,2026-07-02 12:28:54+02:00,-96.0,8.5,06792e51,24E124FFFEFE11C4,24E124C0002A0001,24E124445E318071,Class C,-,1806039581,UpCnf,false,false,false,1244,86,LORA,125,7,0,4/5,8.5,-96,-,Q1VTVE9NTUVTU0FHRVRFU1RGT1JHUklEQUNUSVZBVElPTg==,435553544f4d4d45535341474554455354464f524752494441435449564154494f4e,"{""text"":""CUSTOMMESSAGETESTFORGRIDACTIVATION""}",65f7eaef,86.0,435553544f4d4d45535341474554455354464f524752494441435449564154494f4e,{'text': 'CUSTOMMESSAGETESTFORGRIDACTIVATION'},,CUSTOMMESSAGETESTFORGRIDACTIVATION,"['R1140', 'R1150', 'R1170']",R1140,"['R1140', 'R1150', 'R1170']","['2026-07-02_R1140_01', '2026-07-02_R1150_01', '2026-07-02_R1170_01']","['R1140', 'R1150', 'R1170']",True,2026-07-02,True,True,2026-07-02_R1170_01,2026-07-02,R1170,1,7,assigned_manual_window,True,0.0,False,7,-83.816,17.6,2026-07-02 12:28:00+02:00,2026-07-02 12:28:00+02:00,2026-07-02 12:30:10+02:00,False,False,2026-07-02 12:34:00+02:00,35,61,26,0,1219,1279,0.5737704918032787,0.4262295081967213,0.4262295081967213,group_7
24E124445E318071,24E124FFFEFE11C4,868300000,SF7BW125, -95/8.8,34,1245,UpCnf,2026-07-02 10:28:55+00:00,"Dev Addr/Multicast Addr: 06792e51
GwEUI: 24E124FFFEFE11C4
AppEUI: 24E124C0002A0001
Device EUI/Group Name: 24E124445E318071
Class Type: Class C
Immediately: -
Timestamp: 1807370599
Type: UpCnf
Adr: false
AdrAcKReq: false
Ack: false
Fcnt: 1245
Port: 86
Modulation: LORA
Bandwidth: 125
SpreadFactor: 7
Bitrate: 0
CodeRate: 4/5
SNR: 8.8
RSSI: -95
Power: -
Payload(b64): Q1VTVE9NTUVTU0FHRVRFU1RGT1JHUklEQUNUSVZBVElPTg==
Payload(hex): 435553544f4d4d45535341474554455354464f524752494441435449564154494f4e
JSON: {""text"":""CUSTOMMESSAGETESTFORGRIDACTIVATION""}
MIC: 3f16dec3","02-07-r1140,1150,1170.csv",,"02-07-r1140,1150,1170",1140,,"[1140, 1150, 1170]","[1140, 1150, 1170]","['R1140', 'R1150', 'R1170']",2026-07-02,2026-07-02 12:28:55+02:00,-95.0,8.8,06792e51,24E124FFFEFE11C4,24E124C0002A0001,24E124445E318071,Class C,-,1807370599,UpCnf,false,false,false,1245,86,LORA,125,7,0,4/5,8.8,-95,-,Q1VTVE9NTUVTU0FHRVRFU1RGT1JHUklEQUNUSVZBVElPTg==,435553544f4d4d45535341474554455354464f524752494441435449564154494f4e,"{""text"":""CUSTOMMESSAGETESTFORGRIDACTIVATION""}",3f16dec3,86.0,435553544f4d4d45535341474554455354464f524752494441435449564154494f4e,{'text': 'CUSTOMMESSAGETESTFORGRIDACTIVATION'},,CUSTOMMESSAGETESTFORGRIDACTIVATION,"['R1140', 'R1150', 'R1170']",R1140,"['R1140', 'R1150', 'R1170']","['2026-07-02_R1140_01', '2026-07-02_R1150_01', '2026-07-02_R1170_01']","['R1140', 'R1150', 'R1170']",True,2026-07-02,True,True,2026-07-02_R1170_01,2026-07-02,R1170,1,7,assigned_manual_window,True,0.0,False,7,-83.816,17.6,2026-07-02 12:28:00+02:00,2026-07-02 12:28:00+02:00,2026-07-02 12:30:10+02:00,False,False,2026-07-02 12:34:00+02:00,35,61,26,0,1219,1279,0.5737704918032787,0.4262295081967213,0.4262295081967213,group_7
24E124445E318071,24E124FFFEFE11C4,868500000,SF7BW125, -95/4.0,34,1248,UpCnf,2026-07-02 10:29:00+00:00,"Dev Addr/Multicast Addr: 06792e51
GwEUI: 24E124FFFEFE11C4
AppEUI: 24E124C0002A0001
Device EUI/Group Name: 24E124445E318071
Class Type: Class C
Immediately: -
Timestamp: 1812273546
Type: UpCnf
Adr: false
AdrAcKReq: false
Ack: false
Fcnt: 1248
Port: 86
Modulation: LORA
Bandwidth: 125
SpreadFactor: 7
Bitrate: 0
CodeRate: 4/5
SNR: 4.0
RSSI: -95
Power: -
Payload(b64): Q1VTVE9NTUVTU0FHRVRFU1RGT1JHUklEQUNUSVZBVElPTg==
Payload(hex): 435553544f4d4d45535341474554455354464f524752494441435449564154494f4e
JSON: {""text"":""CUSTOMMESSAGETESTFORGRIDACTIVATION""}
MIC: af924fcb","02-07-r1140,1150,1170.csv",,"02-07-r1140,1150,1170",1140,,"[1140, 1150, 1170]","[1140, 1150, 1170]","['R1140', 'R1150', 'R1170']",2026-07-02,2026-07-02 12:29:00+02:00,-95.0,4.0,06792e51,24E124FFFEFE11C4,24E124C0002A0001,24E124445E318071,Class C,-,1812273546,UpCnf,false,false,false,1248,86,LORA,125,7,0,4/5,4.0,-95,-,Q1VTVE9NTUVTU0FHRVRFU1RGT1JHUklEQUNUSVZBVElPTg==,435553544f4d4d45535341474554455354464f524752494441435449564154494f4e,"{""text"":""CUSTOMMESSAGETESTFORGRIDACTIVATION""}",af924fcb,86.0,435553544f4d4d45535341474554455354464f524752494441435449564154494f4e,{'text': 'CUSTOMMESSAGETESTFORGRIDACTIVATION'},,CUSTOMMESSAGETESTFORGRIDACTIVATION,"['R1140', 'R1150', 'R1170']",R1140,"['R1140', 'R1150', 'R1170']","['2026-07-02_R1140_01', '2026-07-02_R1150_01', '2026-07-02_R1170_01']","['R1140', 'R1150', 'R1170']",True,2026-07-02,True,True,2026-07-02_R1170_01,2026-07-02,R1170,1,7,assigned_manual_window,True,0.0,False,7,-83.816,17.6,2026-07-02 12:28:00+02:00,2026-07-02 12:28:00+02:00,2026-07-02 12:30:10+02:00,False,False,2026-07-02 12:34:00+02:00,35,61,26,0,1219,1279,0.5737704918032787,0.4262295081967213,0.4262295081967213,group_7
24E124445E318071,24E124FFFEFE11C4,868300000,SF7BW125, -95/9.0,34,1249,UpCnf,2026-07-02 10:29:02+00:00,"Dev Addr/Multicast Addr: 06792e51
GwEUI: 24E124FFFEFE11C4
AppEUI: 24E124C0002A0001
Device EUI/Group Name: 24E124445E318071
Class Type: Class C
Immediately: -
Timestamp: 1814243521
Type: UpCnf
Adr: false
AdrAcKReq: false
Ack: false
Fcnt: 1249
Port: 86
Modulation: LORA
Bandwidth: 125
SpreadFactor: 7
Bitrate: 0
CodeRate: 4/5
SNR: 9.0
RSSI: -95
Power: -
Payload(b64): Q1VTVE9NTUVTU0FHRVRFU1RGT1JHUklEQUNUSVZBVElPTg==
Payload(hex): 435553544f4d4d45535341474554455354464f524752494441435449564154494f4e
JSON: {""text"":""CUSTOMMESSAGETESTFORGRIDACTIVATION""}
MIC: f7c5a35c","02-07-r1140,1150,1170.csv",,"02-07-r1140,1150,1170",1140,,"[1140, 1150, 1170]","[1140, 1150, 1170]","['R1140', 'R1150', 'R1170']",2026-07-02,2026-07-02 12:29:02+02:00,-95.0,9.0,06792e51,24E124FFFEFE11C4,24E124C0002A0001,24E124445E318071,Class C,-,1814243521,UpCnf,false,false,false,1249,86,LORA,125,7,0,4/5,9.0,-95,-,Q1VTVE9NTUVTU0FHRVRFU1RGT1JHUklEQUNUSVZBVElPTg==,435553544f4d4d45535341474554455354464f524752494441435449564154494f4e,"{""text"":""CUSTOMMESSAGETESTFORGRIDACTIVATION""}",f7c5a35c,86.0,435553544f4d4d45535341474554455354464f524752494441435449564154494f4e,{'text': 'CUSTOMMESSAGETESTFORGRIDACTIVATION'},,CUSTOMMESSAGETESTFORGRIDACTIVATION,"['R1140', 'R1150', 'R1170']",R1140,"['R1140', 'R1150', 'R1170']","['2026-07-02_R1140_01', '2026-07-02_R1150_01', '2026-07-02_R1170_01']","['R1140', 'R1150', 'R1170']",True,2026-07-02,True,True,2026-07-02_R1170_01,2026-07-02,R1170,1,7,assigned_manual_window,True,0.0,False,7,-83.816,17.6,2026-07-02 12:28:00+02:00,2026-07-02 12:28:00+02:00,2026-07-02 12:30:10+02:00,False,False,2026-07-02 12:34:00+02:00,35,61,26,0,1219,1279,0.5737704918032787,0.4262295081967213,0.4262295081967213,group_7
24E124445E318071,24E124FFFEFE11C4,868300000,SF7BW125, -95/8.0,34,1252,UpCnf,2026-07-02 10:29:08+00:00,"Dev Addr/Multicast Addr: 06792e51
GwEUI: 24E124FFFEFE11C4
AppEUI: 24E124C0002A0001
Device EUI/Group Name: 24E124445E318071
Class Type: Class C
Immediately: -
Timestamp: 1819864562
Type: UpCnf
Adr: false
AdrAcKReq: false
Ack: false
Fcnt: 1252
Port: 86
Modulation: LORA
Bandwidth: 125
SpreadFactor: 7
Bitrate: 0
CodeRate: 4/5
SNR: 8.0
RSSI: -95
Power: -
Payload(b64): Q1VTVE9NTUVTU0FHRVRFU1RGT1JHUklEQUNUSVZBVElPTg==
Payload(hex): 435553544f4d4d45535341474554455354464f524752494441435449564154494f4e
JSON: {""text"":""CUSTOMMESSAGETESTFORGRIDACTIVATION""}
MIC: 9fddcb1f","02-07-r1140,1150,1170.csv",,"02-07-r1140,1150,1170",1140,,"[1140, 1150, 1170]","[1140, 1150, 1170]","['R1140', 'R1150', 'R1170']",2026-07-02,2026-07-02 12:29:08+02:00,-95.0,8.0,06792e51,24E124FFFEFE11C4,24E124C0002A0001,24E124445E318071,Class C,-,1819864562,UpCnf,false,false,false,1252,86,LORA,125,7,0,4/5,8.0,-95,-,Q1VTVE9NTUVTU0FHRVRFU1RGT1JHUklEQUNUSVZBVElPTg==,435553544f4d4d45535341474554455354464f524752494441435449564154494f4e,"{""text"":""CUSTOMMESSAGETESTFORGRIDACTIVATION""}",9fddcb1f,86.0,435553544f4d4d45535341474554455354464f524752494441435449564154494f4e,{'text': 'CUSTOMMESSAGETESTFORGRIDACTIVATION'},,CUSTOMMESSAGETESTFORGRIDACTIVATION,"['R1140', 'R1150', 'R1170']",R1140,"['R1140', 'R1150', 'R1170']","['2026-07-02_R1140_01', '2026-07-02_R1150_01', '2026-07-02_R1170_01']","['R1140', 'R1150', 'R1170']",True,2026-07-02,True,True,2026-07-02_R1170_01,2026-07-02,R1170,1,7,assigned_manual_window,True,0.0,False,7,-83.816,17.6,2026-07-02 12:28:00+02:00,2026-07-02 12:28:00+02:00,2026-07-02 12:30:10+02:00,False,False,2026-07-02 12:34:00+02:00,35,61,26,0,1219,1279,0.5737704918032787,0.4262295081967213,0.4262295081967213,group_7
24E124445E318071,24E124FFFEFE11C4,868500000,SF7BW125, -95/4.0,34,1253,UpCnf,2026-07-02 10:29:10+00:00,"Dev Addr/Multicast Addr: 06792e51
GwEUI: 24E124FFFEFE11C4
AppEUI: 24E124C0002A0001
Device EUI/Group Name: 24E124445E318071
Class Type: Class C
Immediately: -
Timestamp: 1821850519
Type: UpCnf
Adr: false
AdrAcKReq: false
Ack: false
Fcnt: 1253
Port: 86
Modulation: LORA
Bandwidth: 125
SpreadFactor: 7
Bitrate: 0
CodeRate: 4/5
SNR: 4.0
RSSI: -95
Power: -
Payload(b64): Q1VTVE9NTUVTU0FHRVRFU1RGT1JHUklEQUNUSVZBVElPTg==
Payload(hex): 435553544f4d4d45535341474554455354464f524752494441435449564154494f4e
JSON: {""text"":""CUSTOMMESSAGETESTFORGRIDACTIVATION""}
MIC: 8d1a83f9","02-07-r1140,1150,1170.csv",,"02-07-r1140,1150,1170",1140,,"[1140, 1150, 1170]","[1140, 1150, 1170]","['R1140', 'R1150', 'R1170']",2026-07-02,2026-07-02 12:29:10+02:00,-95.0,4.0,06792e51,24E124FFFEFE11C4,24E124C0002A0001,24E124445E318071,Class C,-,1821850519,UpCnf,false,false,false,1253,86,LORA,125,7,0,4/5,4.0,-95,-,Q1VTVE9NTUVTU0FHRVRFU1RGT1JHUklEQUNUSVZBVElPTg==,435553544f4d4d45535341474554455354464f524752494441435449564154494f4e,"{""text"":""CUSTOMMESSAGETESTFORGRIDACTIVATION""}",8d1a83f9,86.0,435553544f4d4d45535341474554455354464f524752494441435449564154494f4e,{'text': 'CUSTOMMESSAGETESTFORGRIDACTIVATION'},,CUSTOMMESSAGETESTFORGRIDACTIVATION,"['R1140', 'R1150', 'R1170']",R1140,"['R1140', 'R1150', 'R1170']","['2026-07-02_R1140_01', '2026-07-02_R1150_01', '2026-07-02_R1170_01']","['R1140', 'R1150', 'R1170']",True,2026-07-02,True,True,2026-07-02_R1170_01,2026-07-02,R1170,1,7,assigned_manual_window,True,0.0,False,7,-83.816,17.6,2026-07-02 12:28:00+02:00,2026-07-02 12:28:00+02:00,2026-07-02 12:30:10+02:00,False,False,2026-07-02 12:34:00+02:00,35,61,26,0,1219,1279,0.5737704918032787,0.4262295081967213,0.4262295081967213,group_7
24E124445E318071,24E124FFFEFE11C4,868500000,SF7BW125, -95/4.2,34,1255,UpCnf,2026-07-02 10:29:13+00:00,"Dev Addr/Multicast Addr: 06792e51
GwEUI: 24E124FFFEFE11C4
AppEUI: 24E124C0002A0001
Device EUI/Group Name: 24E124445E318071
Class Type: Class C
Immediately: -
Timestamp: 1824879460
Type: UpCnf
Adr: false
AdrAcKReq: false
Ack: false
Fcnt: 1255
Port: 86
Modulation: LORA
Bandwidth: 125
SpreadFactor: 7
Bitrate: 0
CodeRate: 4/5
SNR: 4.2
RSSI: -95
Power: -
Payload(b64): Q1VTVE9NTUVTU0FHRVRFU1RGT1JHUklEQUNUSVZBVElPTg==
Payload(hex): 435553544f4d4d45535341474554455354464f524752494441435449564154494f4e
JSON: {""text"":""CUSTOMMESSAGETESTFORGRIDACTIVATION""}
MIC: 5ab878b7","02-07-r1140,1150,1170.csv",,"02-07-r1140,1150,1170",1140,,"[1140, 1150, 1170]","[1140, 1150, 1170]","['R1140', 'R1150', 'R1170']",2026-07-02,2026-07-02 12:29:13+02:00,-95.0,4.2,06792e51,24E124FFFEFE11C4,24E124C0002A0001,24E124445E318071,Class C,-,1824879460,UpCnf,false,false,false,1255,86,LORA,125,7,0,4/5,4.2,-95,-,Q1VTVE9NTUVTU0FHRVRFU1RGT1JHUklEQUNUSVZBVElPTg==,435553544f4d4d45535341474554455354464f524752494441435449564154494f4e,"{""text"":""CUSTOMMESSAGETESTFORGRIDACTIVATION""}",5ab878b7,86.0,435553544f4d4d45535341474554455354464f524752494441435449564154494f4e,{'text': 'CUSTOMMESSAGETESTFORGRIDACTIVATION'},,CUSTOMMESSAGETESTFORGRIDACTIVATION,"['R1140', 'R1150', 'R1170']",R1140,"['R1140', 'R1150', 'R1170']","['2026-07-02_R1140_01', '2026-07-02_R1150_01', '2026-07-02_R1170_01']","['R1140', 'R1150', 'R1170']",True,2026-07-02,True,True,2026-07-02_R1170_01,2026-07-02,R1170,1,7,assigned_manual_window,True,0.0,False,7,-83.816,17.6,2026-07-02 12:28:00+02:00,2026-07-02 12:28:00+02:00,2026-07-02 12:30:10+02:00,False,False,2026-07-02 12:34:00+02:00,35,61,26,0,1219,1279,0.5737704918032787,0.4262295081967213,0.4262295081967213,group_7
24E124445E318071,24E124FFFEFE11C4,868100000,SF7BW125, -97/8.0,34,1260,UpCnf,2026-07-02 10:29:23+00:00,"Dev Addr/Multicast Addr: 06792e51
GwEUI: 24E124FFFEFE11C4
AppEUI: 24E124C0002A0001
Device EUI/Group Name: 24E124445E318071
Class Type: Class C
Immediately: -
Timestamp: 1834690485
Type: UpCnf
Adr: false
AdrAcKReq: false
Ack: false
Fcnt: 1260
Port: 86
Modulation: LORA
Bandwidth: 125
SpreadFactor: 7
Bitrate: 0
CodeRate: 4/5
SNR: 8.0
RSSI: -97
Power: -
Payload(b64): Q1VTVE9NTUVTU0FHRVRFU1RGT1JHUklEQUNUSVZBVElPTg==
Payload(hex): 435553544f4d4d45535341474554455354464f524752494441435449564154494f4e
JSON: {""text"":""CUSTOMMESSAGETESTFORGRIDACTIVATION""}
MIC: aa912393","02-07-r1140,1150,1170.csv",,"02-07-r1140,1150,1170",1140,,"[1140, 1150, 1170]","[1140, 1150, 1170]","['R1140', 'R1150', 'R1170']",2026-07-02,2026-07-02 12:29:23+02:00,-97.0,8.0,06792e51,24E124FFFEFE11C4,24E124C0002A0001,24E124445E318071,Class C,-,1834690485,UpCnf,false,false,false,1260,86,LORA,125,7,0,4/5,8.0,-97,-,Q1VTVE9NTUVTU0FHRVRFU1RGT1JHUklEQUNUSVZBVElPTg==,435553544f4d4d45535341474554455354464f524752494441435449564154494f4e,"{""text"":""CUSTOMMESSAGETESTFORGRIDACTIVATION""}",aa912393,86.0,435553544f4d4d45535341474554455354464f524752494441435449564154494f4e,{'text': 'CUSTOMMESSAGETESTFORGRIDACTIVATION'},,CUSTOMMESSAGETESTFORGRIDACTIVATION,"['R1140', 'R1150', 'R1170']",R1140,"['R1140', 'R1150', 'R1170']","['2026-07-02_R1140_01', '2026-07-02_R1150_01', '2026-07-02_R1170_01']","['R1140', 'R1150', 'R1170']",True,2026-07-02,True,True,2026-07-02_R1170_01,2026-07-02,R1170,1,7,assigned_manual_window,True,0.0,False,7,-83.816,17.6,2026-07-02 12:28:00+02:00,2026-07-02 12:28:00+02:00,2026-07-02 12:30:10+02:00,False,False,2026-07-02 12:34:00+02:00,35,61,26,0,1219,1279,0.5737704918032787,0.4262295081967213,0.4262295081967213,group_7
24E124445E318071,24E124FFFEFE11C4,868300000,SF7BW125, -96/8.5,34,1262,UpCnf,2026-07-02 10:29:26+00:00,"Dev Addr/Multicast Addr: 06792e51
GwEUI: 24E124FFFEFE11C4
AppEUI: 24E124C0002A0001
Device EUI/Group Name: 24E124445E318071
Class Type: Class C
Immediately: -
Timestamp: 1837759494
Type: UpCnf
Adr: false
AdrAcKReq: false
Ack: false
Fcnt: 1262
Port: 86
Modulation: LORA
Bandwidth: 125
SpreadFactor: 7
Bitrate: 0
CodeRate: 4/5
SNR: 8.5
RSSI: -96
Power: -
Payload(b64): Q1VTVE9NTUVTU0FHRVRFU1RGT1JHUklEQUNUSVZBVElPTg==
Payload(hex): 435553544f4d4d45535341474554455354464f524752494441435449564154494f4e
JSON: {""text"":""CUSTOMMESSAGETESTFORGRIDACTIVATION""}
MIC: 1c169ecd","02-07-r1140,1150,1170.csv",,"02-07-r1140,1150,1170",1140,,"[1140, 1150, 1170]","[1140, 1150, 1170]","['R1140', 'R1150', 'R1170']",2026-07-02,2026-07-02 12:29:26+02:00,-96.0,8.5,06792e51,24E124FFFEFE11C4,24E124C0002A0001,24E124445E318071,Class C,-,1837759494,UpCnf,false,false,false,1262,86,LORA,125,7,0,4/5,8.5,-96,-,Q1VTVE9NTUVTU0FHRVRFU1RGT1JHUklEQUNUSVZBVElPTg==,435553544f4d4d45535341474554455354464f524752494441435449564154494f4e,"{""text"":""CUSTOMMESSAGETESTFORGRIDACTIVATION""}",1c169ecd,86.0,435553544f4d4d45535341474554455354464f524752494441435449564154494f4e,{'text': 'CUSTOMMESSAGETESTFORGRIDACTIVATION'},,CUSTOMMESSAGETESTFORGRIDACTIVATION,"['R1140', 'R1150', 'R1170']",R1140,"['R1140', 'R1150', 'R1170']","['2026-07-02_R1140_01', '2026-07-02_R1150_01', '2026-07-02_R1170_01']","['R1140', 'R1150', 'R1170']",True,2026-07-02,True,True,2026-07-02_R1170_01,2026-07-02,R1170,1,7,assigned_manual_window,True,0.0,False,7,-83.816,17.6,2026-07-02 12:28:00+02:00,2026-07-02 12:28:00+02:00,2026-07-02 12:30:10+02:00,False,False,2026-07-02 12:34:00+02:00,35,61,26,0,1219,1279,0.5737704918032787,0.4262295081967213,0.4262295081967213,group_7
24E124445E318071,24E124FFFEFE11C4,868100000,SF7BW125, -97/6.8,34,1263,UpCnf,2026-07-02 10:29:27+00:00,"Dev Addr/Multicast Addr: 06792e51
GwEUI: 24E124FFFEFE11C4
AppEUI: 24E124C0002A0001
Device EUI/Group Name: 24E124445E318071
Class Type: Class C
Immediately: -
Timestamp: 1839609510
Type: UpCnf
Adr: false
AdrAcKReq: false
Ack: false
Fcnt: 1263
Port: 86
Modulation: LORA
Bandwidth: 125
SpreadFactor: 7
Bitrate: 0
CodeRate: 4/5
SNR: 6.8
RSSI: -97
Power: -
Payload(b64): Q1VTVE9NTUVTU0FHRVRFU1RGT1JHUklEQUNUSVZBVElPTg==
Payload(hex): 435553544f4d4d45535341474554455354464f524752494441435449564154494f4e
JSON: {""text"":""CUSTOMMESSAGETESTFORGRIDACTIVATION""}
MIC: 213d25e2","02-07-r1140,1150,1170.csv",,"02-07-r1140,1150,1170",1140,,"[1140, 1150, 1170]","[1140, 1150, 1170]","['R1140', 'R1150', 'R1170']",2026-07-02,2026-07-02 12:29:27+02:00,-97.0,6.8,06792e51,24E124FFFEFE11C4,24E124C0002A0001,24E124445E318071,Class C,-,1839609510,UpCnf,false,false,false,1263,86,LORA,125,7,0,4/5,6.8,-97,-,Q1VTVE9NTUVTU0FHRVRFU1RGT1JHUklEQUNUSVZBVElPTg==,435553544f4d4d45535341474554455354464f524752494441435449564154494f4e,"{""text"":""CUSTOMMESSAGETESTFORGRIDACTIVATION""}",213d25e2,86.0,435553544f4d4d45535341474554455354464f524752494441435449564154494f4e,{'text': 'CUSTOMMESSAGETESTFORGRIDACTIVATION'},,CUSTOMMESSAGETESTFORGRIDACTIVATION,"['R1140', 'R1150', 'R1170']",R1140,"['R1140', 'R1150', 'R1170']","['2026-07-02_R1140_01', '2026-07-02_R1150_01', '2026-07-02_R1170_01']","['R1140', 'R1150', 'R1170']",True,2026-07-02,True,True,2026-07-02_R1170_01,2026-07-02,R1170,1,7,assigned_manual_window,True,0.0,False,7,-83.816,17.6,2026-07-02 12:28:00+02:00,2026-07-02 12:28:00+02:00,2026-07-02 12:30:10+02:00,False,False,2026-07-02 12:34:00+02:00,35,61,26,0,1219,1279,0.5737704918032787,0.4262295081967213,0.4262295081967213,group_7
24E124445E318071,24E124FFFEFE11C4,868100000,SF7BW125, -104/0.8,34,1265,UpCnf,2026-07-02 10:29:31+00:00,"Dev Addr/Multicast Addr: 06792e51
GwEUI: 24E124FFFEFE11C4
AppEUI: 24E124C0002A0001
Device EUI/Group Name: 24E124445E318071
Class Type: Class C
Immediately: -
Timestamp: 1843595469
Type: UpCnf
Adr: false
AdrAcKReq: false
Ack: false
Fcnt: 1265
Port: 86
Modulation: LORA
Bandwidth: 125
SpreadFactor: 7
Bitrate: 0
CodeRate: 4/5
SNR: 0.8
RSSI: -104
Power: -
Payload(b64): Q1VTVE9NTUVTU0FHRVRFU1RGT1JHUklEQUNUSVZBVElPTg==
Payload(hex): 435553544f4d4d45535341474554455354464f524752494441435449564154494f4e
JSON: {""text"":""CUSTOMMESSAGETESTFORGRIDACTIVATION""}
MIC: 79dc62c0","02-07-r1140,1150,1170.csv",,"02-07-r1140,1150,1170",1140,,"[1140, 1150, 1170]","[1140, 1150, 1170]","['R1140', 'R1150', 'R1170']",2026-07-02,2026-07-02 12:29:31+02:00,-104.0,0.8,06792e51,24E124FFFEFE11C4,24E124C0002A0001,24E124445E318071,Class C,-,1843595469,UpCnf,false,false,false,1265,86,LORA,125,7,0,4/5,0.8,-104,-,Q1VTVE9NTUVTU0FHRVRFU1RGT1JHUklEQUNUSVZBVElPTg==,435553544f4d4d45535341474554455354464f524752494441435449564154494f4e,"{""text"":""CUSTOMMESSAGETESTFORGRIDACTIVATION""}",79dc62c0,86.0,435553544f4d4d45535341474554455354464f524752494441435449564154494f4e,{'text': 'CUSTOMMESSAGETESTFORGRIDACTIVATION'},,CUSTOMMESSAGETESTFORGRIDACTIVATION,"['R1140', 'R1150', 'R1170']",R1140,"['R1140', 'R1150', 'R1170']","['2026-07-02_R1140_01', '2026-07-02_R1150_01', '2026-07-02_R1170_01']","['R1140', 'R1150', 'R1170']",True,2026-07-02,True,True,2026-07-02_R1170_01,2026-07-02,R1170,1,7,assigned_manual_window,True,0.0,False,7,-83.816,17.6,2026-07-02 12:28:00+02:00,2026-07-02 12:28:00+02:00,2026-07-02 12:30:10+02:00,False,False,2026-07-02 12:34:00+02:00,35,61,26,0,1219,1279,0.5737704918032787,0.4262295081967213,0.4262295081967213,group_7
24E124445E318071,24E124FFFEFE11C4,868500000,SF7BW125, -100/-9.0,34,1266,UpCnf,2026-07-02 10:29:33+00:00,"Dev Addr/Multicast Addr: 06792e51
GwEUI: 24E124FFFEFE11C4
AppEUI: 24E124C0002A0001
Device EUI/Group Name: 24E124445E318071
Class Type: Class C
Immediately: -
Timestamp: 1845045296
Type: UpCnf
Adr: false
AdrAcKReq: false
Ack: false
Fcnt: 1266
Port: 86
Modulation: LORA
Bandwidth: 125
SpreadFactor: 7
Bitrate: 0
CodeRate: 4/5
SNR: -9.0
RSSI: -100
Power: -
Payload(b64): Q1VTVE9NTUVTU0FHRVRFU1RGT1JHUklEQUNUSVZBVElPTg==
Payload(hex): 435553544f4d4d45535341474554455354464f524752494441435449564154494f4e
JSON: {""text"":""CUSTOMMESSAGETESTFORGRIDACTIVATION""}
MIC: c6796907","02-07-r1140,1150,1170.csv",,"02-07-r1140,1150,1170",1140,,"[1140, 1150, 1170]","[1140, 1150, 1170]","['R1140', 'R1150', 'R1170']",2026-07-02,2026-07-02 12:29:33+02:00,-100.0,-9.0,06792e51,24E124FFFEFE11C4,24E124C0002A0001,24E124445E318071,Class C,-,1845045296,UpCnf,false,false,false,1266,86,LORA,125,7,0,4/5,-9.0,-100,-,Q1VTVE9NTUVTU0FHRVRFU1RGT1JHUklEQUNUSVZBVElPTg==,435553544f4d4d45535341474554455354464f524752494441435449564154494f4e,"{""text"":""CUSTOMMESSAGETESTFORGRIDACTIVATION""}",c6796907,86.0,435553544f4d4d45535341474554455354464f524752494441435449564154494f4e,{'text': 'CUSTOMMESSAGETESTFORGRIDACTIVATION'},,CUSTOMMESSAGETESTFORGRIDACTIVATION,"['R1140', 'R1150', 'R1170']",R1140,"['R1140', 'R1150', 'R1170']","['2026-07-02_R1140_01', '2026-07-02_R1150_01', '2026-07-02_R1170_01']","['R1140', 'R1150', 'R1170']",True,2026-07-02,True,True,2026-07-02_R1170_01,2026-07-02,R1170,1,7,assigned_manual_window,True,0.0,False,7,-83.816,17.6,2026-07-02 12:28:00+02:00,2026-07-02 12:28:00+02:00,2026-07-02 12:30:10+02:00,False,False,2026-07-02 12:34:00+02:00,35,61,26,0,1219,1279,0.5737704918032787,0.4262295081967213,0.4262295081967213,group_7
24E124445E318071,24E124FFFEFE11C4,868500000,SF7BW125, -101/-9.0,34,1269,UpCnf,2026-07-02 10:29:44+00:00,"Dev Addr/Multicast Addr: 06792e51
GwEUI: 24E124FFFEFE11C4
AppEUI: 24E124C0002A0001
Device EUI/Group Name: 24E124445E318071
Class Type: Class C
Immediately: -
Timestamp: 1855682413
Type: UpCnf
Adr: false
AdrAcKReq: false
Ack: false
Fcnt: 1269
Port: 86
Modulation: LORA
Bandwidth: 125
SpreadFactor: 7
Bitrate: 0
CodeRate: 4/5
SNR: -9.0
RSSI: -101
Power: -
Payload(b64): Q1VTVE9NTUVTU0FHRVRFU1RGT1JHUklEQUNUSVZBVElPTg==
Payload(hex): 435553544f4d4d45535341474554455354464f524752494441435449564154494f4e
JSON: {""text"":""CUSTOMMESSAGETESTFORGRIDACTIVATION""}
MIC: c973ba50","02-07-r1140,1150,1170.csv",,"02-07-r1140,1150,1170",1140,,"[1140, 1150, 1170]","[1140, 1150, 1170]","['R1140', 'R1150', 'R1170']",2026-07-02,2026-07-02 12:29:44+02:00,-101.0,-9.0,06792e51,24E124FFFEFE11C4,24E124C0002A0001,24E124445E318071,Class C,-,1855682413,UpCnf,false,false,false,1269,86,LORA,125,7,0,4/5,-9.0,-101,-,Q1VTVE9NTUVTU0FHRVRFU1RGT1JHUklEQUNUSVZBVElPTg==,435553544f4d4d45535341474554455354464f524752494441435449564154494f4e,"{""text"":""CUSTOMMESSAGETESTFORGRIDACTIVATION""}",c973ba50,86.0,435553544f4d4d45535341474554455354464f524752494441435449564154494f4e,{'text': 'CUSTOMMESSAGETESTFORGRIDACTIVATION'},,CUSTOMMESSAGETESTFORGRIDACTIVATION,"['R1140', 'R1150', 'R1170']",R1140,"['R1140', 'R1150', 'R1170']","['2026-07-02_R1140_01', '2026-07-02_R1150_01', '2026-07-02_R1170_01']","['R1140', 'R1150', 'R1170']",True,2026-07-02,True,True,2026-07-02_R1170_01,2026-07-02,R1170,1,7,assigned_manual_window,True,0.0,False,7,-83.816,17.6,2026-07-02 12:28:00+02:00,2026-07-02 12:28:00+02:00,2026-07-02 12:30:10+02:00,False,False,2026-07-02 12:34:00+02:00,35,61,26,0,1219,1279,0.5737704918032787,0.4262295081967213,0.4262295081967213,group_7
24E124445E318071,24E124FFFEFE11C4,868500000,SF7BW125, -100/-7.0,34,1271,UpCnf,2026-07-02 10:29:47+00:00,"Dev Addr/Multicast Addr: 06792e51
GwEUI: 24E124FFFEFE11C4
AppEUI: 24E124C0002A0001
Device EUI/Group Name: 24E124445E318071
Class Type: Class C
Immediately: -
Timestamp: 1858896949
Type: UpCnf
Adr: false
AdrAcKReq: false
Ack: false
Fcnt: 1271
Port: 86
Modulation: LORA
Bandwidth: 125
SpreadFactor: 7
Bitrate: 0
CodeRate: 4/5
SNR: -7.0
RSSI: -100
Power: -
Payload(b64): Q1VTVE9NTUVTU0FHRVRFU1RGT1JHUklEQUNUSVZBVElPTg==
Payload(hex): 435553544f4d4d45535341474554455354464f524752494441435449564154494f4e
JSON: {""text"":""CUSTOMMESSAGETESTFORGRIDACTIVATION""}
MIC: 1205fba5","02-07-r1140,1150,1170.csv",,"02-07-r1140,1150,1170",1140,,"[1140, 1150, 1170]","[1140, 1150, 1170]","['R1140', 'R1150', 'R1170']",2026-07-02,2026-07-02 12:29:47+02:00,-100.0,-7.0,06792e51,24E124FFFEFE11C4,24E124C0002A0001,24E124445E318071,Class C,-,1858896949,UpCnf,false,false,false,1271,86,LORA,125,7,0,4/5,-7.0,-100,-,Q1VTVE9NTUVTU0FHRVRFU1RGT1JHUklEQUNUSVZBVElPTg==,435553544f4d4d45535341474554455354464f524752494441435449564154494f4e,"{""text"":""CUSTOMMESSAGETESTFORGRIDACTIVATION""}",1205fba5,86.0,435553544f4d4d45535341474554455354464f524752494441435449564154494f4e,{'text': 'CUSTOMMESSAGETESTFORGRIDACTIVATION'},,CUSTOMMESSAGETESTFORGRIDACTIVATION,"['R1140', 'R1150', 'R1170']",R1140,"['R1140', 'R1150', 'R1170']","['2026-07-02_R1140_01', '2026-07-02_R1150_01', '2026-07-02_R1170_01']","['R1140', 'R1150', 'R1170']",True,2026-07-02,True,True,2026-07-02_R1170_01,2026-07-02,R1170,1,7,assigned_manual_window,True,0.0,False,7,-83.816,17.6,2026-07-02 12:28:00+02:00,2026-07-02 12:28:00+02:00,2026-07-02 12:30:10+02:00,False,False,2026-07-02 12:34:00+02:00,35,61,26,0,1219,1279,0.5737704918032787,0.4262295081967213,0.4262295081967213,group_7
24E124445E318071,24E124FFFEFE11C4,868100000,SF7BW125, -105/-0.2,34,1272,UpCnf,2026-07-02 10:29:50+00:00,"Dev Addr/Multicast Addr: 06792e51
GwEUI: 24E124FFFEFE11C4
AppEUI: 24E124C0002A0001
Device EUI/Group Name: 24E124445E318071
Class Type: Class C
Immediately: -
Timestamp: 1861741379
Type: UpCnf
Adr: false
AdrAcKReq: false
Ack: false
Fcnt: 1272
Port: 86
Modulation: LORA
Bandwidth: 125
SpreadFactor: 7
Bitrate: 0
CodeRate: 4/5
SNR: -0.2
RSSI: -105
Power: -
Payload(b64): Q1VTVE9NTUVTU0FHRVRFU1RGT1JHUklEQUNUSVZBVElPTg==
Payload(hex): 435553544f4d4d45535341474554455354464f524752494441435449564154494f4e
JSON: {""text"":""CUSTOMMESSAGETESTFORGRIDACTIVATION""}
MIC: 5ff225e3","02-07-r1140,1150,1170.csv",,"02-07-r1140,1150,1170",1140,,"[1140, 1150, 1170]","[1140, 1150, 1170]","['R1140', 'R1150', 'R1170']",2026-07-02,2026-07-02 12:29:50+02:00,-105.0,-0.2,06792e51,24E124FFFEFE11C4,24E124C0002A0001,24E124445E318071,Class C,-,1861741379,UpCnf,false,false,false,1272,86,LORA,125,7,0,4/5,-0.2,-105,-,Q1VTVE9NTUVTU0FHRVRFU1RGT1JHUklEQUNUSVZBVElPTg==,435553544f4d4d45535341474554455354464f524752494441435449564154494f4e,"{""text"":""CUSTOMMESSAGETESTFORGRIDACTIVATION""}",5ff225e3,86.0,435553544f4d4d45535341474554455354464f524752494441435449564154494f4e,{'text': 'CUSTOMMESSAGETESTFORGRIDACTIVATION'},,CUSTOMMESSAGETESTFORGRIDACTIVATION,"['R1140', 'R1150', 'R1170']",R1140,"['R1140', 'R1150', 'R1170']","['2026-07-02_R1140_01', '2026-07-02_R1150_01', '2026-07-02_R1170_01']","['R1140', 'R1150', 'R1170']",True,2026-07-02,True,True,2026-07-02_R1170_01,2026-07-02,R1170,1,7,assigned_manual_window,True,0.0,False,7,-83.816,17.6,2026-07-02 12:28:00+02:00,2026-07-02 12:28:00+02:00,2026-07-02 12:30:10+02:00,False,False,2026-07-02 12:34:00+02:00,35,61,26,0,1219,1279,0.5737704918032787,0.4262295081967213,0.4262295081967213,group_7
24E124445E318071,24E124FFFEFE11C4,868500000,SF7BW125, -100/-4.0,34,1274,UpCnf,2026-07-02 10:29:53+00:00,"Dev Addr/Multicast Addr: 06792e51
GwEUI: 24E124FFFEFE11C4
AppEUI: 24E124C0002A0001
Device EUI/Group Name: 24E124445E318071
Class Type: Class C
Immediately: -
Timestamp: 1864834389
Type: UpCnf
Adr: false
AdrAcKReq: false
Ack: false
Fcnt: 1274
Port: 86
Modulation: LORA
Bandwidth: 125
SpreadFactor: 7
Bitrate: 0
CodeRate: 4/5
SNR: -4.0
RSSI: -100
Power: -
Payload(b64): Q1VTVE9NTUVTU0FHRVRFU1RGT1JHUklEQUNUSVZBVElPTg==
Payload(hex): 435553544f4d4d45535341474554455354464f524752494441435449564154494f4e
JSON: {""text"":""CUSTOMMESSAGETESTFORGRIDACTIVATION""}
MIC: 39d62fa8","02-07-r1140,1150,1170.csv",,"02-07-r1140,1150,1170",1140,,"[1140, 1150, 1170]","[1140, 1150, 1170]","['R1140', 'R1150', 'R1170']",2026-07-02,2026-07-02 12:29:53+02:00,-100.0,-4.0,06792e51,24E124FFFEFE11C4,24E124C0002A0001,24E124445E318071,Class C,-,1864834389,UpCnf,false,false,false,1274,86,LORA,125,7,0,4/5,-4.0,-100,-,Q1VTVE9NTUVTU0FHRVRFU1RGT1JHUklEQUNUSVZBVElPTg==,435553544f4d4d45535341474554455354464f524752494441435449564154494f4e,"{""text"":""CUSTOMMESSAGETESTFORGRIDACTIVATION""}",39d62fa8,86.0,435553544f4d4d45535341474554455354464f524752494441435449564154494f4e,{'text': 'CUSTOMMESSAGETESTFORGRIDACTIVATION'},,CUSTOMMESSAGETESTFORGRIDACTIVATION,"['R1140', 'R1150', 'R1170']",R1140,"['R1140', 'R1150', 'R1170']","['2026-07-02_R1140_01', '2026-07-02_R1150_01', '2026-07-02_R1170_01']","['R1140', 'R1150', 'R1170']",True,2026-07-02,True,True,2026-07-02_R1170_01,2026-07-02,R1170,1,7,assigned_manual_window,True,0.0,False,7,-83.816,17.6,2026-07-02 12:28:00+02:00,2026-07-02 12:28:00+02:00,2026-07-02 12:30:10+02:00,False,False,2026-07-02 12:34:00+02:00,35,61,26,0,1219,1279,0.5737704918032787,0.4262295081967213,0.4262295081967213,group_7
24E124445E318071,24E124FFFEFE11C4,868500000,SF7BW125, -101/-6.2,34,1275,UpCnf,2026-07-02 10:29:54+00:00,"Dev Addr/Multicast Addr: 06792e51
GwEUI: 24E124FFFEFE11C4
AppEUI: 24E124C0002A0001
Device EUI/Group Name: 24E124445E318071
Class Type: Class C
Immediately: -
Timestamp: 1866370391
Type: UpCnf
Adr: false
AdrAcKReq: false
Ack: false
Fcnt: 1275
Port: 86
Modulation: LORA
Bandwidth: 125
SpreadFactor: 7
Bitrate: 0
CodeRate: 4/5
SNR: -6.2
RSSI: -101
Power: -
Payload(b64): Q1VTVE9NTUVTU0FHRVRFU1RGT1JHUklEQUNUSVZBVElPTg==
Payload(hex): 435553544f4d4d45535341474554455354464f524752494441435449564154494f4e
JSON: {""text"":""CUSTOMMESSAGETESTFORGRIDACTIVATION""}
MIC: 1d649d6e","02-07-r1140,1150,1170.csv",,"02-07-r1140,1150,1170",1140,,"[1140, 1150, 1170]","[1140, 1150, 1170]","['R1140', 'R1150', 'R1170']",2026-07-02,2026-07-02 12:29:54+02:00,-101.0,-6.2,06792e51,24E124FFFEFE11C4,24E124C0002A0001,24E124445E318071,Class C,-,1866370391,UpCnf,false,false,false,1275,86,LORA,125,7,0,4/5,-6.2,-101,-,Q1VTVE9NTUVTU0FHRVRFU1RGT1JHUklEQUNUSVZBVElPTg==,435553544f4d4d45535341474554455354464f524752494441435449564154494f4e,"{""text"":""CUSTOMMESSAGETESTFORGRIDACTIVATION""}",1d649d6e,86.0,435553544f4d4d45535341474554455354464f524752494441435449564154494f4e,{'text': 'CUSTOMMESSAGETESTFORGRIDACTIVATION'},,CUSTOMMESSAGETESTFORGRIDACTIVATION,"['R1140', 'R1150', 'R1170']",R1140,"['R1140', 'R1150', 'R1170']","['2026-07-02_R1140_01', '2026-07-02_R1150_01', '2026-07-02_R1170_01']","['R1140', 'R1150', 'R1170']",True,2026-07-02,True,True,2026-07-02_R1170_01,2026-07-02,R1170,1,7,assigned_manual_window,True,0.0,False,7,-83.816,17.6,2026-07-02 12:28:00+02:00,2026-07-02 12:28:00+02:00,2026-07-02 12:30:10+02:00,False,False,2026-07-02 12:34:00+02:00,35,61,26,0,1219,1279,0.5737704918032787,0.4262295081967213,0.4262295081967213,group_7
24E124445E318071,24E124FFFEFE11C4,868300000,SF7BW125, -104/0.2,34,1276,UpCnf,2026-07-02 10:29:56+00:00,"Dev Addr/Multicast Addr: 06792e51
GwEUI: 24E124FFFEFE11C4
AppEUI: 24E124C0002A0001
Device EUI/Group Name: 24E124445E318071
Class Type: Class C
Immediately: -
Timestamp: 1867689881
Type: UpCnf
Adr: false
AdrAcKReq: false
Ack: false
Fcnt: 1276
Port: 86
Modulation: LORA
Bandwidth: 125
SpreadFactor: 7
Bitrate: 0
CodeRate: 4/5
SNR: 0.2
RSSI: -104
Power: -
Payload(b64): Q1VTVE9NTUVTU0FHRVRFU1RGT1JHUklEQUNUSVZBVElPTg==
Payload(hex): 435553544f4d4d45535341474554455354464f524752494441435449564154494f4e
JSON: {""text"":""CUSTOMMESSAGETESTFORGRIDACTIVATION""}
MIC: 0975e219","02-07-r1140,1150,1170.csv",,"02-07-r1140,1150,1170",1140,,"[1140, 1150, 1170]","[1140, 1150, 1170]","['R1140', 'R1150', 'R1170']",2026-07-02,2026-07-02 12:29:56+02:00,-104.0,0.2,06792e51,24E124FFFEFE11C4,24E124C0002A0001,24E124445E318071,Class C,-,1867689881,UpCnf,false,false,false,1276,86,LORA,125,7,0,4/5,0.2,-104,-,Q1VTVE9NTUVTU0FHRVRFU1RGT1JHUklEQUNUSVZBVElPTg==,435553544f4d4d45535341474554455354464f524752494441435449564154494f4e,"{""text"":""CUSTOMMESSAGETESTFORGRIDACTIVATION""}",0975e219,86.0,435553544f4d4d45535341474554455354464f524752494441435449564154494f4e,{'text': 'CUSTOMMESSAGETESTFORGRIDACTIVATION'},,CUSTOMMESSAGETESTFORGRIDACTIVATION,"['R1140', 'R1150', 'R1170']",R1140,"['R1140', 'R1150', 'R1170']","['2026-07-02_R1140_01', '2026-07-02_R1150_01', '2026-07-02_R1170_01']","['R1140', 'R1150', 'R1170']",True,2026-07-02,True,True,2026-07-02_R1170_01,2026-07-02,R1170,1,7,assigned_manual_window,True,0.0,False,7,-83.816,17.6,2026-07-02 12:28:00+02:00,2026-07-02 12:28:00+02:00,2026-07-02 12:30:10+02:00,False,False,2026-07-02 12:34:00+02:00,35,61,26,0,1219,1279,0.5737704918032787,0.4262295081967213,0.4262295081967213,group_7
24E124445E318071,24E124FFFEFE11C4,868300000,SF7BW125, -103/2.5,34,1277,UpCnf,2026-07-02 10:29:58+00:00,"Dev Addr/Multicast Addr: 06792e51
GwEUI: 24E124FFFEFE11C4
AppEUI: 24E124C0002A0001
Device EUI/Group Name: 24E124445E318071
Class Type: Class C
Immediately: -
Timestamp: 1869784890
Type: UpCnf
Adr: false
AdrAcKReq: false
Ack: false
Fcnt: 1277
Port: 86
Modulation: LORA
Bandwidth: 125
SpreadFactor: 7
Bitrate: 0
CodeRate: 4/5
SNR: 2.5
RSSI: -103
Power: -
Payload(b64): Q1VTVE9NTUVTU0FHRVRFU1RGT1JHUklEQUNUSVZBVElPTg==
Payload(hex): 435553544f4d4d45535341474554455354464f524752494441435449564154494f4e
JSON: {""text"":""CUSTOMMESSAGETESTFORGRIDACTIVATION""}
MIC: f1290e0c","02-07-r1140,1150,1170.csv",,"02-07-r1140,1150,1170",1140,,"[1140, 1150, 1170]","[1140, 1150, 1170]","['R1140', 'R1150', 'R1170']",2026-07-02,2026-07-02 12:29:58+02:00,-103.0,2.5,06792e51,24E124FFFEFE11C4,24E124C0002A0001,24E124445E318071,Class C,-,1869784890,UpCnf,false,false,false,1277,86,LORA,125,7,0,4/5,2.5,-103,-,Q1VTVE9NTUVTU0FHRVRFU1RGT1JHUklEQUNUSVZBVElPTg==,435553544f4d4d45535341474554455354464f524752494441435449564154494f4e,"{""text"":""CUSTOMMESSAGETESTFORGRIDACTIVATION""}",f1290e0c,86.0,435553544f4d4d45535341474554455354464f524752494441435449564154494f4e,{'text': 'CUSTOMMESSAGETESTFORGRIDACTIVATION'},,CUSTOMMESSAGETESTFORGRIDACTIVATION,"['R1140', 'R1150', 'R1170']",R1140,"['R1140', 'R1150', 'R1170']","['2026-07-02_R1140_01', '2026-07-02_R1150_01', '2026-07-02_R1170_01']","['R1140', 'R1150', 'R1170']",True,2026-07-02,True,True,2026-07-02_R1170_01,2026-07-02,R1170,1,7,assigned_manual_window,True,0.0,False,7,-83.816,17.6,2026-07-02 12:28:00+02:00,2026-07-02 12:28:00+02:00,2026-07-02 12:30:10+02:00,False,False,2026-07-02 12:34:00+02:00,35,61,26,0,1219,1279,0.5737704918032787,0.4262295081967213,0.4262295081967213,group_7
24E124445E318071,24E124FFFEFE11C4,868500000,SF7BW125, -99/-3.2,34,1278,UpCnf,2026-07-02 10:30:00+00:00,"Dev Addr/Multicast Addr: 06792e51
GwEUI: 24E124FFFEFE11C4
AppEUI: 24E124C0002A0001
Device EUI/Group Name: 24E124445E318071
Class Type: Class C
Immediately: -
Timestamp: 1871637355
Type: UpCnf
Adr: false
AdrAcKReq: false
Ack: false
Fcnt: 1278
Port: 86
Modulation: LORA
Bandwidth: 125
SpreadFactor: 7
Bitrate: 0
CodeRate: 4/5
SNR: -3.2
RSSI: -99
Power: -
Payload(b64): Q1VTVE9NTUVTU0FHRVRFU1RGT1JHUklEQUNUSVZBVElPTg==
Payload(hex): 435553544f4d4d45535341474554455354464f524752494441435449564154494f4e
JSON: {""text"":""CUSTOMMESSAGETESTFORGRIDACTIVATION""}
MIC: 92d748ae","02-07-r1140,1150,1170.csv",,"02-07-r1140,1150,1170",1140,,"[1140, 1150, 1170]","[1140, 1150, 1170]","['R1140', 'R1150', 'R1170']",2026-07-02,2026-07-02 12:30:00+02:00,-99.0,-3.2,06792e51,24E124FFFEFE11C4,24E124C0002A0001,24E124445E318071,Class C,-,1871637355,UpCnf,false,false,false,1278,86,LORA,125,7,0,4/5,-3.2,-99,-,Q1VTVE9NTUVTU0FHRVRFU1RGT1JHUklEQUNUSVZBVElPTg==,435553544f4d4d45535341474554455354464f524752494441435449564154494f4e,"{""text"":""CUSTOMMESSAGETESTFORGRIDACTIVATION""}",92d748ae,86.0,435553544f4d4d45535341474554455354464f524752494441435449564154494f4e,{'text': 'CUSTOMMESSAGETESTFORGRIDACTIVATION'},,CUSTOMMESSAGETESTFORGRIDACTIVATION,"['R1140', 'R1150', 'R1170']",R1140,"['R1140', 'R1150', 'R1170']","['2026-07-02_R1140_01', '2026-07-02_R1150_01', '2026-07-02_R1170_01']","['R1140', 'R1150', 'R1170']",True,2026-07-02,True,True,2026-07-02_R1170_01,2026-07-02,R1170,1,7,assigned_manual_window,True,0.0,False,7,-83.816,17.6,2026-07-02 12:28:00+02:00,2026-07-02 12:28:00+02:00,2026-07-02 12:30:10+02:00,False,False,2026-07-02 12:34:00+02:00,35,61,26,0,1219,1279,0.5737704918032787,0.4262295081967213,0.4262295081967213,group_7
24E124445E318071,24E124FFFEFE11C4,868100000,SF7BW125, -91/11.5,34,1279,UpCnf,2026-07-02 10:30:01+00:00,"Dev Addr/Multicast Addr: 06792e51
GwEUI: 24E124FFFEFE11C4
AppEUI: 24E124C0002A0001
Device EUI/Group Name: 24E124445E318071
Class Type: Class C
Immediately: -
Timestamp: 1873068364
Type: UpCnf
Adr: false
AdrAcKReq: false
Ack: false
Fcnt: 1279
Port: 86
Modulation: LORA
Bandwidth: 125
SpreadFactor: 7
Bitrate: 0
CodeRate: 4/5
SNR: 11.5
RSSI: -91
Power: -
Payload(b64): Q1VTVE9NTUVTU0FHRVRFU1RGT1JHUklEQUNUSVZBVElPTg==
Payload(hex): 435553544f4d4d45535341474554455354464f524752494441435449564154494f4e
JSON: {""text"":""CUSTOMMESSAGETESTFORGRIDACTIVATION""}
MIC: 2784f5f5","02-07-r1140,1150,1170.csv",,"02-07-r1140,1150,1170",1140,,"[1140, 1150, 1170]","[1140, 1150, 1170]","['R1140', 'R1150', 'R1170']",2026-07-02,2026-07-02 12:30:01+02:00,-91.0,11.5,06792e51,24E124FFFEFE11C4,24E124C0002A0001,24E124445E318071,Class C,-,1873068364,UpCnf,false,false,false,1279,86,LORA,125,7,0,4/5,11.5,-91,-,Q1VTVE9NTUVTU0FHRVRFU1RGT1JHUklEQUNUSVZBVElPTg==,435553544f4d4d45535341474554455354464f524752494441435449564154494f4e,"{""text"":""CUSTOMMESSAGETESTFORGRIDACTIVATION""}",2784f5f5,86.0,435553544f4d4d45535341474554455354464f524752494441435449564154494f4e,{'text': 'CUSTOMMESSAGETESTFORGRIDACTIVATION'},,CUSTOMMESSAGETESTFORGRIDACTIVATION,"['R1140', 'R1150', 'R1170']",R1140,"['R1140', 'R1150', 'R1170']","['2026-07-02_R1140_01', '2026-07-02_R1150_01', '2026-07-02_R1170_01']","['R1140', 'R1150', 'R1170']",True,2026-07-02,True,True,2026-07-02_R1170_01,2026-07-02,R1170,1,7,assigned_manual_window,True,0.0,False,7,-83.816,17.6,2026-07-02 12:28:00+02:00,2026-07-02 12:28:00+02:00,2026-07-02 12:30:10+02:00,False,False,2026-07-02 12:34:00+02:00,35,61,26,0,1219,1279,0.5737704918032787,0.4262295081967213,0.4262295081967213,group_7
24E124445E318071,24E124FFFEFE11C4,868100000,SF7BW125, -108/-9.5,34,1816,UpCnf,2026-07-02 12:19:56+00:00,"Dev Addr/Multicast Addr: 06792e51
GwEUI: 24E124FFFEFE11C4
AppEUI: 24E124C0002A0001
Device EUI/Group Name: 24E124445E318071
Class Type: Class C
Immediately: -
Timestamp: 4172675967
Type: UpCnf
Adr: false
AdrAcKReq: false
Ack: false
Fcnt: 1816
Port: 86
Modulation: LORA
Bandwidth: 125
SpreadFactor: 7
Bitrate: 0
CodeRate: 4/5
SNR: -9.5
RSSI: -108
Power: -
Payload(b64): Q1VTVE9NTUVTU0FHRVRFU1RGT1JHUklEQUNUSVZBVElPTg==
Payload(hex): 435553544f4d4d45535341474554455354464f524752494441435449564154494f4e
JSON: {""text"":""CUSTOMMESSAGETESTFORGRIDACTIVATION""}
MIC: e88b716d",02-07_1420_1433_1441.csv,,02-07_1420_1433_1441,1420,,"[1420, 1433, 1441]","[1420, 1433, 1441]","['R1420', 'R1433', 'R1441']",2026-07-02,2026-07-02 14:19:56+02:00,-108.0,-9.5,06792e51,24E124FFFEFE11C4,24E124C0002A0001,24E124445E318071,Class C,-,4172675967,UpCnf,false,false,false,1816,86,LORA,125,7,0,4/5,-9.5,-108,-,Q1VTVE9NTUVTU0FHRVRFU1RGT1JHUklEQUNUSVZBVElPTg==,435553544f4d4d45535341474554455354464f524752494441435449564154494f4e,"{""text"":""CUSTOMMESSAGETESTFORGRIDACTIVATION""}",e88b716d,86.0,435553544f4d4d45535341474554455354464f524752494441435449564154494f4e,{'text': 'CUSTOMMESSAGETESTFORGRIDACTIVATION'},,CUSTOMMESSAGETESTFORGRIDACTIVATION,"['R1420', 'R1433', 'R1441']",R1420,"['R1420', 'R1433', 'R1441']","['2026-07-02_R1420_01', '2026-07-02_R1433_01', '2026-07-02_R1441_01']","['R1420', 'R1433', 'R1441']",True,2026-07-02,True,True,2026-07-02_R1420_01,2026-07-02,R1420,1,7,assigned_manual_window,True,0.0,False,7,83.816,75.5,2026-07-02 14:19:10+02:00,2026-07-02 14:19:10+02:00,2026-07-02 14:21:50+02:00,False,False,2026-07-02 14:25:31+02:00,4,16,12,0,1816,1831,0.25,0.75,0.75,group_7
24E124445E318071,24E124FFFEFE11C4,868300000,SF7BW125, -100/2.0,34,1829,UpCnf,2026-07-02 12:21:38+00:00,"Dev Addr/Multicast Addr: 06792e51
GwEUI: 24E124FFFEFE11C4
AppEUI: 24E124C0002A0001
Device EUI/Group Name: 24E124445E318071
Class Type: Class C
Immediately: -
Timestamp: 4274958871
Type: UpCnf
Adr: false
AdrAcKReq: false
Ack: false
Fcnt: 1829
Port: 86
Modulation: LORA
Bandwidth: 125
SpreadFactor: 7
Bitrate: 0
CodeRate: 4/5
SNR: 2.0
RSSI: -100
Power: -
Payload(b64): Q1VTVE9NTUVTU0FHRVRFU1RGT1JHUklEQUNUSVZBVElPTg==
Payload(hex): 435553544f4d4d45535341474554455354464f524752494441435449564154494f4e
JSON: {""text"":""CUSTOMMESSAGETESTFORGRIDACTIVATION""}
MIC: 46f81c17",02-07_1420_1433_1441.csv,,02-07_1420_1433_1441,1420,,"[1420, 1433, 1441]","[1420, 1433, 1441]","['R1420', 'R1433', 'R1441']",2026-07-02,2026-07-02 14:21:38+02:00,-100.0,2.0,06792e51,24E124FFFEFE11C4,24E124C0002A0001,24E124445E318071,Class C,-,4274958871,UpCnf,false,false,false,1829,86,LORA,125,7,0,4/5,2.0,-100,-,Q1VTVE9NTUVTU0FHRVRFU1RGT1JHUklEQUNUSVZBVElPTg==,435553544f4d4d45535341474554455354464f524752494441435449564154494f4e,"{""text"":""CUSTOMMESSAGETESTFORGRIDACTIVATION""}",46f81c17,86.0,435553544f4d4d45535341474554455354464f524752494441435449564154494f4e,{'text': 'CUSTOMMESSAGETESTFORGRIDACTIVATION'},,CUSTOMMESSAGETESTFORGRIDACTIVATION,"['R1420', 'R1433', 'R1441']",R1420,"['R1420', 'R1433', 'R1441']","['2026-07-02_R1420_01', '2026-07-02_R1433_01', '2026-07-02_R1441_01']","['R1420', 'R1433', 'R1441']",True,2026-07-02,True,True,2026-07-02_R1420_01,2026-07-02,R1420,1,7,assigned_manual_window,True,0.0,False,7,83.816,75.5,2026-07-02 14:19:10+02:00,2026-07-02 14:19:10+02:00,2026-07-02 14:21:50+02:00,False,False,2026-07-02 14:25:31+02:00,4,16,12,0,1816,1831,0.25,0.75,0.75,group_7
24E124445E318071,24E124FFFEFE11C4,868300000,SF7BW125, -107/-8.2,34,1830,UpCnf,2026-07-02 12:21:39+00:00,"Dev Addr/Multicast Addr: 06792e51
GwEUI: 24E124FFFEFE11C4
AppEUI: 24E124C0002A0001
Device EUI/Group Name: 24E124445E318071
Class Type: Class C
Immediately: -
Timestamp: 4276326823
Type: UpCnf
Adr: false
AdrAcKReq: false
Ack: false
Fcnt: 1830
Port: 86
Modulation: LORA
Bandwidth: 125
SpreadFactor: 7
Bitrate: 0
CodeRate: 4/5
SNR: -8.2
RSSI: -107
Power: -
Payload(b64): Q1VTVE9NTUVTU0FHRVRFU1RGT1JHUklEQUNUSVZBVElPTg==
Payload(hex): 435553544f4d4d45535341474554455354464f524752494441435449564154494f4e
JSON: {""text"":""CUSTOMMESSAGETESTFORGRIDACTIVATION""}
MIC: cc09d985",02-07_1420_1433_1441.csv,,02-07_1420_1433_1441,1420,,"[1420, 1433, 1441]","[1420, 1433, 1441]","['R1420', 'R1433', 'R1441']",2026-07-02,2026-07-02 14:21:39+02:00,-107.0,-8.2,06792e51,24E124FFFEFE11C4,24E124C0002A0001,24E124445E318071,Class C,-,4276326823,UpCnf,false,false,false,1830,86,LORA,125,7,0,4/5,-8.2,-107,-,Q1VTVE9NTUVTU0FHRVRFU1RGT1JHUklEQUNUSVZBVElPTg==,435553544f4d4d45535341474554455354464f524752494441435449564154494f4e,"{""text"":""CUSTOMMESSAGETESTFORGRIDACTIVATION""}",cc09d985,86.0,435553544f4d4d45535341474554455354464f524752494441435449564154494f4e,{'text': 'CUSTOMMESSAGETESTFORGRIDACTIVATION'},,CUSTOMMESSAGETESTFORGRIDACTIVATION,"['R1420', 'R1433', 'R1441']",R1420,"['R1420', 'R1433', 'R1441']","['2026-07-02_R1420_01', '2026-07-02_R1433_01', '2026-07-02_R1441_01']","['R1420', 'R1433', 'R1441']",True,2026-07-02,True,True,2026-07-02_R1420_01,2026-07-02,R1420,1,7,assigned_manual_window,True,0.0,False,7,83.816,75.5,2026-07-02 14:19:10+02:00,2026-07-02 14:19:10+02:00,2026-07-02 14:21:50+02:00,False,False,2026-07-02 14:25:31+02:00,4,16,12,0,1816,1831,0.25,0.75,0.75,group_7
24E124445E318071,24E124FFFEFE11C4,868100000,SF7BW125, -106/-5.0,34,1831,UpCnf,2026-07-02 12:21:44+00:00,"Dev Addr/Multicast Addr: 06792e51
GwEUI: 24E124FFFEFE11C4
AppEUI: 24E124C0002A0001
Device EUI/Group Name: 24E124445E318071
Class Type: Class C
Immediately: -
Timestamp: 4280967886
Type: UpCnf
Adr: false
AdrAcKReq: false
Ack: false
Fcnt: 1831
Port: 86
Modulation: LORA
Bandwidth: 125
SpreadFactor: 7
Bitrate: 0
CodeRate: 4/5
SNR: -5.0
RSSI: -106
Power: -
Payload(b64): Q1VTVE9NTUVTU0FHRVRFU1RGT1JHUklEQUNUSVZBVElPTg==
Payload(hex): 435553544f4d4d45535341474554455354464f524752494441435449564154494f4e
JSON: {""text"":""CUSTOMMESSAGETESTFORGRIDACTIVATION""}
MIC: 84b71112",02-07_1420_1433_1441.csv,,02-07_1420_1433_1441,1420,,"[1420, 1433, 1441]","[1420, 1433, 1441]","['R1420', 'R1433', 'R1441']",2026-07-02,2026-07-02 14:21:44+02:00,-106.0,-5.0,06792e51,24E124FFFEFE11C4,24E124C0002A0001,24E124445E318071,Class C,-,4280967886,UpCnf,false,false,false,1831,86,LORA,125,7,0,4/5,-5.0,-106,-,Q1VTVE9NTUVTU0FHRVRFU1RGT1JHUklEQUNUSVZBVElPTg==,435553544f4d4d45535341474554455354464f524752494441435449564154494f4e,"{""text"":""CUSTOMMESSAGETESTFORGRIDACTIVATION""}",84b71112,86.0,435553544f4d4d45535341474554455354464f524752494441435449564154494f4e,{'text': 'CUSTOMMESSAGETESTFORGRIDACTIVATION'},,CUSTOMMESSAGETESTFORGRIDACTIVATION,"['R1420', 'R1433', 'R1441']",R1420,"['R1420', 'R1433', 'R1441']","['2026-07-02_R1420_01', '2026-07-02_R1433_01', '2026-07-02_R1441_01']","['R1420', 'R1433', 'R1441']",True,2026-07-02,True,True,2026-07-02_R1420_01,2026-07-02,R1420,1,7,assigned_manual_window,True,0.0,False,7,83.816,75.5,2026-07-02 14:19:10+02:00,2026-07-02 14:19:10+02:00,2026-07-02 14:21:50+02:00,False,False,2026-07-02 14:25:31+02:00,4,16,12,0,1816,1831,0.25,0.75,0.75,group_7
24E124445E318071,24E124FFFEFE11C4,868500000,SF7BW125, -101/-11.5,34,2001,UpCnf,2026-07-02 12:34:35+00:00,"Dev Addr/Multicast Addr: 06792e51
GwEUI: 24E124FFFEFE11C4
AppEUI: 24E124C0002A0001
Device EUI/Group Name: 24E124445E318071
Class Type: Class C
Immediately: -
Timestamp: 757287756
Type: UpCnf
Adr: false
AdrAcKReq: false
Ack: false
Fcnt: 2001
Port: 86
Modulation: LORA
Bandwidth: 125
SpreadFactor: 7
Bitrate: 0
CodeRate: 4/5
SNR: -11.5
RSSI: -101
Power: -
Payload(b64): Q1VTVE9NTUVTU0FHRVRFU1RGT1JHUklEQUNUSVZBVElPTg==
Payload(hex): 435553544f4d4d45535341474554455354464f524752494441435449564154494f4e
JSON: {""text"":""CUSTOMMESSAGETESTFORGRIDACTIVATION""}
MIC: fdc3482e",02-07_1420_1433_1441.csv,,02-07_1420_1433_1441,1420,,"[1420, 1433, 1441]","[1420, 1433, 1441]","['R1420', 'R1433', 'R1441']",2026-07-02,2026-07-02 14:34:35+02:00,-101.0,-11.5,06792e51,24E124FFFEFE11C4,24E124C0002A0001,24E124445E318071,Class C,-,757287756,UpCnf,false,false,false,2001,86,LORA,125,7,0,4/5,-11.5,-101,-,Q1VTVE9NTUVTU0FHRVRFU1RGT1JHUklEQUNUSVZBVElPTg==,435553544f4d4d45535341474554455354464f524752494441435449564154494f4e,"{""text"":""CUSTOMMESSAGETESTFORGRIDACTIVATION""}",fdc3482e,86.0,435553544f4d4d45535341474554455354464f524752494441435449564154494f4e,{'text': 'CUSTOMMESSAGETESTFORGRIDACTIVATION'},,CUSTOMMESSAGETESTFORGRIDACTIVATION,"['R1420', 'R1433', 'R1441']",R1420,"['R1420', 'R1433', 'R1441']","['2026-07-02_R1420_01', '2026-07-02_R1433_01', '2026-07-02_R1441_01']","['R1420', 'R1433', 'R1441']",True,2026-07-02,True,True,2026-07-02_R1433_01,2026-07-02,R1433,1,7,assigned_manual_window,True,0.0,False,7,83.816,89.80000000000001,2026-07-02 14:32:43+02:00,2026-07-02 14:32:43+02:00,2026-07-02 14:34:45+02:00,False,False,2026-07-02 14:38:30+02:00,1,1,0,0,2001,2001,1.0,0.0,0.0,group_7
